code;nom;latitude;longitude;region;statut;zone_hta;zone_complete
ABBA5;ABBAYE;45.91030179475;6.70605661564255;AUVERGNE-RHôNE-ALPES;Disponible;Poste pas concernée par des contraintes locales de réseau;Poste pas concernée par des contraintes locales de réseau
ABBEN;ABBENANS;47.5059155009529;6.46434318120508;BOURGOGNE-FRANCHE-COMTé;Disponible;Poste pas concernée par des contraintes locales de réseau;Poste pas concernée par des contraintes locales de réseau
ABBEV;ABBEVILLE;50.0936058881556;1.82805069876035;HAUTS-DE-FRANCE;Disponible;Poste pas concernée par des contraintes locales de réseau;Poste pas concernée par des contraintes locales de réseau
ABOND;ABONDANCE;46.2931402711814;6.76258937060624;AUVERGNE-RHôNE-ALPES;Disponible;Poste en zones de soutirage HTA;Poste en zones de soutirage HTA et HTB
ACHIE;ACHIET;50.1387780314936;2.78187956999874;HAUTS-DE-FRANCE;Disponible;Poste pas concernée par des contraintes locales de réseau;Poste pas concernée par des contraintes locales de réseau
A.LIG;ACHILLE LIGNON;45.7850072522787;4.86066342761877;AUVERGNE-RHôNE-ALPES;Disponible;Poste en zones de soutirage HTA;Poste en zones de soutirage HTA et HTB
ADELS;ADELSBERG;49.0091271882019;7.03248488264883;GRAND EST;Disponible;Poste pas concernée par des contraintes locales de réseau;Poste pas concernée par des contraintes locales de réseau
ADRIE;ADRIERS;46.2256599677248;0.770675065365608;NOUVELLE-AQUITAINE;En construction (déduit selon data Capareseau);Poste pas concernée par des contraintes locales de réseau;Poste pas concernée par des contraintes locales de réseau
AGNEA;AGNEAUX;49.1125132644747;-1.12264425005276;NORMANDIE;Disponible;Poste en zones de soutirage HTA;Poste en zones de soutirage HTA et HTB
AGUES;AGUESSAC;44.1493813719198;3.09888622080173;OCCITANIE;Disponible;Poste pas concernée par des contraintes locales de réseau;Poste en zones d'injection photovoltaïque HTB
AICIR;AICIRITS;43.3450041156615;-1.01977494922902;NOUVELLE-AQUITAINE;Disponible;Poste pas concernée par des contraintes locales de réseau;Poste pas concernée par des contraintes locales de réseau
AIGRE;AIGRE;45.8873612659868;0.00164286214604672;NOUVELLE-AQUITAINE;Disponible;Poste pas concernée par des contraintes locales de réseau;Poste pas concernée par des contraintes locales de réseau
AIGU5;AIGUEBELLE;45.5350172286313;6.31267385882799;AUVERGNE-RHôNE-ALPES;Disponible;Poste pas concernée par des contraintes locales de réseau;Poste pas concernée par des contraintes locales de réseau
AIGUE;AIGUEBELLE;45.5262464641993;6.31486116875308;AUVERGNE-RHôNE-ALPES;Disponible;Poste pas concernée par des contraintes locales de réseau;Poste pas concernée par des contraintes locales de réseau
AIGU6;AIGUEPERSE;46.0259348559763;3.19730237100651;AUVERGNE-RHôNE-ALPES;Disponible;Poste en zones de soutirage HTA;Poste en zones de soutirage HTA et HTB
A.MOR;AIGUES-MORTES;43.5660873320674;4.19788517093906;OCCITANIE;Disponible;Poste en zones de soutirage HTA;Poste en zones de soutirage HTA et HTB
AIGUR;AIGURANDE;46.4502317329803;1.82633255088611;CENTRE-VAL DE LOIRE;Saturé;Poste en zones d'injection photovoltaïque HTA;Poste en zones d'injection photovoltaïque HTA et HTB
AILLA;AILLAS;44.5145182170272;-0.0516238058647804;NOUVELLE-AQUITAINE;Disponible;Poste pas concernée par des contraintes locales de réseau;Poste pas concernée par des contraintes locales de réseau
AILLE;AILLEVILLE;48.2488107756211;4.68922259336606;GRAND EST;Disponible;Poste en zones d'injection photovoltaïque HTA;Poste en zones d'injection photovoltaïque HTA et HTB
AIME;AIME;45.5527144878051;6.65967174893703;AUVERGNE-RHôNE-ALPES;Disponible;Poste en zones de soutirage HTA;Poste en zones de soutirage HTA et HTB
AIRAI;AIRAINES;49.9592763002185;1.95589946422626;HAUTS-DE-FRANCE;Disponible;Poste pas concernée par des contraintes locales de réseau;Poste pas concernée par des contraintes locales de réseau
AIRE;AIRE;50.6443190612966;2.39602170890532;HAUTS-DE-FRANCE;Disponible;Poste pas concernée par des contraintes locales de réseau;Poste pas concernée par des contraintes locales de réseau
ADOUR;AIRE SUR ADOUR 2;43.7439856546993;-0.276465960730588;NOUVELLE-AQUITAINE;Disponible;Poste pas concernée par des contraintes locales de réseau;Poste pas concernée par des contraintes locales de réseau
A.ADO;AIRE-SUR-ADOUR;43.7068197648551;-0.261998710802912;NOUVELLE-AQUITAINE;Disponible;Poste pas concernée par des contraintes locales de réseau;Poste pas concernée par des contraintes locales de réseau
AIVDT;AIRVAUDAIS ET VAL DU THOUET;46.8279377596683;-0.206763933318514;NOUVELLE-AQUITAINE;En construction (déduit selon data Capareseau);Poste pas concernée par des contraintes locales de réseau;Poste pas concernée par des contraintes locales de réseau
AIRV2;AIRVAULT;46.8237187575753;-0.125177676842228;NOUVELLE-AQUITAINE;Disponible;Poste pas concernée par des contraintes locales de réseau;Poste en zones d'injection photovoltaïque HTB
AIRVA;AIRVAULT;46.8267322409085;-0.12503645199774;NOUVELLE-AQUITAINE;Disponible;Poste pas concernée par des contraintes locales de réseau;Poste en zones d'injection photovoltaïque HTB
AIX;AIX;43.5322849334192;5.45515520252866;PROVENCE-ALPES-CôTE D’AZUR;Disponible;Poste en zones de soutirage HTA;Poste en zones de soutirage HTA et HTB
A.MOU;AIX MOURET;43.520007306418;5.43516863940886;PROVENCE-ALPES-CôTE D’AZUR;Disponible;Poste en zones de soutirage HTA;Poste en zones de soutirage HTA et HTB
A.OTH;AIX-EN-OTHE;48.2340182406437;3.72291771026495;GRAND EST;Disponible;Poste pas concernée par des contraintes locales de réseau;Poste pas concernée par des contraintes locales de réseau
A.BAI;AIX-LES-BAINS;45.6944289276049;5.91244908723541;AUVERGNE-RHôNE-ALPES;Disponible;Poste en zones de soutirage HTA;Poste en zones de soutirage HTA et HTB
ALBE5;ALBERT;50.0047097046929;2.6346593341563;HAUTS-DE-FRANCE;Disponible;Poste pas concernée par des contraintes locales de réseau;Poste pas concernée par des contraintes locales de réseau
ALBER;ALBERTVILLE;45.6618036700801;6.41785996672092;AUVERGNE-RHôNE-ALPES;Disponible;Poste pas concernée par des contraintes locales de réseau;Poste en zones de soutirage HTB
ALBIO;ALBION;44.0674418797331;5.48583667599711;PROVENCE-ALPES-CôTE D’AZUR;En construction (déduit selon data Capareseau);Poste pas concernée par des contraintes locales de réseau;Poste pas concernée par des contraintes locales de réseau
ALENC;ALENCON;48.432480105025;0.0572628948920723;NORMANDIE;Disponible;Poste en zones de soutirage HTA;Poste en zones de soutirage HTA et HTB
ALERI;ALERIE;49.296150848723;-1.27113950653643;NORMANDIE;Disponible;Poste en zones de soutirage HTA;Poste en zones de soutirage HTA et HTB
ALESI;ALESIA;48.8257968268425;2.33623009805243;ÎLE-DE-FRANCE;Disponible;Poste en zones de soutirage HTA;Poste en zones de soutirage HTA et HTB
ALGER;ALGER;49.089859712284;6.1214607419046;GRAND EST;Disponible;Poste pas concernée par des contraintes locales de réseau;Poste pas concernée par des contraintes locales de réseau
ALLAI;ALLAIRE;47.6509818164482;-2.21665809635116;BRETAGNE;Disponible;Poste en zones de soutirage HTA;Poste en zones de soutirage HTA et HTB
ALLEM;ALLEMENT;46.1118668818635;5.42224940204371;AUVERGNE-RHôNE-ALPES;Disponible;Poste pas concernée par des contraintes locales de réseau;Poste pas concernée par des contraintes locales de réseau
ALLEU;ALLEUX;49.6647766958944;1.93513249888831;HAUTS-DE-FRANCE;Disponible;Poste pas concernée par des contraintes locales de réseau;Poste pas concernée par des contraintes locales de réseau
ALLIE;ALLIERES;46.0296132400411;4.49698187035897;AUVERGNE-RHôNE-ALPES;Disponible;Poste en zones de soutirage HTA;Poste en zones de soutirage HTA et HTB
ALLIN;ALLINGES;46.3303754656039;6.47933715808621;AUVERGNE-RHôNE-ALPES;Disponible;Poste pas concernée par des contraintes locales de réseau;Poste en zones de soutirage HTB
ALMA;ALMA;48.8649165862414;2.30412830733026;ÎLE-DE-FRANCE;Disponible;Poste en zones de soutirage HTA;Poste en zones de soutirage HTA et HTB
ALOUE;ALOUETTES(LES);48.8563916319021;2.49416284211348;ÎLE-DE-FRANCE;Disponible;Poste en zones de soutirage HTA;Poste en zones de soutirage HTA et HTB
A.HUE;ALPE-D HUEZ;45.0872361991983;6.07178100522679;AUVERGNE-RHôNE-ALPES;Disponible;Poste en zones de soutirage HTA;Poste en zones de soutirage HTA et HTB
ALSAC;ALSACE;48.8908310985018;2.24834397165797;ÎLE-DE-FRANCE;Disponible;Poste en zones de soutirage HTA;Poste en zones de soutirage HTA et HTB
ALTEN;ALTENSTADT;49.0115250970056;7.97134054680994;GRAND EST;Disponible;Poste pas concernée par des contraintes locales de réseau;Poste pas concernée par des contraintes locales de réseau
ALTKI;ALTKIRCH;47.6274011098428;7.22502064760084;GRAND EST;Disponible;Poste pas concernée par des contraintes locales de réseau;Poste pas concernée par des contraintes locales de réseau
ALTOR;ALTORF;48.5393639708493;7.56653602305281;GRAND EST;Disponible;Poste pas concernée par des contraintes locales de réseau;Poste pas concernée par des contraintes locales de réseau
AMANV;AMANVILLERS;49.1700342369151;6.05027504721931;GRAND EST;Disponible;Poste pas concernée par des contraintes locales de réseau;Poste pas concernée par des contraintes locales de réseau
AMARG;AMARGUE;49.8579691636271;2.25371131871724;HAUTS-DE-FRANCE;Disponible;Poste pas concernée par des contraintes locales de réseau;Poste pas concernée par des contraintes locales de réseau
AMARI;AMARIN;47.8731458102839;7.0249254250932;GRAND EST;Disponible;Poste en zones de soutirage HTA;Poste en zones de soutirage HTA et HTB
AMBER;AMBERIEU;45.956575046435;5.3289488639634;AUVERGNE-RHôNE-ALPES;Disponible;Poste en zones de soutirage HTA;Poste en zones de soutirage HTA et HTB
AMBE5;AMBERT;45.5738478573269;3.74654578848563;AUVERGNE-RHôNE-ALPES;Disponible;Poste en zones de soutirage HTA;Poste en zones de soutirage HTA et HTB
AMBON;AMBON;47.5455133429016;-2.5218272365158;BRETAGNE;Disponible;Poste en zones de soutirage HTA;Poste en zones de soutirage HTA et HTB
AMELE;AMELECOURT (CHATEAU-SALINS);48.8305027354516;6.49604848663959;GRAND EST;Disponible;Poste pas concernée par des contraintes locales de réseau;Poste pas concernée par des contraintes locales de réseau
AMELO;AMELOT (AEROPORT PARIS NORD);49.0483362657129;2.53938386453867;ÎLE-DE-FRANCE;Disponible;Poste en zones de soutirage HTA;Poste en zones de soutirage HTA et HTB
AMIEN;AMIENS;49.9116102492058;2.29362085023319;HAUTS-DE-FRANCE;Disponible;Poste pas concernée par des contraintes locales de réseau;Poste pas concernée par des contraintes locales de réseau
AMILL;AMILLY;47.9689075545725;2.79001586382037;CENTRE-VAL DE LOIRE;Disponible;Poste en zones d'injection photovoltaïque HTA;Poste en zones d'injection photovoltaïque HTA et HTB
AMNEV;AMNEVILLE;49.2654834872353;6.1444200772739;GRAND EST;Disponible;Poste pas concernée par des contraintes locales de réseau;Poste en zones de soutirage HTB
AMPE5;AMPERE;45.9874666564717;4.72999765376124;AUVERGNE-RHôNE-ALPES;Disponible;Poste en zones de soutirage HTA;Poste en zones de soutirage HTA et HTB
AMPER;AMPERE;48.9220242738287;2.33591014008038;ÎLE-DE-FRANCE;Disponible;Poste en zones de soutirage HTA;Poste en zones de soutirage HTA et HTB
AMPLE;AMPLEPUIS;45.9793414676503;4.31852937038545;AUVERGNE-RHôNE-ALPES;Disponible;Poste en zones de soutirage HTA;Poste en zones de soutirage HTA et HTB
AMPUI;AMPUIS;45.4981354258216;4.82489369556248;AUVERGNE-RHôNE-ALPES;Disponible;Poste pas concernée par des contraintes locales de réseau;Poste pas concernée par des contraintes locales de réseau
ANCEL;ANCELPONT;44.8216400520658;3.63536218231321;OCCITANIE;Disponible;Poste en zones d'injection photovoltaïque HTA;Poste en zones d'injection photovoltaïque HTA et HTB
ANCEN;ANCENIS;47.3776580099879;-1.17984237161047;PAYS DE LA LOIRE;Disponible;Poste en zones d'injection photovoltaïque HTA;Poste en zones d'injection photovoltaïque HTA
ANCER;ANCERVILLE;49.0461083800835;6.40775748300082;GRAND EST;Disponible;Poste pas concernée par des contraintes locales de réseau;Poste en zones de soutirage HTB
A.VOU;ANCHE-VOULON;46.3490426039604;0.249903985194085;NOUVELLE-AQUITAINE;Disponible;Poste pas concernée par des contraintes locales de réseau;Poste pas concernée par des contraintes locales de réseau
ANDUZ;ANDUZE;44.0415965348261;3.98514351126486;OCCITANIE;Disponible;Poste en zones de soutirage HTA;Poste en zones de soutirage HTA et HTB
ANGEL;ANGELIQUE;47.7335526568117;1.95667784962038;CENTRE-VAL DE LOIRE;Disponible;Poste en zones de soutirage HTA;Poste en zones de soutirage HTA et HTB
ANGER;ANGERS;47.4809812298382;-0.549523196586316;PAYS DE LA LOIRE;Disponible;Poste en zones de soutirage HTA;Poste en zones de soutirage HTA et HTB
ANGRE;ANGRESSE;43.6583981045617;-1.37368450814259;NOUVELLE-AQUITAINE;Disponible;Poste en zones de soutirage HTA;Poste en zones de soutirage HTA et HTB
ANNA;ANNA;47.7988942729979;7.32579460987422;GRAND EST;Disponible;Poste en zones de soutirage HTA;Poste en zones de soutirage HTA et HTB
ANNAY;ANNAY;47.7330392829877;3.9630198381167;BOURGOGNE-FRANCHE-COMTé;Saturé;Poste en zones d'injection photovoltaïque HTA;Poste en zones d'injection photovoltaïque HTA et HTB
ANNEM;ANNEMASSE;46.1836371584055;6.23304448027673;AUVERGNE-RHôNE-ALPES;Disponible;Poste en zones de soutirage HTA;Poste en zones de soutirage HTA et HTB
ANNEY;ANNEYRON;45.2690600766597;4.85867140709432;AUVERGNE-RHôNE-ALPES;Disponible;Poste en zones de soutirage HTA;Poste en zones de soutirage HTA et HTB
ANOUL;ANOULD;48.1846467059089;6.96040340895026;GRAND EST;Disponible;Poste en zones de soutirage HTA;Poste en zones de soutirage HTA et HTB
ANSER;ANSEREUILLES(LES);50.5538174739454;2.93820644853969;HAUTS-DE-FRANCE;Disponible;Poste en zones de soutirage HTA;Poste en zones de soutirage HTA et HTB
ANSTA;ANSTAING;50.6068062028416;3.18375417184597;HAUTS-DE-FRANCE;Disponible;Poste en zones de soutirage HTA;Poste en zones de soutirage HTA et HTB
ANTIB;ANTIBES;43.5841570240905;7.10089350751053;PROVENCE-ALPES-CôTE D’AZUR;Disponible;Poste en zones de soutirage HTA;Poste en zones de soutirage HTA et HTB
ANTIF;ANTIFER;49.6581612302679;0.159586327661565;NORMANDIE;Disponible;Poste pas concernée par des contraintes locales de réseau;Poste pas concernée par des contraintes locales de réseau
AOSTE;AOSTE;45.5833481093173;5.61131700329317;AUVERGNE-RHôNE-ALPES;Disponible;Poste en zones de soutirage HTA;Poste en zones de soutirage HTA et HTB
APT;APT;43.8895651571362;5.37597209066943;PROVENCE-ALPES-CôTE D’AZUR;Disponible;Poste pas concernée par des contraintes locales de réseau;Poste pas concernée par des contraintes locales de réseau
AQUED;AQUEDUCS (LES);48.5939634333;2.42900810082963;ÎLE-DE-FRANCE;Disponible;Poste pas concernée par des contraintes locales de réseau;Poste en zones de soutirage HTB
ARACH;ARACHES;46.0171570286233;6.63492057553857;AUVERGNE-RHôNE-ALPES;Disponible;Poste en zones de soutirage HTA;Poste en zones de soutirage HTA et HTB
ARBOI;ARBOIS;46.900597750557;5.75223783474639;BOURGOGNE-FRANCHE-COMTé;Disponible;Poste en zones de soutirage HTA;Poste en zones de soutirage HTA et HTB
ARC18;ARC 1800;45.5790125569462;6.78181367591943;AUVERGNE-RHôNE-ALPES;Disponible;Poste en zones de soutirage HTA;Poste en zones de soutirage HTA et HTB
ARCAC;ARCACHON;44.6570747142818;-1.16412703419678;NOUVELLE-AQUITAINE;Disponible;Poste pas concernée par des contraintes locales de réseau;Poste pas concernée par des contraintes locales de réseau
ARCHI;ARCHINGEAY;45.9180155200135;-0.704910182557796;NOUVELLE-AQUITAINE;Disponible;Poste en zones de soutirage HTA;Poste en zones de soutirage HTA et HTB
ARCIS;ARCIS-SUR-AUBE;48.5326791951592;4.11484532751112;GRAND EST;Disponible;Poste pas concernée par des contraintes locales de réseau;Poste pas concernée par des contraintes locales de réseau
ARCOM;ARCOMIE;44.8660971353569;3.24980760215471;OCCITANIE;Disponible;Poste pas concernée par des contraintes locales de réseau;Poste pas concernée par des contraintes locales de réseau
ARDO5;ARDOINES (SNCF);48.7888653729361;2.40946206701949;ÎLE-DE-FRANCE;Disponible;Poste pas concernée par des contraintes locales de réseau;Poste pas concernée par des contraintes locales de réseau
ARDOI;ARDOISE;44.086175320823;4.70317322972318;OCCITANIE;Disponible;Poste pas concernée par des contraintes locales de réseau;Poste pas concernée par des contraintes locales de réseau
ARENC;ARENC;43.3219316788336;5.36689594578481;PROVENCE-ALPES-CôTE D’AZUR;Disponible;Poste en zones de soutirage HTA;Poste en zones de soutirage HTA et HTB
A.MER;ARGELES-SUR-MER;42.5491400646521;3.00765287480673;OCCITANIE;Disponible;Poste pas concernée par des contraintes locales de réseau;Poste pas concernée par des contraintes locales de réseau
ARGE8;ARGENTAN;48.7433669753006;-0.00980809751276827;NORMANDIE;Disponible;Poste en zones de soutirage HTA;Poste en zones de soutirage HTA et HTB
ARGE5;ARGENTAT;45.1046395366813;1.95352051477444;NOUVELLE-AQUITAINE;Disponible;Poste en zones d'injection photovoltaïque HTA;Poste en zones d'injection photovoltaïque HTA et HTB
ARGE6;ARGENTEUIL;48.9354066080133;2.24064702023218;ÎLE-DE-FRANCE;Disponible;Poste en zones de soutirage HTA;Poste en zones de soutirage HTA et HTB
A.PLE;ARGENTRE-DU-PLESSIS;48.0399203505356;-1.15445268725916;BRETAGNE;Disponible;Poste en zones de soutirage HTA;Poste en zones de soutirage HTA et HTB
ARGIA;ARGIA (BAYONNE SUD);43.4215867838953;-1.43017821602716;NOUVELLE-AQUITAINE;Disponible;Poste en zones de soutirage HTA;Poste en zones de soutirage HTA et HTB
ARGIE;ARGIESANS;47.6016341134888;6.81386341133695;BOURGOGNE-FRANCHE-COMTé;Disponible;Poste en zones de soutirage HTA;Poste en zones de soutirage HTA et HTB
ARGOE;ARGOEUVES;49.9381600971213;2.24762450359768;HAUTS-DE-FRANCE;Disponible;Poste pas concernée par des contraintes locales de réseau;Poste pas concernée par des contraintes locales de réseau
ARGON;ARGONAY;45.9413822584201;6.14951243431582;AUVERGNE-RHôNE-ALPES;Disponible;Poste pas concernée par des contraintes locales de réseau;Poste pas concernée par des contraintes locales de réseau
ARLES;ARLES;43.6622378027234;4.6484438160884;PROVENCE-ALPES-CôTE D’AZUR;Disponible;Poste pas concernée par des contraintes locales de réseau;Poste pas concernée par des contraintes locales de réseau
ARLE5;ARLES (SNCF);43.6762179270178;4.63631740407801;PROVENCE-ALPES-CôTE D’AZUR;Disponible;Poste pas concernée par des contraintes locales de réseau;Poste pas concernée par des contraintes locales de réseau
ARLOD;ARLOD;46.0972615006648;5.81776559996611;AUVERGNE-RHôNE-ALPES;Disponible;Poste pas concernée par des contraintes locales de réseau;Poste pas concernée par des contraintes locales de réseau
ARLY ;ARLY;45.7516411463926;6.43469854774047;AUVERGNE-RHôNE-ALPES;Disponible;Poste pas concernée par des contraintes locales de réseau;Poste pas concernée par des contraintes locales de réseau
R.MOL;ARM;48.5768583958901;7.73461946588409;GRAND EST;Disponible;Poste pas concernée par des contraintes locales de réseau;Poste pas concernée par des contraintes locales de réseau
ARMEN;ARMENTIERES;50.6808472659494;2.89801594921853;HAUTS-DE-FRANCE;Disponible;Poste pas concernée par des contraintes locales de réseau;Poste pas concernée par des contraintes locales de réseau
A.DOU;ARNAC-SUR-DOURDOU;43.7511988473809;2.96123209061149;OCCITANIE;Disponible;Poste pas concernée par des contraintes locales de réseau;Poste pas concernée par des contraintes locales de réseau
ARNAG;ARNAGE;47.9213705324232;0.18378959605699;PAYS DE LA LOIRE;Disponible;Poste en zones de soutirage HTA;Poste en zones de soutirage HTA et HTB
A.DUC;ARNAY-LE-DUC;47.1203296413492;4.48309510627778;BOURGOGNE-FRANCHE-COMTé;Disponible;Poste en zones d'injection photovoltaïque HTA;Poste en zones d'injection photovoltaïque HTA
ARNOU;ARNOULT;45.8194647065249;-0.84770826384642;NOUVELLE-AQUITAINE;Disponible;Poste en zones de soutirage HTA;Poste en zones de soutirage HTA et HTB
ARPAJ;ARPAJON;48.5972527128874;2.25439806785902;ÎLE-DE-FRANCE;Disponible;Poste en zones de soutirage HTA;Poste en zones de soutirage HTA et HTB
ARPEN;ARPENTS (LES);48.7092766820245;1.38395925668983;CENTRE-VAL DE LOIRE;Disponible;Poste en zones de soutirage HTA;Poste en zones de soutirage HTA et HTB
ARRAS;ARRAS;50.306995842315;2.76269466504325;HAUTS-DE-FRANCE;Disponible;Poste pas concernée par des contraintes locales de réseau;Poste pas concernée par des contraintes locales de réseau
ARREN;ARRENS;42.946656093716;-0.219214711787411;OCCITANIE;Disponible;Poste pas concernée par des contraintes locales de réseau;Poste pas concernée par des contraintes locales de réseau
ARRIG;ARRIGHI;48.785384943601;2.41408143454478;ÎLE-DE-FRANCE;Disponible;Poste pas concernée par des contraintes locales de réseau;Poste en zones de soutirage HTB
ARRIO;ARRIOSSE;43.639853033632;-1.02156387771831;NOUVELLE-AQUITAINE;Disponible;Poste en zones de soutirage HTA;Poste en zones de soutirage HTA et HTB
ARRO5;ARROUX;46.786458903091;4.17263620897862;BOURGOGNE-FRANCHE-COMTé;Disponible;Poste pas concernée par des contraintes locales de réseau;Poste pas concernée par des contraintes locales de réseau
ARSOT;ARSOT;47.6618185770809;6.85718686447411;BOURGOGNE-FRANCHE-COMTé;Disponible;Poste en zones de soutirage HTA;Poste en zones de soutirage HTA et HTB
ARTIG;ARTIGUES;42.9272382773669;0.203182730985404;OCCITANIE;Disponible;Poste pas concernée par des contraintes locales de réseau;Poste pas concernée par des contraintes locales de réseau
ARTOU;ARTOUSTE;42.8861936764297;-0.410888691837544;NOUVELLE-AQUITAINE;Disponible;Poste pas concernée par des contraintes locales de réseau;Poste pas concernée par des contraintes locales de réseau
ARUDY;ARUDY;43.0997784375072;-0.444006713523489;NOUVELLE-AQUITAINE;Disponible;Poste pas concernée par des contraintes locales de réseau;Poste pas concernée par des contraintes locales de réseau
ARVER;ARVERT;45.7476501429659;-1.11702989968076;NOUVELLE-AQUITAINE;Disponible;Poste en zones de soutirage HTA;Poste en zones de soutirage HTA et HTB
ARVIE;ARVIEU;44.1844320665536;2.66666560290065;OCCITANIE;Disponible;Poste en zones d'injection photovoltaïque HTA;Poste en zones d'injection photovoltaïque HTA et HTB
ASASP;ASASP;43.1088277995173;-0.624756470980229;NOUVELLE-AQUITAINE;Disponible;Poste pas concernée par des contraintes locales de réseau;Poste pas concernée par des contraintes locales de réseau
ASNIE;ASNIERES (SNCF MONOPHASE);48.904765862327;2.28426076887603;ÎLE-DE-FRANCE;Disponible;Poste pas concernée par des contraintes locales de réseau;Poste pas concernée par des contraintes locales de réseau
ASPR5;ASPRES;42.5500694796014;2.86043827407765;OCCITANIE;Disponible;Poste en zones d'injection photovoltaïque HTA;Poste en zones d'injection photovoltaïque HTA et HTB
A.DUR;ASSE-DURANCE;43.9208974148624;5.92419415972494;PROVENCE-ALPES-CôTE D’AZUR;Disponible;Poste pas concernée par des contraintes locales de réseau;Poste pas concernée par des contraintes locales de réseau
ASSIE;ASSIER;44.6686452917503;1.87760787294816;OCCITANIE;Disponible;Poste en zones d'injection photovoltaïque HTA;Poste en zones d'injection photovoltaïque HTA et HTB
ASTIL;ASTILLE;47.9585361333099;-0.882529489629313;PAYS DE LA LOIRE;Disponible;Poste en zones de soutirage HTA;Poste en zones de soutirage HTA et HTB
ASTON;ASTON;42.7778006432083;1.67590211062933;OCCITANIE;Disponible;Poste pas concernée par des contraintes locales de réseau;Poste pas concernée par des contraintes locales de réseau
ATHEL;ATHELIA;43.217395022441;5.60647132743345;PROVENCE-ALPES-CôTE D’AZUR;Disponible;Poste pas concernée par des contraintes locales de réseau;Poste pas concernée par des contraintes locales de réseau
AUBAG;AUBAGNE;43.2855841627414;5.59136051498479;PROVENCE-ALPES-CôTE D’AZUR;Disponible;Poste en zones de soutirage HTA;Poste en zones de soutirage HTA et HTB
AUBE;AUBE;48.7429097481136;0.557828269748194;NORMANDIE;Disponible;Poste en zones de soutirage HTA;Poste en zones de soutirage HTA et HTB
AUBEN;AUBENAS;44.6024091951181;4.40375848199943;AUVERGNE-RHôNE-ALPES;Disponible;Poste pas concernée par des contraintes locales de réseau;Poste pas concernée par des contraintes locales de réseau
AUBER;AUBERVILLE;49.5304825709356;0.584175696248956;NORMANDIE;Disponible;Poste pas concernée par des contraintes locales de réseau;Poste pas concernée par des contraintes locales de réseau
AUBE6;AUBERVILLIERS;48.9146657886366;2.38959964868245;ÎLE-DE-FRANCE;Disponible;Poste en zones de soutirage HTA;Poste en zones de soutirage HTA et HTB
AUBIG;AUBIGNE;47.2066484618043;-0.466112355584035;PAYS DE LA LOIRE;Disponible;Poste pas concernée par des contraintes locales de réseau;Poste pas concernée par des contraintes locales de réseau
AUBI5;AUBIGNY;47.4827411200578;2.42961555654463;CENTRE-VAL DE LOIRE;Disponible;Poste pas concernée par des contraintes locales de réseau;Poste pas concernée par des contraintes locales de réseau
AUBRA;Aubrac;44.662870466659;2.5855102463964;OCCITANIE;Disponible;Poste pas concernée par des contraintes locales de réseau;Poste pas concernée par des contraintes locales de réseau
AUBRI;AUBRIVES;49.4688243425029;5.91825913009632;GRAND EST;Disponible;Poste pas concernée par des contraintes locales de réseau;Poste pas concernée par des contraintes locales de réseau
AUBUS;AUBUSSON;45.9533802699489;2.19065193683379;NOUVELLE-AQUITAINE;Saturé;Poste en zones d'injection photovoltaïque HTA;Poste en zones d'injection photovoltaïque HTA et HTB
AUCH;AUCH;43.6513762778526;0.605393407900681;OCCITANIE;Disponible;Poste en zones d'injection photovoltaïque HTA;Poste en zones d'injection photovoltaïque HTA et HTB
AUDIE;AUDIERNE;48.0263952706717;-4.50303690987636;BRETAGNE;Disponible;Poste en zones de soutirage HTA;Poste en zones de soutirage HTA et HTB
AUDON;AUDON;43.8080769460479;-0.823453061494301;NOUVELLE-AQUITAINE;Disponible;Poste en zones d'injection photovoltaïque HTA;Poste en zones d'injection photovoltaïque HTA et en zone soutirage HTB
AULN5;AULNAY;46.0331666613174;-0.346765816750936;NOUVELLE-AQUITAINE;Disponible;Poste pas concernée par des contraintes locales de réseau;Poste pas concernée par des contraintes locales de réseau
AULNA;AULNAY-AUX-PLANCHES;48.8181917688762;3.97052297482829;GRAND EST;Disponible;Poste pas concernée par des contraintes locales de réseau;Poste pas concernée par des contraintes locales de réseau
AULNO;AULNOYE;50.199282212828;3.81613026480262;HAUTS-DE-FRANCE;Disponible;Poste en zones de soutirage HTA;Poste en zones de soutirage HTA et HTB
AUMAL;AUMALE;49.767622393099;1.75942904347566;NORMANDIE;Disponible;Poste pas concernée par des contraintes locales de réseau;Poste pas concernée par des contraintes locales de réseau
AUNEA;AUNEAU;48.4429003667095;1.776162653857;CENTRE-VAL DE LOIRE;Disponible;Poste pas concernée par des contraintes locales de réseau;Poste pas concernée par des contraintes locales de réseau
AURAY;AURAY;47.6879845648496;-2.99967347188744;BRETAGNE;Disponible;Poste en zones de soutirage HTA;Poste en zones de soutirage HTA et HTB
AUREE;AURE;42.8979830251752;0.35709144795322;OCCITANIE;Disponible;Poste pas concernée par des contraintes locales de réseau;Poste pas concernée par des contraintes locales de réseau
AUREI;AUREILHAN;43.2374912224792;0.0913332007296448;OCCITANIE;Disponible;Poste en zones de soutirage HTA;Poste en zones de soutirage HTA et HTB
AUREN;AURENCE;45.8356629243123;1.22225757858584;NOUVELLE-AQUITAINE;Disponible;Poste pas concernée par des contraintes locales de réseau;Poste pas concernée par des contraintes locales de réseau
AURIA;AURIAC;43.4605499918467;-0.321116433640321;NOUVELLE-AQUITAINE;Disponible;Poste en zones d'injection photovoltaïque HTA;Poste en zones d'injection photovoltaïque HTA et en zone soutirage HTB
AURIL;AURILLAC;44.9171287204178;2.4399887901666;AUVERGNE-RHôNE-ALPES;Disponible;Poste en zones d'injection photovoltaïque HTA;Poste en zones d'injection photovoltaïque HTA et HTB
AURI5;AURIOL;43.3637790703528;5.61765728532197;PROVENCE-ALPES-CôTE D’AZUR;Disponible;Poste en zones de soutirage HTA;Poste en zones de soutirage HTA et HTB
AURIO;AURIOLLES;44.7457307909818;0.0354840587643867;NOUVELLE-AQUITAINE;Disponible;Poste en zones de soutirage HTA;Poste en zones de soutirage HTA et HTB
AUSSO;AUSSOIS;45.2144732560278;6.71201774416348;AUVERGNE-RHôNE-ALPES;Disponible;Poste pas concernée par des contraintes locales de réseau;Poste pas concernée par des contraintes locales de réseau
AUSTE;AUSTERLITZ;48.84939946248;2.36924252635248;ÎLE-DE-FRANCE;Disponible;Poste en zones de soutirage HTA;Poste en zones de soutirage HTA et HTB
AUTER;AUTERRIVE;43.4674404794541;-1.01810626502499;NOUVELLE-AQUITAINE;Disponible;Poste pas concernée par des contraintes locales de réseau;Poste pas concernée par des contraintes locales de réseau
AUTUN;AUTUN;46.9559509787214;4.31729693577423;BOURGOGNE-FRANCHE-COMTé;Disponible;Poste en zones de soutirage HTA;Poste en zones de soutirage HTA et HTB
AUVIL;AUVILLIERS;48.0700593749686;1.87820762894797;CENTRE-VAL DE LOIRE;Disponible;Poste pas concernée par des contraintes locales de réseau;Poste pas concernée par des contraintes locales de réseau
AUXER;AUXERRE;47.7943924559635;3.59338854485743;BOURGOGNE-FRANCHE-COMTé;Disponible;Poste en zones d'injection photovoltaïque HTA;Poste en zones d'injection photovoltaïque HTA et HTB
AUXON;AUXONNE;47.18865150176;5.38627984178443;BOURGOGNE-FRANCHE-COMTé;Disponible;Poste en zones de soutirage HTA;Poste en zones de soutirage HTA et HTB
AUZAN;AUZANCES;46.0337441571055;2.50020024268561;NOUVELLE-AQUITAINE;Saturé;Poste en zones d'injection photovoltaïque HTA;Poste en zones d'injection photovoltaïque HTA et HTB
AUZAT;AUZAT;42.7628943019869;1.47779897936322;OCCITANIE;Disponible;Poste pas concernée par des contraintes locales de réseau;Poste pas concernée par des contraintes locales de réseau
AUZER;AUZERETTE;45.364914;2.6463091;AUVERGNE-RHôNE-ALPES;Disponible;Poste pas concernée par des contraintes locales de réseau;Poste pas concernée par des contraintes locales de réseau
AVALL;AVALLON;47.4965240116618;3.91941091655518;BOURGOGNE-FRANCHE-COMTé;Saturé;Poste pas concernée par des contraintes locales de réseau;Poste pas concernée par des contraintes locales de réseau
AVENI;AVENIR;48.9162860650971;2.41699237644906;ÎLE-DE-FRANCE;Disponible;Poste en zones de soutirage HTA;Poste en zones de soutirage HTA et HTB
A.COM;AVESNES-LE-COMTE;50.2724354002883;2.51204588362362;HAUTS-DE-FRANCE;Disponible;Poste en zones de soutirage HTA;Poste en zones de soutirage HTA et HTB
AVEZE;AVEZE;43.9795989420131;3.59964132844675;OCCITANIE;Disponible;Poste pas concernée par des contraintes locales de réseau;Poste pas concernée par des contraintes locales de réseau
AVIGN;AVIGNON;43.9480796950803;4.85516174271644;PROVENCE-ALPES-CôTE D’AZUR;Disponible;Poste en zones de soutirage HTA;Poste en zones de soutirage HTA et HTB
AVIG5;AVIGNONET;43.362470149849;1.79348738268286;OCCITANIE;Disponible;Poste en zones d'injection photovoltaïque HTA;Poste en zones d'injection photovoltaïque HTA et HTB
AVIO5;AVION;50.4117603039385;2.80215890017126;HAUTS-DE-FRANCE;Disponible;Poste pas concernée par des contraintes locales de réseau;Poste pas concernée par des contraintes locales de réseau
AVOIN;AVOINE;47.2305540872985;0.171483491284663;CENTRE-VAL DE LOIRE;Disponible;Poste pas concernée par des contraintes locales de réseau;Poste pas concernée par des contraintes locales de réseau
AVORI;AVORIAZ;46.1980385282418;6.76700866491942;AUVERGNE-RHôNE-ALPES;En construction (déduit selon data Capareseau);Poste en zones de soutirage HTA;Poste en zones de soutirage HTA et HTB
AVRAN;AVRANCHES;48.6752169839683;-1.3150815621678;NORMANDIE;Disponible;Poste en zones de soutirage HTA;Poste en zones de soutirage HTA et HTB
AVREU;AVREUIL;48.035348028719;4.00516946487805;GRAND EST;Disponible;Poste pas concernée par des contraintes locales de réseau;Poste pas concernée par des contraintes locales de réseau
AVRIL;AVRILLE;47.5201852428987;-0.597742175692408;PAYS DE LA LOIRE;Disponible;Poste en zones de soutirage HTA;Poste en zones de soutirage HTA et HTB
AVRIM;AVRIMA;48.8705370795256;6.06447935143285;GRAND EST;Disponible;Poste pas concernée par des contraintes locales de réseau;Poste pas concernée par des contraintes locales de réseau
AVRON;AVRON;48.8722281582367;2.52811605497781;ÎLE-DE-FRANCE;Disponible;Poste pas concernée par des contraintes locales de réseau;Poste pas concernée par des contraintes locales de réseau
A.THE;AX-LES-THERMES;42.7242971017969;1.83353255071124;OCCITANIE;Disponible;Poste pas concernée par des contraintes locales de réseau;Poste pas concernée par des contraintes locales de réseau
AYRES;AYRES;44.0382221739918;2.82549605788662;OCCITANIE;Disponible;Poste pas concernée par des contraintes locales de réseau;Poste pas concernée par des contraintes locales de réseau
AYTRE;AYTRE;46.1301041999626;-1.09135181068135;NOUVELLE-AQUITAINE;Disponible;Poste en zones de soutirage HTA;Poste en zones de soutirage HTA et HTB
BACAL;BACALAN;44.8819769860593;-0.54563842478977;NOUVELLE-AQUITAINE;Disponible;Poste en zones de soutirage HTA;Poste en zones de soutirage HTA et HTB
BACCH;BACCHUS;49.6532482048265;-1.75190657051325;NORMANDIE;Disponible;Poste en zones de soutirage HTA;Poste en zones de soutirage HTA et HTB
BAGAT;BAGATELLE;43.3097976791919;1.96539273540216;OCCITANIE;Disponible;Poste en zones d'injection photovoltaïque HTA;Poste en zones d'injection photovoltaïque HTA et HTB
BAGE;BAGE (STATION DE POMPAGE);44.2672199343728;2.7217995749249;OCCITANIE;Disponible;Poste pas concernée par des contraintes locales de réseau;Poste pas concernée par des contraintes locales de réseau
B.CEZ;BAGNOLS-SUR-CEZE;44.2004466977363;4.64744389374136;OCCITANIE;Disponible;Poste en zones de soutirage HTA;Poste en zones de soutirage HTA et HTB
BAILL;BAILLEUL;50.7378850482735;2.72347127968279;HAUTS-DE-FRANCE;Disponible;Poste pas concernée par des contraintes locales de réseau;Poste pas concernée par des contraintes locales de réseau
B.BAI;BAINS-LES-BAINS;48.0059976266307;6.27418934918461;GRAND EST;Disponible;Poste pas concernée par des contraintes locales de réseau;Poste pas concernée par des contraintes locales de réseau
BAIXA;BAIXAS;42.7317861680048;2.80584565141388;OCCITANIE;Disponible;Poste pas concernée par des contraintes locales de réseau;Poste en zones d'injection photovoltaïque HTB
BAJAT;BAJATIERE;45.1718227976044;5.74560167535438;AUVERGNE-RHôNE-ALPES;Disponible;Poste en zones de soutirage HTA;Poste en zones de soutirage HTA et HTB
BALAN;BALAN;45.8459783996328;5.10058307083388;AUVERGNE-RHôNE-ALPES;Disponible;Poste pas concernée par des contraintes locales de réseau;Poste pas concernée par des contraintes locales de réseau
BALAR;BALARUC;43.4452615802068;3.70695684661618;OCCITANIE;Disponible;Poste en zones de soutirage HTA;Poste en zones de soutirage HTA et HTB
BALDI;BALDI;43.3087923436482;3.50668843680504;OCCITANIE;Disponible;Poste pas concernée par des contraintes locales de réseau;Poste pas concernée par des contraintes locales de réseau
BALLO;BALLON;50.6459510453282;3.07913311415768;HAUTS-DE-FRANCE;Disponible;Poste en zones de soutirage HTA;Poste en zones de soutirage HTA et HTB
BALMA;BALMA;43.6163733449163;1.49408696159448;OCCITANIE;Disponible;Poste pas concernée par des contraintes locales de réseau;Poste pas concernée par des contraintes locales de réseau
BANCA;BANCAIRON;44.0034386340617;7.13726865290235;PROVENCE-ALPES-CôTE D’AZUR;Disponible;Poste en zones de soutirage HTA;Poste en zones de soutirage HTA et HTB
BANNA;BANNALEC;47.9243108118352;-3.67453792421749;BRETAGNE;Disponible;Poste en zones de soutirage HTA;Poste en zones de soutirage HTA et HTB
BARAL;BARALET;42.8819868401522;-0.561976992905964;NOUVELLE-AQUITAINE;Disponible;Poste pas concernée par des contraintes locales de réseau;Poste pas concernée par des contraintes locales de réseau
BARAQ;BARAQUEVILLE;44.2688458860725;2.42009738223126;OCCITANIE;Disponible;Poste pas concernée par des contraintes locales de réseau;Poste pas concernée par des contraintes locales de réseau
BARBE;BARBEZIEUX;45.4595792546512;-0.151732873235254;NOUVELLE-AQUITAINE;Disponible;Poste en zones de soutirage HTA;Poste en zones de soutirage HTA et HTB
BARBO;BARBOTAN;43.9610777894242;-0.0318759988366278;OCCITANIE;Disponible;Poste pas concernée par des contraintes locales de réseau;Poste pas concernée par des contraintes locales de réseau
BARBU;BARBUISE;48.5608247200968;3.59193970290299;GRAND EST;Disponible;Poste en zones d'injection photovoltaïque HTA;Poste en zones d'injection photovoltaïque HTA et HTB
BARCE;BARCELONNETTE;44.3795033132254;6.62813750585203;PROVENCE-ALPES-CôTE D’AZUR;Disponible;Poste pas concernée par des contraintes locales de réseau;Poste pas concernée par des contraintes locales de réseau
BARET;BARETTES;49.8412084307481;0.717812316508372;NORMANDIE;Disponible;Poste pas concernée par des contraintes locales de réseau;Poste pas concernée par des contraintes locales de réseau
BARJA;BARJAC;44.3148014980182;4.34380763404952;OCCITANIE;Disponible;Poste pas concernée par des contraintes locales de réseau;Poste pas concernée par des contraintes locales de réseau
BARJO;BARJOLS;43.5491527172412;6.00975046813524;PROVENCE-ALPES-CôTE D’AZUR;Disponible;Poste pas concernée par des contraintes locales de réseau;Poste pas concernée par des contraintes locales de réseau
B.DUC;BAR-LE-DUC;48.7702074488553;5.17961655584759;GRAND EST;Disponible;Poste pas concernée par des contraintes locales de réseau;Poste pas concernée par des contraintes locales de réseau
BARLI;BARLIN;50.4430094348051;2.61118916401671;HAUTS-DE-FRANCE;Disponible;Poste pas concernée par des contraintes locales de réseau;Poste pas concernée par des contraintes locales de réseau
BARO5;BARONNIES;44.290586070545;5.28075768320042;AUVERGNE-RHôNE-ALPES;Disponible;Poste pas concernée par des contraintes locales de réseau;Poste pas concernée par des contraintes locales de réseau
BARQU;BARQUET;49.0332135493807;0.816200708428669;NORMANDIE;Disponible;Poste pas concernée par des contraintes locales de réseau;Poste en zones de soutirage HTB
BARAG;BARRAGARY;43.2346223315432;-0.869050173083033;NOUVELLE-AQUITAINE;Disponible;Poste pas concernée par des contraintes locales de réseau;Poste pas concernée par des contraintes locales de réseau
B.THO;BARRE-THOMAS (LA);48.1105492470144;-1.72574752113536;BRETAGNE;Disponible;Poste en zones de soutirage HTA;Poste en zones de soutirage HTA et HTB
BARR6;BARROIR;49.2694500963493;2.48576032687546;HAUTS-DE-FRANCE;Disponible;Poste en zones de soutirage HTA;Poste en zones de soutirage HTA et HTB
BASCA;BASCAT;43.707966038321;-1.06725800066548;NOUVELLE-AQUITAINE;Disponible;Poste en zones de soutirage HTA;Poste en zones de soutirage HTA et HTB
B.BAS;BAS-EN-BASSET;45.3030509349798;4.14046872071949;AUVERGNE-RHôNE-ALPES;Disponible;Poste pas concernée par des contraintes locales de réseau;Poste pas concernée par des contraintes locales de réseau
B.HAM;BASSE-HAM;49.3698610749662;6.22809177969956;GRAND EST;Disponible;Poste en zones de soutirage HTA;Poste en zones de soutirage HTA et HTB
BASSE;BASSENS;44.916057191733;-0.538740617422536;NOUVELLE-AQUITAINE;Disponible;Poste en zones de soutirage HTA;Poste en zones de soutirage HTA et HTB
BASS6;BASSIGNY;48.039855807646;5.34822294777182;GRAND EST;Disponible;Poste pas concernée par des contraintes locales de réseau;Poste pas concernée par des contraintes locales de réseau
BASTI;BASTILLAC;43.225819024586;0.0399404621554724;OCCITANIE;Disponible;Poste en zones de soutirage HTA;Poste en zones de soutirage HTA et HTB
BATIG;BATIGNOLLES;48.8836902904972;2.32214756666086;ÎLE-DE-FRANCE;Disponible;Poste en zones de soutirage HTA;Poste en zones de soutirage HTA et HTB
BATIL;BATILLY;49.1745396037404;5.97140768711564;GRAND EST;Disponible;Poste pas concernée par des contraintes locales de réseau;Poste pas concernée par des contraintes locales de réseau
BATZE;BATZENDORF;48.7991399058318;7.72448554683133;GRAND EST;Disponible;Poste pas concernée par des contraintes locales de réseau;Poste en zones de soutirage HTB
BAUD;BAUD;47.8780122731162;-3.03715790104776;BRETAGNE;Disponible;Poste en zones de soutirage HTA;Poste en zones de soutirage HTA et HTB
BAUDR;BAUDRY;48.8724042717774;2.30656138050621;ÎLE-DE-FRANCE;Disponible;Poste en zones de soutirage HTA;Poste en zones de soutirage HTA et HTB
BAUGE;BAUGE;47.531433141366;-0.100348384210655;PAYS DE LA LOIRE;Disponible;Poste en zones de soutirage HTA;Poste en zones de soutirage HTA et HTB
B.DAM;BAUME-LES-DAMES;47.3464399217845;6.35502416786101;BOURGOGNE-FRANCHE-COMTé;Disponible;Poste pas concernée par des contraintes locales de réseau;Poste pas concernée par des contraintes locales de réseau
BAUMO;Baumont;46.8720726282138;6.16108010257084;BOURGOGNE-FRANCHE-COMTé;Disponible;Poste en zones de soutirage HTA;Poste en zones de soutirage HTA
BAYAR;BAYARD;48.5451049311987;5.0703257306898;GRAND EST;Disponible;Poste pas concernée par des contraintes locales de réseau;Poste pas concernée par des contraintes locales de réseau
BAYET;BAYET;46.2731765511651;3.29555278336578;AUVERGNE-RHôNE-ALPES;Disponible;Poste en zones d'injection photovoltaïque HTA;Poste en zones d'injection photovoltaïque HTA et HTB
BAYEU;BAYEUX;49.2597931400765;-0.691477250343573;NORMANDIE;Disponible;Poste pas concernée par des contraintes locales de réseau;Poste pas concernée par des contraintes locales de réseau
BAYON;BAYON;48.476194858459;6.32970326050339;GRAND EST;Disponible;Poste pas concernée par des contraintes locales de réseau;Poste pas concernée par des contraintes locales de réseau
BAZAN;BAZANCOURT;49.3651397205325;4.15750167933386;GRAND EST;Disponible;Poste pas concernée par des contraintes locales de réseau;Poste pas concernée par des contraintes locales de réseau
BAZAS;BAZAS;44.4135529499156;-0.218365053920067;NOUVELLE-AQUITAINE;Disponible;Poste en zones de soutirage HTA;Poste en zones de soutirage HTA et HTB
BAZEI;BAZEILLES;49.6744734321099;5.00538501482984;GRAND EST;Disponible;Poste pas concernée par des contraintes locales de réseau;Poste pas concernée par des contraintes locales de réseau
BXBOU;BEAUBOURG;48.8608713180322;2.3575278730374;ÎLE-DE-FRANCE;Disponible;Poste en zones de soutirage HTA;Poste en zones de soutirage HTA et HTB
BXBRE;BEAUBREUIL;45.8613762873421;1.28091070856869;NOUVELLE-AQUITAINE;Disponible;Poste pas concernée par des contraintes locales de réseau;Poste pas concernée par des contraintes locales de réseau
BXCH5;BEAUCHAMPS;50.0070559999292;1.52502649584132;HAUTS-DE-FRANCE;Disponible;Poste pas concernée par des contraintes locales de réseau;Poste pas concernée par des contraintes locales de réseau
BXCOU;BEAUCOUZE;47.462374947712;-0.632267392866579;PAYS DE LA LOIRE;Disponible;Poste en zones de soutirage HTA;Poste en zones de soutirage HTA et HTB
BXFOR;BEAUFORT;45.7305681083516;6.56897355044498;AUVERGNE-RHôNE-ALPES;Disponible;Poste pas concernée par des contraintes locales de réseau;Poste pas concernée par des contraintes locales de réseau
BXGEN;BEAUGENCY;47.7851559396269;1.61184032218858;CENTRE-VAL DE LOIRE;Disponible;Poste en zones de soutirage HTA;Poste en zones de soutirage HTA et HTB
BXLIE;BEAULIEU;46.1764004005653;-1.12007340001315;NOUVELLE-AQUITAINE;Disponible;Poste en zones de soutirage HTA;Poste en zones de soutirage HTA et HTB
BXLIN;BEAULIN;46.7114724181007;0.424514099585782;NOUVELLE-AQUITAINE;Disponible;Poste pas concernée par des contraintes locales de réseau;Poste pas concernée par des contraintes locales de réseau
B.LOM;BEAUMONT-DE-LOMAGNE;43.8928609431711;0.994856218971864;OCCITANIE;Disponible;Poste en zones de soutirage HTA;Poste en zones de soutirage HTA et HTB
B.MON;BEAUMONT-MONTEUX;45.01825276474;4.92655484911299;AUVERGNE-RHôNE-ALPES;Disponible;Poste pas concernée par des contraintes locales de réseau;Poste en zones d'injection photovoltaïque HTB
BXNE;BEAUNE;47.0453758389959;4.85053109921416;BOURGOGNE-FRANCHE-COMTé;Disponible;Poste en zones de soutirage HTA;Poste en zones de soutirage HTA et HTB
BXNE6;BEAUNE-LA-ROLANDE;48.0761782955061;2.42944715289665;CENTRE-VAL DE LOIRE;Disponible;Poste pas concernée par des contraintes locales de réseau;Poste pas concernée par des contraintes locales de réseau
BXPUY;BEAUPUY;46.6448061961042;-1.23754862523877;PAYS DE LA LOIRE;Disponible;Poste en zones de soutirage HTA;Poste en zones de soutirage HTA et HTB
BXRE5;BEAUREGARD;49.3464531338952;6.15727903418501;GRAND EST;Disponible;Poste en zones de soutirage HTA;Poste en zones de soutirage HTA et HTB
BXREG;BEAUREGARD;45.1482315975069;1.48610444536997;NOUVELLE-AQUITAINE;Disponible;Poste pas concernée par des contraintes locales de réseau;Poste pas concernée par des contraintes locales de réseau
BXREP;BEAUREPAIRE;45.3257470580924;5.05457326542621;AUVERGNE-RHôNE-ALPES;Disponible;Poste en zones de soutirage HTA;Poste en zones de soutirage HTA et HTB
BXSOL;BEAUSOLEIL;43.7416802186654;7.41903280224833;PROVENCE-ALPES-CôTE D’AZUR;Disponible;Poste en zones de soutirage HTA;Poste en zones de soutirage HTA et HTB
BXTO5;BEAUTOR;49.6539882802343;3.32649647850056;HAUTS-DE-FRANCE;Disponible;Poste pas concernée par des contraintes locales de réseau;Poste pas concernée par des contraintes locales de réseau
BXT09;BEAUTOR2;49.7711008532936;3.50491044322826;HAUTS-DE-FRANCE;En construction (déduit selon data Capareseau);Poste pas concernée par des contraintes locales de réseau;Poste pas concernée par des contraintes locales de réseau
BXVAI;BEAUVAIS;49.4290597487886;2.0675449442968;HAUTS-DE-FRANCE;Disponible;Poste pas concernée par des contraintes locales de réseau;Poste pas concernée par des contraintes locales de réseau
BXVAL;BEAUVAL;48.9491571360042;2.92827885024963;ÎLE-DE-FRANCE;Disponible;Poste en zones de soutirage HTA;Poste en zones de soutirage HTA et HTB
BXVO5;BEAUVOIR;46.925380934922;-2.0411478537311;PAYS DE LA LOIRE;Disponible;Poste pas concernée par des contraintes locales de réseau;Poste pas concernée par des contraintes locales de réseau
BXVOI;BEAUVOIR (CHATTE);45.1207791665344;5.31772526073859;AUVERGNE-RHôNE-ALPES;Disponible;Poste pas concernée par des contraintes locales de réseau;Poste pas concernée par des contraintes locales de réseau
BXZEE;BEAUZEE;48.9625934097989;5.2030388942549;GRAND EST;Disponible;Poste pas concernée par des contraintes locales de réseau;Poste pas concernée par des contraintes locales de réseau
BECHE;BECHE;45.3878612949159;2.26490174233983;NOUVELLE-AQUITAINE;Saturé;Poste en zones d'injection photovoltaïque HTA;Poste en zones d'injection photovoltaïque HTA et HTB
BECQU;BECQUE;50.7638259619072;3.01825418679648;HAUTS-DE-FRANCE;Disponible;Poste en zones de soutirage HTA;Poste en zones de soutirage HTA et HTB
BEDAR;BEDARIEUX;43.6127816263766;3.16923614549918;OCCITANIE;Disponible;Poste pas concernée par des contraintes locales de réseau;Poste pas concernée par des contraintes locales de réseau
BEDA5;BEDARRIDES;44.0598171104898;4.89305791251798;PROVENCE-ALPES-CôTE D’AZUR;Disponible;Poste pas concernée par des contraintes locales de réseau;Poste pas concernée par des contraintes locales de réseau
BEGLE;BEGLES;44.8151815978813;-0.539428982582645;NOUVELLE-AQUITAINE;Disponible;Poste en zones de soutirage HTA;Poste en zones de soutirage HTA et HTB
B.AIR;BEL-AIR;44.4328514026928;2.19354906896914;OCCITANIE;Disponible;Poste en zones d'injection photovoltaïque HTA;Poste en zones d'injection photovoltaïque HTA et HTB
BELEM;BELEM;43.0945090199088;1.40042742574107;OCCITANIE;Disponible;Poste en zones d'injection photovoltaïque HTA;Poste en zones d'injection photovoltaïque HTA et HTB
BELIE;BELIET;44.5195280409309;-0.78158861569892;NOUVELLE-AQUITAINE;Saturé;Poste pas concernée par des contraintes locales de réseau;Poste pas concernée par des contraintes locales de réseau
BELLA;BELLAC;46.1051818788686;1.04406559556827;NOUVELLE-AQUITAINE;Disponible;Poste pas concernée par des contraintes locales de réseau;Poste pas concernée par des contraintes locales de réseau
B.MAI;BELLE-DE-MAI;43.3107174293948;5.38901017969176;PROVENCE-ALPES-CôTE D’AZUR;Disponible;Poste en zones de soutirage HTA;Poste en zones de soutirage HTA et HTB
B.EPI;BELLE-EPINE;48.1279900209906;-1.75359004879004;BRETAGNE;Disponible;Poste pas concernée par des contraintes locales de réseau;Poste en zones de soutirage HTB
B.ETO;BELLE-ETOILE;45.692111620122;4.84603823297181;AUVERGNE-RHôNE-ALPES;Disponible;Poste pas concernée par des contraintes locales de réseau;Poste pas concernée par des contraintes locales de réseau
BELL4;BELLENAVES;46.2009103414309;3.08924298202359;AUVERGNE-RHôNE-ALPES;Disponible;Poste en zones d'injection photovoltaïque HTA;Poste en zones d'injection photovoltaïque HTA et HTB
BVIL5;BELLEVILLE;49.0970896616598;2.76070356038255;HAUTS-DE-FRANCE;Disponible;Poste pas concernée par des contraintes locales de réseau;Poste pas concernée par des contraintes locales de réseau
BVIL6;BELLEVILLE;45.7725945361226;6.63813410839544;AUVERGNE-RHôNE-ALPES;Disponible;Poste pas concernée par des contraintes locales de réseau;Poste pas concernée par des contraintes locales de réseau
BVILL;BELLEVILLE;46.1200584788999;4.729783584393;AUVERGNE-RHôNE-ALPES;Disponible;Poste pas concernée par des contraintes locales de réseau;Poste pas concernée par des contraintes locales de réseau
BVUE;BELLEVUE;45.2199413903263;3.81477659572024;AUVERGNE-RHôNE-ALPES;Disponible;Poste en zones de soutirage HTA;Poste en zones de soutirage HTA et HTB
BVUE5;BELLEVUE (SNCF);48.5034893845923;2.20334279897405;ÎLE-DE-FRANCE;Disponible;Poste pas concernée par des contraintes locales de réseau;Poste pas concernée par des contraintes locales de réseau
BELLE;BELLEY;45.768979454934;5.69449091284846;AUVERGNE-RHôNE-ALPES;Disponible;Poste pas concernée par des contraintes locales de réseau;Poste pas concernée par des contraintes locales de réseau
BELLI;BELLIGNAT;46.2364755422573;5.61964762863191;AUVERGNE-RHôNE-ALPES;Disponible;Poste pas concernée par des contraintes locales de réseau;Poste pas concernée par des contraintes locales de réseau
BELLO;BELLOY;49.0921583244143;2.36764466864214;ÎLE-DE-FRANCE;Disponible;Poste en zones de soutirage HTA;Poste en zones de soutirage HTA et HTB
BELNE;BELNEUF;47.9163822187839;1.94308763006046;CENTRE-VAL DE LOIRE;Disponible;Poste en zones de soutirage HTA;Poste en zones de soutirage HTA et HTB
BELV5;BELVES;44.7645597637481;1.02716081873277;NOUVELLE-AQUITAINE;Disponible;Poste pas concernée par des contraintes locales de réseau;Poste pas concernée par des contraintes locales de réseau
BENAU;BENAUGE;44.837701441732;-0.547106316934544;NOUVELLE-AQUITAINE;Disponible;Poste en zones de soutirage HTA;Poste en zones de soutirage HTA et HTB
BENET;BENET;46.3868382725194;-0.614438590222957;PAYS DE LA LOIRE;Disponible;Poste pas concernée par des contraintes locales de réseau;Poste pas concernée par des contraintes locales de réseau
BENE5;BENETIERE;47.0388349610545;-0.878496680596314;PAYS DE LA LOIRE;Disponible;Poste en zones de soutirage HTA;Poste en zones de soutirage HTA et HTB
BENFE;BENFELD;48.3770183200462;7.57606853028554;GRAND EST;Disponible;Poste pas concernée par des contraintes locales de réseau;Poste en zones de soutirage HTB
BENOD;BENODET;47.8871149806407;-4.05527433848415;BRETAGNE;Disponible;Poste en zones de soutirage HTA;Poste en zones de soutirage HTA et HTB
BENY;BENY;46.3180291699582;5.29657929328024;AUVERGNE-RHôNE-ALPES;Disponible;Poste pas concernée par des contraintes locales de réseau;Poste pas concernée par des contraintes locales de réseau
BEON;BEON;47.1053519313108;5.24774884782921;BOURGOGNE-FRANCHE-COMTé;Disponible;Poste en zones de soutirage HTA;Poste en zones de soutirage HTA et HTB
BERAN;BERANVILLE;49.0337407613067;1.56351263112917;ÎLE-DE-FRANCE;Disponible;Poste pas concernée par des contraintes locales de réseau;Poste pas concernée par des contraintes locales de réseau
BERAT;BERAT;43.386941647278;1.1993511334796;OCCITANIE;Disponible;Poste en zones d'injection photovoltaïque HTA;Poste en zones d'injection photovoltaïque HTA et en zone soutirage HTB
BERCY;BERCY;48.8372343173201;2.38628212872069;ÎLE-DE-FRANCE;Disponible;Poste pas concernée par des contraintes locales de réseau;Poste pas concernée par des contraintes locales de réseau
BERG9;BERGE;43.8363082474711;-0.872708286935189;NOUVELLE-AQUITAINE;Disponible;Poste pas concernée par des contraintes locales de réseau;Poste en zones de soutirage HTB
BERG5;BERGERAC;44.8358974842671;0.48542697715632;NOUVELLE-AQUITAINE;Disponible;Poste pas concernée par des contraintes locales de réseau;Poste pas concernée par des contraintes locales de réseau
BERGH;BERGHOLZ;48.9219902234601;7.10009555731607;GRAND EST;Disponible;Poste pas concernée par des contraintes locales de réseau;Poste en zones de soutirage HTB
BERLI;BERLIOZ (SNCF);48.7511177115075;2.440442997497;ÎLE-DE-FRANCE;Disponible;Poste pas concernée par des contraintes locales de réseau;Poste pas concernée par des contraintes locales de réseau
BERMO;BERMONTS;45.50492690502;6.56225974453201;AUVERGNE-RHôNE-ALPES;Disponible;Poste pas concernée par des contraintes locales de réseau;Poste pas concernée par des contraintes locales de réseau
BERNO;BERNO;48.5080459602581;-2.77807058510069;BRETAGNE;Disponible;Poste pas concernée par des contraintes locales de réseau;Poste pas concernée par des contraintes locales de réseau
BERN6;BERNOLSHEIM;48.7557939067509;7.68861139330884;GRAND EST;Disponible;Poste pas concernée par des contraintes locales de réseau;Poste pas concernée par des contraintes locales de réseau
BERRE;BERRE;43.4969178591565;5.20377944344895;PROVENCE-ALPES-CôTE D’AZUR;Disponible;Poste pas concernée par des contraintes locales de réseau;Poste pas concernée par des contraintes locales de réseau
BERTH;BERTHOLENE;44.394477017277;2.79715151268472;OCCITANIE;Disponible;Poste pas concernée par des contraintes locales de réseau;Poste pas concernée par des contraintes locales de réseau
BERT5;BERTHOLLET;48.8065611349942;2.32776390125376;ÎLE-DE-FRANCE;Disponible;Poste en zones de soutirage HTA;Poste en zones de soutirage HTA et HTB
BERTR;BERTRIC;45.3031389886627;0.361822584943211;NOUVELLE-AQUITAINE;Saturé;Poste en zones d'injection photovoltaïque HTA;Poste en zones d'injection photovoltaïque HTA et en zone soutirage HTB
BESSA;BESSANGES;45.0845101041976;-0.0577089171787782;NOUVELLE-AQUITAINE;Disponible;Poste en zones de soutirage HTA;Poste en zones de soutirage HTA et HTB
BESSE;BESSEGES;44.2907890243137;4.08898091349229;OCCITANIE;Disponible;Poste en zones de soutirage HTA;Poste en zones de soutirage HTA et HTB
BESS5;BESSEY;45.3837259907843;4.70291917014071;AUVERGNE-RHôNE-ALPES;Disponible;Poste en zones de soutirage HTA;Poste en zones de soutirage HTA et HTB
BETHI;BETHISY;49.2970187747802;2.79361687600191;HAUTS-DE-FRANCE;Disponible;Poste pas concernée par des contraintes locales de réseau;Poste pas concernée par des contraintes locales de réseau
BETHO;BETHONCOURT;47.5305523349405;6.79983110263631;BOURGOGNE-FRANCHE-COMTé;Disponible;Poste pas concernée par des contraintes locales de réseau;Poste pas concernée par des contraintes locales de réseau
BETTA;BETTANT;45.9507874657145;5.3597961761444;AUVERGNE-RHôNE-ALPES;Disponible;Poste pas concernée par des contraintes locales de réseau;Poste pas concernée par des contraintes locales de réseau
BETTI;BETTING;49.1397540764404;6.80555142826884;GRAND EST;Disponible;Poste en zones de soutirage HTA;Poste en zones de soutirage HTA et HTB
BEUVR;BEUVRY;50.5060438316528;2.68088890931172;HAUTS-DE-FRANCE;Disponible;Poste en zones de soutirage HTA;Poste en zones de soutirage HTA et HTB
BEYRE;BEYREDE;42.956787086369;0.37869030077439;OCCITANIE;Disponible;Poste pas concernée par des contraintes locales de réseau;Poste pas concernée par des contraintes locales de réseau
BEZAU;BEZAUMONT;48.8569984777397;6.0972533144302;GRAND EST;Disponible;Poste pas concernée par des contraintes locales de réseau;Poste pas concernée par des contraintes locales de réseau
BEZ.E;BEZIERS EST;43.3519445908001;3.25944872486481;OCCITANIE;Disponible;Poste pas concernée par des contraintes locales de réseau;Poste pas concernée par des contraintes locales de réseau
BEZON;BEZON;47.9065972102798;-2.41740635096384;BRETAGNE;Disponible;Poste pas concernée par des contraintes locales de réseau;Poste pas concernée par des contraintes locales de réseau
BIACA;BIACAVE;43.2673674755592;0.0586120514030912;OCCITANIE;Disponible;Poste en zones de soutirage HTA;Poste en zones de soutirage HTA et HTB
BIACH;BIACHE;50.315333185264;2.945653244118;HAUTS-DE-FRANCE;Disponible;Poste pas concernée par des contraintes locales de réseau;Poste pas concernée par des contraintes locales de réseau
BIANC;BIANCON;43.5948974394285;6.83595362727994;PROVENCE-ALPES-CôTE D’AZUR;Disponible;Poste pas concernée par des contraintes locales de réseau;Poste en zones de soutirage HTB
BIARR;BIARRITZ;43.4882704588823;-1.54786725322506;NOUVELLE-AQUITAINE;Disponible;Poste en zones de soutirage HTA;Poste en zones de soutirage HTA et HTB
BIBER;BIBERKIRCH;48.6709727339933;7.1005676170296;GRAND EST;Disponible;Poste pas concernée par des contraintes locales de réseau;Poste pas concernée par des contraintes locales de réseau
BIGNA;BIGNAN;47.8748316009732;-2.79197381130895;BRETAGNE;Disponible;Poste pas concernée par des contraintes locales de réseau;Poste pas concernée par des contraintes locales de réseau
BILLA;BILLANCOURT;48.8276839810975;2.2514359990324;ÎLE-DE-FRANCE;Disponible;Poste en zones de soutirage HTA;Poste en zones de soutirage HTA et HTB
BILLY;BILLY;46.2226346446306;3.42188352184766;AUVERGNE-RHôNE-ALPES;Disponible;Poste pas concernée par des contraintes locales de réseau;Poste pas concernée par des contraintes locales de réseau
BIOGE;BIOGE;46.324841309709;6.59628509875122;AUVERGNE-RHôNE-ALPES;Disponible;Poste en zones de soutirage HTA;Poste en zones de soutirage HTA et HTB
BIONN;BIONNAY;45.8722379186577;6.71972887408442;AUVERGNE-RHôNE-ALPES;Disponible;Poste pas concernée par des contraintes locales de réseau;Poste pas concernée par des contraintes locales de réseau
BIRON;BIRON;48.5429614366477;2.01932426981525;ÎLE-DE-FRANCE;Disponible;Poste en zones de soutirage HTA;Poste en zones de soutirage HTA et HTB
BISCH;BISCHHEIM;48.6153634329182;7.74119881087701;GRAND EST;Disponible;Poste pas concernée par des contraintes locales de réseau;Poste pas concernée par des contraintes locales de réseau
BISC5;BISCHWILLER;48.7708708407079;7.83304360990384;GRAND EST;Disponible;Poste pas concernée par des contraintes locales de réseau;Poste pas concernée par des contraintes locales de réseau
BISSO;BISSORTE;45.2024505636213;6.58454751283492;AUVERGNE-RHôNE-ALPES;Disponible;Poste pas concernée par des contraintes locales de réseau;Poste pas concernée par des contraintes locales de réseau
BISSY;BISSY;45.590158292725;5.90062170128433;AUVERGNE-RHôNE-ALPES;Disponible;Poste pas concernée par des contraintes locales de réseau;Poste en zones de soutirage HTB
BITCH;BITCHE;49.0687127607463;7.38377301450022;GRAND EST;Disponible;Poste pas concernée par des contraintes locales de réseau;Poste pas concernée par des contraintes locales de réseau
BIZAN;BIZANOS;43.2924539317866;-0.360780987472028;NOUVELLE-AQUITAINE;Disponible;Poste en zones de soutirage HTA;Poste en zones de soutirage HTA et HTB
BIZET;BIZETTE;47.8836736326194;1.88037564353764;CENTRE-VAL DE LOIRE;Disponible;Poste en zones de soutirage HTA;Poste en zones de soutirage HTA et HTB
BLAIN;BLAIN;47.4725783876032;-1.74541855462337;PAYS DE LA LOIRE;Disponible;Poste en zones de soutirage HTA;Poste en zones de soutirage HTA et HTB
BLANC;BLANCHARDIERE;47.0674055330823;-0.841271954670949;PAYS DE LA LOIRE;Disponible;Poste en zones de soutirage HTA;Poste en zones de soutirage HTA et HTB
BLANQ;BLANQUEFORT;44.9019183367958;-0.616855687592387;NOUVELLE-AQUITAINE;Disponible;Poste pas concernée par des contraintes locales de réseau;Poste pas concernée par des contraintes locales de réseau
BLANZ;BLANZY;46.7084491907621;4.40733391109479;BOURGOGNE-FRANCHE-COMTé;Disponible;Poste en zones de soutirage HTA;Poste en zones de soutirage HTA et HTB
BLARI;BLARINGHEM;50.6904976674385;2.40961028714623;HAUTS-DE-FRANCE;En construction (déduit selon data Capareseau);Poste pas concernée par des contraintes locales de réseau;Poste pas concernée par des contraintes locales de réseau
BLAVO;BLAVOZY;45.0520507008589;3.96327037653453;AUVERGNE-RHôNE-ALPES;Disponible;Poste en zones de soutirage HTA;Poste en zones de soutirage HTA et HTB
BLERE;BLERE;47.3098890920149;0.965220590383512;CENTRE-VAL DE LOIRE;Disponible;Poste en zones de soutirage HTA;Poste en zones de soutirage HTA et HTB
BLEVI;BLEVILLE;49.5268334382976;0.104648171319331;NORMANDIE;Disponible;Poste pas concernée par des contraintes locales de réseau;Poste pas concernée par des contraintes locales de réseau
BLOCA;BLOCAUX - GAUVILLE;49.7718954145745;1.78308518413135;HAUTS-DE-FRANCE;Disponible;Poste pas concernée par des contraintes locales de réseau;Poste pas concernée par des contraintes locales de réseau
BLO.N;BLOIS-NORD;47.5837718124587;1.29823456200919;CENTRE-VAL DE LOIRE;Disponible;Poste en zones de soutirage HTA;Poste en zones de soutirage HTA et HTB
BLOTT;BLOTTEREAU (SNCF);47.2360973555077;-1.48994443959551;PAYS DE LA LOIRE;Disponible;Poste pas concernée par des contraintes locales de réseau;Poste en zones de soutirage HTB
BOCAG;BOCAGE;49.090122773396;-0.632296928626564;NORMANDIE;Disponible;Poste pas concernée par des contraintes locales de réseau;Poste pas concernée par des contraintes locales de réseau
BODUT;BODUT (SNCF);46.0854367392938;0.223042141683301;NOUVELLE-AQUITAINE;Disponible;Poste pas concernée par des contraintes locales de réseau;Poste pas concernée par des contraintes locales de réseau
BOE;BOE;44.1730778871696;0.663194061268418;NOUVELLE-AQUITAINE;Saturé;Poste pas concernée par des contraintes locales de réseau;Poste pas concernée par des contraintes locales de réseau
BOEGE;BOEGE;46.210212441826;6.41826453059422;AUVERGNE-RHôNE-ALPES;Disponible;Poste en zones de soutirage HTA;Poste en zones de soutirage HTA et HTB
BOGNY;BOGNY;49.8605097013701;4.74943783342898;GRAND EST;Disponible;Poste en zones de soutirage HTA;Poste en zones de soutirage HTA et HTB
BOHAI;BOHAIN;49.9799877559751;3.4583093934904;HAUTS-DE-FRANCE;Disponible;Poste pas concernée par des contraintes locales de réseau;Poste pas concernée par des contraintes locales de réseau
B.MAN;BOINVILLE EN MANTOIS;48.9310323363627;1.74053133998073;ÎLE-DE-FRANCE;Disponible;Poste en zones de soutirage HTA;Poste en zones de soutirage HTA et HTB
B.BER;BOIS-BERNARD;50.3830294936703;2.91164444818795;HAUTS-DE-FRANCE;Disponible;Poste pas concernée par des contraintes locales de réseau;Poste pas concernée par des contraintes locales de réseau
B.DUR;BOIS-DURAND;45.5912932910439;-0.0342816976523677;NOUVELLE-AQUITAINE;Disponible;Poste pas concernée par des contraintes locales de réseau;Poste pas concernée par des contraintes locales de réseau
B.GUI;BOIS-GUILLAUME;49.4663828349628;1.13184411541498;NORMANDIE;Disponible;Poste pas concernée par des contraintes locales de réseau;Poste pas concernée par des contraintes locales de réseau
B.REN;BOIS-RENAUD (SNCF);48.4096395676332;2.11621506357898;ÎLE-DE-FRANCE;Disponible;Poste pas concernée par des contraintes locales de réseau;Poste pas concernée par des contraintes locales de réseau
BOIS5;BOISSEUIL;46.1020990751336;-0.664235937716212;NOUVELLE-AQUITAINE;Disponible;Poste pas concernée par des contraintes locales de réseau;Poste pas concernée par des contraintes locales de réseau
B.TOL;BOIS-TOLLOT;46.2502640106323;6.05590290546011;AUVERGNE-RHôNE-ALPES;Disponible;Poste pas concernée par des contraintes locales de réseau;Poste en zones de soutirage HTB
BOLL5;BOLLENE;44.3044675829663;4.73013733757918;PROVENCE-ALPES-CôTE D’AZUR;Disponible;Poste pas concernée par des contraintes locales de réseau;Poste en zones de soutirage HTB
BOLLE;BOLLENE(SPECIALISE);44.3037698701614;4.73698544246757;PROVENCE-ALPES-CôTE D’AZUR;Disponible;Poste pas concernée par des contraintes locales de réseau;Poste pas concernée par des contraintes locales de réseau
BOLOZ;BOLOZON;46.2106454319135;5.46467030974433;AUVERGNE-RHôNE-ALPES;Disponible;Poste pas concernée par des contraintes locales de réseau;Poste pas concernée par des contraintes locales de réseau
BONDY;BONDY;48.9085945148161;2.48932477100587;ÎLE-DE-FRANCE;Disponible;Poste pas concernée par des contraintes locales de réseau;Poste pas concernée par des contraintes locales de réseau
BONNA;BONNAT;46.3164683024406;1.89498733513297;NOUVELLE-AQUITAINE;Disponible;Poste pas concernée par des contraintes locales de réseau;Poste pas concernée par des contraintes locales de réseau
BONN6;BONNEAU;46.5986400043267;0.3938978663147;NOUVELLE-AQUITAINE;Disponible;Poste pas concernée par des contraintes locales de réseau;Poste en zones de soutirage HTB
BONN9;BONNETABLE;48.1850011486361;0.412539876070277;PAYS DE LA LOIRE;Disponible;Poste pas concernée par des contraintes locales de réseau;Poste pas concernée par des contraintes locales de réseau
BONNE;BONNETERRE;45.764092310761;4.88263526307924;AUVERGNE-RHôNE-ALPES;Disponible;Poste en zones de soutirage HTA;Poste en zones de soutirage HTA et HTB
BONN7;BONNEVAL;48.2010217319361;1.39929792200066;CENTRE-VAL DE LOIRE;Disponible;Poste pas concernée par des contraintes locales de réseau;Poste pas concernée par des contraintes locales de réseau
BONN4;BONNEVEAU;47.824943518809;0.747453830774418;CENTRE-VAL DE LOIRE;Disponible;Poste pas concernée par des contraintes locales de réseau;Poste pas concernée par des contraintes locales de réseau
BONN8;BONNEVILLE;46.0680920384728;6.39225606712316;AUVERGNE-RHôNE-ALPES;Disponible;Poste en zones de soutirage HTA;Poste en zones de soutirage HTA et HTB
BONNI;BONNIERES;49.022715816972;1.55945129900445;ÎLE-DE-FRANCE;Disponible;Poste pas concernée par des contraintes locales de réseau;Poste en zones de soutirage HTB
BOOS;BOOS;49.387992679102;1.20269148456678;NORMANDIE;Disponible;Poste en zones de soutirage HTA;Poste en zones de soutirage HTA et HTB
BOR.C;BORDEAUX-CENTRE;44.8404648148684;-0.576958509030515;NOUVELLE-AQUITAINE;Disponible;Poste en zones de soutirage HTA;Poste en zones de soutirage HTA et HTB
BORDE;BORDERES;42.8995552308268;0.364314459414102;OCCITANIE;Disponible;Poste en zones d'injection photovoltaïque HTA;Poste en zones d'injection photovoltaïque HTA et HTB
BORD5;BORDES;42.8961942084371;1.02897337383557;OCCITANIE;Disponible;Poste pas concernée par des contraintes locales de réseau;Poste en zones d'injection photovoltaïque HTB
BORDI;BORDIERES;43.4725054878955;1.58925660701138;OCCITANIE;Disponible;Poste en zones de soutirage HTA;Poste en zones de soutirage HTA et HTB
BORLY;BORLY;46.1802992210146;6.28001021439372;AUVERGNE-RHôNE-ALPES;Disponible;Poste pas concernée par des contraintes locales de réseau;Poste pas concernée par des contraintes locales de réseau
BORNY;BORNY;49.114455351355;6.24769264955568;GRAND EST;Disponible;Poste pas concernée par des contraintes locales de réseau;Poste pas concernée par des contraintes locales de réseau
BOSCH;BOSCHERVILLE;49.2813436006823;0.882635372180196;NORMANDIE;Disponible;Poste en zones de soutirage HTA;Poste en zones de soutirage HTA et HTB
BOUCE;BOUCEY;48.5524816005318;-1.48020378977596;NORMANDIE;Disponible;Poste en zones de soutirage HTA;Poste en zones de soutirage HTA et HTB
BOUDE;BOUDEYRE;44.5754626672865;4.3735035030095;AUVERGNE-RHôNE-ALPES;Disponible;Poste pas concernée par des contraintes locales de réseau;Poste pas concernée par des contraintes locales de réseau
BOUE;BOUE;50.0188298339509;3.69131473858859;HAUTS-DE-FRANCE;Disponible;Poste pas concernée par des contraintes locales de réseau;Poste pas concernée par des contraintes locales de réseau
BOUFF;BOUFFERE;46.9748357860637;-1.33899459062271;PAYS DE LA LOIRE;Disponible;Poste en zones de soutirage HTA;Poste en zones de soutirage HTA et HTB
BOULA;BOULAY;49.1889482300292;6.48487400914589;GRAND EST;Disponible;Poste pas concernée par des contraintes locales de réseau;Poste pas concernée par des contraintes locales de réseau
BOULB;BOULBONNE;43.2947633293364;1.551673742468;OCCITANIE;Disponible;Poste en zones d'injection photovoltaïque HTA;Poste en zones d'injection photovoltaïque HTA et HTB
BOULI;BOULIEU;45.2651509779834;4.66916044499716;AUVERGNE-RHôNE-ALPES;Disponible;Poste en zones de soutirage HTA;Poste en zones de soutirage HTA et HTB
B.GES;BOULOGNE SUR GESSE;43.292121576387;0.665030966310083;OCCITANIE;Disponible;Poste en zones d'injection photovoltaïque HTA;Poste en zones d'injection photovoltaïque HTA et HTB
BZBAK;BOURBAKI;49.4367060403363;1.06322549667059;NORMANDIE;Disponible;Poste pas concernée par des contraintes locales de réseau;Poste pas concernée par des contraintes locales de réseau
BZBEL;BOURBEL;49.9055638040782;1.67750081731518;NORMANDIE;Disponible;Poste pas concernée par des contraintes locales de réseau;Poste pas concernée par des contraintes locales de réseau
B.ARC;BOURBON-L ARCHAMBAULT;46.5801755257294;3.06414721403162;AUVERGNE-RHôNE-ALPES;Disponible;Poste en zones d'injection photovoltaïque HTA;Poste en zones d'injection photovoltaïque HTA et HTB
BZBON;BOURBONNE;47.9739497682086;5.74239965964594;GRAND EST;Disponible;Poste pas concernée par des contraintes locales de réseau;Poste pas concernée par des contraintes locales de réseau
BZGAY;BOURGAY;49.5350213494472;1.04739613771548;NORMANDIE;Disponible;Poste pas concernée par des contraintes locales de réseau;Poste pas concernée par des contraintes locales de réseau
B.THI;BOURG-DE-THIZY;46.0356680715082;4.28819847711588;AUVERGNE-RHôNE-ALPES;Disponible;Poste en zones de soutirage HTA;Poste en zones de soutirage HTA et HTB
BZGET;BOURGET(LE);48.9343547942826;2.43812417993224;ÎLE-DE-FRANCE;Disponible;Poste en zones de soutirage HTA;Poste en zones de soutirage HTA et HTB
B.MAU;BOURG-ST-MAURICE;45.6109139225921;6.77385756962392;AUVERGNE-RHôNE-ALPES;Disponible;Poste pas concernée par des contraintes locales de réseau;Poste pas concernée par des contraintes locales de réseau
BZGUE;BOURGUEIL;47.2730418320802;0.169631150308298;CENTRE-VAL DE LOIRE;Disponible;Poste pas concernée par des contraintes locales de réseau;Poste pas concernée par des contraintes locales de réseau
BZGUI;BOURGUIGNON;47.4137194273213;6.77949613767733;BOURGOGNE-FRANCHE-COMTé;Disponible;Poste pas concernée par des contraintes locales de réseau;Poste en zones de soutirage HTB
BZNIL;BOURNILLON;45.0609575445917;5.42727942891548;AUVERGNE-RHôNE-ALPES;Disponible;Poste pas concernée par des contraintes locales de réseau;Poste pas concernée par des contraintes locales de réseau
BZSEU;BOURSEUL;48.4450567399732;-2.28417748923884;BRETAGNE;Disponible;Poste en zones de soutirage HTA;Poste en zones de soutirage HTA et HTB
BOUSC;BOUSCAT-CAUDERAN;44.9089625062623;-0.666716924885507;NOUVELLE-AQUITAINE;Disponible;Poste en zones de soutirage HTA;Poste en zones de soutirage HTA et HTB
BOUS5;BOUSSAC;46.3536925594489;2.22218607890144;NOUVELLE-AQUITAINE;Saturé;Poste en zones d'injection photovoltaïque HTA;Poste en zones d'injection photovoltaïque HTA et HTB
BOUTR;BOUTRE;43.6914323187634;5.83124113273022;PROVENCE-ALPES-CôTE D’AZUR;Disponible;Poste pas concernée par des contraintes locales de réseau;Poste en zones d'injection photovoltaïque HTB
B.PRO;BOUTRE-PROVENCE;43.6880985947465;5.83150069259683;PROVENCE-ALPES-CôTE D’AZUR;Disponible;Poste pas concernée par des contraintes locales de réseau;Poste pas concernée par des contraintes locales de réseau
BOUZO;BOUZONVILLE;49.2972485621727;6.51783337168979;GRAND EST;Disponible;Poste en zones de soutirage HTA;Poste en zones de soutirage HTA et HTB
BOZEL;BOZEL;45.4394217272433;6.64682669629889;AUVERGNE-RHôNE-ALPES;Disponible;Poste en zones de soutirage HTA;Poste en zones de soutirage HTA et HTB
BRABO;BRABOIS;48.645161659085;6.13728540321802;GRAND EST;Disponible;Poste en zones de soutirage HTA;Poste en zones de soutirage HTA et HTB
BRACH;BRACHAY;45.8473813301297;5.77248418330992;AUVERGNE-RHôNE-ALPES;Disponible;Poste pas concernée par des contraintes locales de réseau;Poste pas concernée par des contraintes locales de réseau
BRAIN;BRAINS;47.1729727952388;-1.69334744806465;PAYS DE LA LOIRE;Disponible;Poste pas concernée par des contraintes locales de réseau;Poste pas concernée par des contraintes locales de réseau
BRANT;BRANTOME;45.386572808259;0.629893902968583;NOUVELLE-AQUITAINE;Saturé;Poste en zones de soutirage HTA;Poste en zones de soutirage HTA et HTB
BRAUD;BRAUD;45.265985987985;-0.631894936675541;NOUVELLE-AQUITAINE;Disponible;Poste pas concernée par des contraintes locales de réseau;Poste pas concernée par des contraintes locales de réseau
BREAU;BREAU;47.8090258617848;3.5493406917086;BOURGOGNE-FRANCHE-COMTé;Disponible;Poste en zones d'injection photovoltaïque HTA;Poste en zones d'injection photovoltaïque HTA et HTB
BREI5;BREIL;47.4743078408505;0.150351811400712;PAYS DE LA LOIRE;Disponible;Poste pas concernée par des contraintes locales de réseau;Poste pas concernée par des contraintes locales de réseau
BREIL;BREIL;43.9123651290722;7.51677875421134;PROVENCE-ALPES-CôTE D’AZUR;Disponible;Poste pas concernée par des contraintes locales de réseau;Poste pas concernée par des contraintes locales de réseau
BRENN;BRENNILIS;48.354645044842;-3.86825425516959;BRETAGNE;En construction (déduit selon data Capareseau);Poste pas concernée par des contraintes locales de réseau;Poste pas concernée par des contraintes locales de réseau
BRENO;BRENOUILLE;49.3152881188917;2.54874911454008;HAUTS-DE-FRANCE;Disponible;Poste pas concernée par des contraintes locales de réseau;Poste pas concernée par des contraintes locales de réseau
BREN5;BRENS;43.8928067641228;1.93861031241046;OCCITANIE;Disponible;Poste pas concernée par des contraintes locales de réseau;Poste en zones d'injection photovoltaïque HTB
BRESS;BRESSUIRE;46.8337710548627;-0.468702207370013;NOUVELLE-AQUITAINE;Disponible;Poste pas concernée par des contraintes locales de réseau;Poste en zones d'injection photovoltaïque HTB
BRE.R;BREST RADE;48.3859031136192;-4.47142740509176;BRETAGNE;Disponible;Poste pas concernée par des contraintes locales de réseau;Poste pas concernée par des contraintes locales de réseau
BRETA;BRETAGNE;43.8727052055572;0.140736439304897;OCCITANIE;Disponible;Poste pas concernée par des contraintes locales de réseau;Poste pas concernée par des contraintes locales de réseau
BRET5;BRETEUIL;49.6272730606748;2.3078956020713;HAUTS-DE-FRANCE;Disponible;Poste pas concernée par des contraintes locales de réseau;Poste pas concernée par des contraintes locales de réseau
BREUI;BREUIL(LE);45.2462876205163;2.21391657518496;NOUVELLE-AQUITAINE;Disponible;Poste pas concernée par des contraintes locales de réseau;Poste pas concernée par des contraintes locales de réseau
BREV6;BREVAL;49.0217455829319;2.01487859395317;ÎLE-DE-FRANCE;Disponible;Poste en zones de soutirage HTA;Poste en zones de soutirage HTA et HTB
BREV7;BREVANNES (SNCF);48.7578821104242;2.46815899269292;ÎLE-DE-FRANCE;Disponible;Poste pas concernée par des contraintes locales de réseau;Poste pas concernée par des contraintes locales de réseau
BREVI;BREVIERES (LES);45.5044343562009;6.92453311479095;AUVERGNE-RHôNE-ALPES;Disponible;Poste pas concernée par des contraintes locales de réseau;Poste pas concernée par des contraintes locales de réseau
BRIAN;BRIANCON;44.8661687083279;6.61630272112673;PROVENCE-ALPES-CôTE D’AZUR;Disponible;Poste pas concernée par des contraintes locales de réseau;Poste pas concernée par des contraintes locales de réseau
BRIAR;BRIARE;47.6356176018615;2.76221980092202;CENTRE-VAL DE LOIRE;Disponible;Poste pas concernée par des contraintes locales de réseau;Poste pas concernée par des contraintes locales de réseau
BRICH;BRICHE (LA);48.9456480601675;2.34397758634769;ÎLE-DE-FRANCE;Disponible;Poste en zones de soutirage HTA;Poste en zones de soutirage HTA et HTB
BRIEC;BRIEC;48.0989557700593;-4.02620256449216;BRETAGNE;Disponible;Poste en zones de soutirage HTA;Poste en zones de soutirage HTA et HTB
BRIEN;BRIENNE;48.4139662849212;4.5196849865153;GRAND EST;Disponible;Poste pas concernée par des contraintes locales de réseau;Poste pas concernée par des contraintes locales de réseau
BRIOU;BRIOUDE;45.298448185646;3.3864936557926;AUVERGNE-RHôNE-ALPES;Disponible;Poste en zones d'injection photovoltaïque HTA;Poste en zones d'injection photovoltaïque HTA et HTB
BRIO6;BRIOUX SUR BOUTONNE;46.1434738485869;-0.2358740297058;NOUVELLE-AQUITAINE;Disponible;Poste pas concernée par des contraintes locales de réseau;Poste pas concernée par des contraintes locales de réseau
BRIS;BRIS;45.7781615426844;-0.491983283082252;NOUVELLE-AQUITAINE;Disponible;Poste pas concernée par des contraintes locales de réseau;Poste pas concernée par des contraintes locales de réseau
BRIZE;BRIZEAUX (LES);46.3482140610043;-0.43459007429895;NOUVELLE-AQUITAINE;Disponible;Poste pas concernée par des contraintes locales de réseau;Poste pas concernée par des contraintes locales de réseau
B.CAR;BROC-CARROS(LE);43.8028139519477;7.19195859304956;PROVENCE-ALPES-CôTE D’AZUR;Disponible;Poste en zones de soutirage HTA;Poste en zones de soutirage HTA et HTB
BROMM;BROMMAT;44.7675010644948;2.68287367020905;OCCITANIE;Disponible;Poste pas concernée par des contraintes locales de réseau;Poste pas concernée par des contraintes locales de réseau
BROTT;BROTTEAUX;45.7697168909255;4.85137525287489;AUVERGNE-RHôNE-ALPES;Disponible;Poste en zones de soutirage HTA;Poste en zones de soutirage HTA et HTB
BROU;BROU;46.2000549344662;5.23888103871528;AUVERGNE-RHôNE-ALPES;Disponible;Poste en zones de soutirage HTA;Poste en zones de soutirage HTA et HTB
BROU5;BROU;48.225068280137;1.16293624908441;CENTRE-VAL DE LOIRE;Disponible;Poste pas concernée par des contraintes locales de réseau;Poste pas concernée par des contraintes locales de réseau
BROUS;BROUSSEVAL;48.4946055397729;4.96992761331993;GRAND EST;Disponible;Poste pas concernée par des contraintes locales de réseau;Poste pas concernée par des contraintes locales de réseau
BROUZ;BROUZEN;44.1344876997839;4.07561780070612;OCCITANIE;Disponible;Poste en zones de soutirage HTA;Poste en zones de soutirage HTA et HTB
BRUCH;BRUCH;44.2059698058636;0.414532522557024;NOUVELLE-AQUITAINE;Saturé;Poste pas concernée par des contraintes locales de réseau;Poste pas concernée par des contraintes locales de réseau
BRUFF;BRUFFIERE;47.002344940976;-1.15494501674777;PAYS DE LA LOIRE;Disponible;Poste en zones de soutirage HTA;Poste en zones de soutirage HTA et HTB
BRUGE;BRUGES;44.8909306597214;-0.63743322514137;NOUVELLE-AQUITAINE;Disponible;Poste en zones de soutirage HTA;Poste en zones de soutirage HTA et HTB
BRUMA;BRUMATH;48.7297823452144;7.70655469511291;GRAND EST;Disponible;Poste pas concernée par des contraintes locales de réseau;Poste pas concernée par des contraintes locales de réseau
BRUNE;BRUNET;43.1311084198221;5.96369217024625;PROVENCE-ALPES-CôTE D’AZUR;Disponible;Poste en zones de soutirage HTA;Poste en zones de soutirage HTA et HTB
BRUNN;BRUNNENWASSER;48.1642086630752;7.54320292959269;GRAND EST;Disponible;Poste pas concernée par des contraintes locales de réseau;Poste pas concernée par des contraintes locales de réseau
BRUNO;BRUNOY (SNCF);48.6920673771173;2.51509652470158;ÎLE-DE-FRANCE;Disponible;Poste pas concernée par des contraintes locales de réseau;Poste pas concernée par des contraintes locales de réseau
BRUZ;BRUZ;48.0099519402236;-1.77360164183064;BRETAGNE;Disponible;Poste en zones de soutirage HTA;Poste en zones de soutirage HTA et HTB
BUGEL;BUGELLERIE;46.608065960986;0.343022774429134;NOUVELLE-AQUITAINE;Disponible;Poste en zones de soutirage HTA;Poste en zones de soutirage HTA et HTB
BUIRE;BUIRE;49.915773127;4.04937864673177;HAUTS-DE-FRANCE;En construction (déduit selon data Capareseau);Poste pas concernée par des contraintes locales de réseau;Poste pas concernée par des contraintes locales de réseau
B.RON;BUISSON-ROND;45.5645415540193;5.94268698533112;AUVERGNE-RHôNE-ALPES;Disponible;Poste en zones de soutirage HTA;Poste en zones de soutirage HTA et HTB
BUQUE;BUQUET;49.8379397788838;0.95876031842166;NORMANDIE;Disponible;Poste pas concernée par des contraintes locales de réseau;Poste pas concernée par des contraintes locales de réseau
BURCI;BURCIN;45.4285963363363;5.43263685823699;AUVERGNE-RHôNE-ALPES;Disponible;Poste en zones de soutirage HTA;Poste en zones de soutirage HTA et HTB
BUSSI;BUSSIERES;45.8330180946489;4.27379296196046;AUVERGNE-RHôNE-ALPES;Disponible;Poste en zones de soutirage HTA;Poste en zones de soutirage HTA et HTB
BUTTA;BUTTAVENT;48.320731646939;-0.706293634799213;PAYS DE LA LOIRE;Disponible;Poste pas concernée par des contraintes locales de réseau;Poste pas concernée par des contraintes locales de réseau
BUTTE;BUTTE;48.2261714092205;-1.21223413427302;BRETAGNE;Disponible;Poste en zones de soutirage HTA;Poste en zones de soutirage HTA et HTB
B.CHA;BUTTES-CHAUMONT;48.8753911292883;2.37622205730333;ÎLE-DE-FRANCE;Disponible;Poste en zones de soutirage HTA;Poste en zones de soutirage HTA et HTB
BUZAN;BUZANCAIS;46.8915474498629;1.39773897608062;CENTRE-VAL DE LOIRE;Disponible;Poste pas concernée par des contraintes locales de réseau;Poste pas concernée par des contraintes locales de réseau
BUZEN;BUZENVAL;48.8507693705212;2.19910679622527;ÎLE-DE-FRANCE;Disponible;Poste pas concernée par des contraintes locales de réseau;Poste pas concernée par des contraintes locales de réseau
CABA5;CABANES DE FITOU;42.895332586895;2.99810790476396;OCCITANIE;Disponible;Poste en zones d'injection photovoltaïque HTA;Poste en zones d'injection photovoltaïque HTA
CABAR;Cabardes;43.336651724553;2.18347639122636;OCCITANIE;En construction (déduit selon data Capareseau);Poste pas concernée par des contraintes locales de réseau;Poste pas concernée par des contraintes locales de réseau
CABES;CABESTANY;42.6860574993533;2.92313658938978;OCCITANIE;Disponible;Poste en zones de soutirage HTA;Poste en zones de soutirage HTA et HTB
CAEN;CAEN;49.1809883199537;-0.345961476671211;NORMANDIE;Disponible;Poste en zones de soutirage HTA;Poste en zones de soutirage HTA et HTB
C.MER;CAGNES-SUR-MER;43.6613077160856;7.13102025314841;PROVENCE-ALPES-CôTE D’AZUR;Disponible;Poste en zones de soutirage HTA;Poste en zones de soutirage HTA et HTB
CAHOR;CAHORS;44.4493873621744;1.43069270042304;OCCITANIE;Disponible;Poste en zones d'injection photovoltaïque HTA;Poste en zones d'injection photovoltaïque HTA et HTB
CAIL5;CAILLOLS;43.2933177841064;5.45975153266928;PROVENCE-ALPES-CôTE D’AZUR;Disponible;Poste en zones de soutirage HTA;Poste en zones de soutirage HTA et HTB
C.FO6;CAILLOUX-SUR-FONTAINES;45.8653681071207;4.89983717530825;AUVERGNE-RHôNE-ALPES;Disponible;Poste pas concernée par des contraintes locales de réseau;Poste en zones de soutirage HTB
CAJAR;CAJARC;44.4752619985371;1.83202344664954;OCCITANIE;Disponible;Poste en zones d'injection photovoltaïque HTA;Poste en zones d'injection photovoltaïque HTA et HTB
CALAI;CALAIS;50.9319345815937;1.84820075102281;HAUTS-DE-FRANCE;Disponible;Poste pas concernée par des contraintes locales de réseau;Poste pas concernée par des contraintes locales de réseau
CALA5;CALANS;47.8799491049755;-3.30304503758795;BRETAGNE;Disponible;Poste pas concernée par des contraintes locales de réseau;Poste pas concernée par des contraintes locales de réseau
CALYP;CALYPSO;45.2242768314268;6.44801876014639;AUVERGNE-RHôNE-ALPES;Disponible;Poste pas concernée par des contraintes locales de réseau;Poste pas concernée par des contraintes locales de réseau
CAMBO;CAMBOLLE;49.0415058310898;1.09481043446809;NORMANDIE;Disponible;Poste en zones de soutirage HTA;Poste en zones de soutirage HTA et HTB
CAMBR;CAMBRAI;50.1801710059948;3.24287675300538;HAUTS-DE-FRANCE;Disponible;Poste pas concernée par des contraintes locales de réseau;Poste pas concernée par des contraintes locales de réseau
CAMON;CAMON;43.0942438197062;0.66886550262102;OCCITANIE;Disponible;Poste pas concernée par des contraintes locales de réseau;Poste en zones d'injection photovoltaïque HTB
CAMPA;CAMPAGNAC;44.4217318830235;3.06358147647793;OCCITANIE;Disponible;Poste pas concernée par des contraintes locales de réseau;Poste pas concernée par des contraintes locales de réseau
CAMP6;CAMPAGNE;44.8967553299173;0.971640141595633;NOUVELLE-AQUITAINE;Disponible;Poste pas concernée par des contraintes locales de réseau;Poste pas concernée par des contraintes locales de réseau
CAMP5;CAMPAN;43.027748047113;0.171716151817463;OCCITANIE;Disponible;Poste pas concernée par des contraintes locales de réseau;Poste pas concernée par des contraintes locales de réseau
CANCO;CANCON;44.5368116058059;0.646946293068709;NOUVELLE-AQUITAINE;Saturé;Poste en zones d'injection photovoltaïque HTA;Poste en zones d'injection photovoltaïque HTA et HTB
CANET;CANET-EN-ROUSSILLON;42.707887292946;2.98572633982504;OCCITANIE;Disponible;Poste en zones de soutirage HTA;Poste en zones de soutirage HTA et HTB
CANNE;CANNES;43.5561604343679;7.02437489474838;PROVENCE-ALPES-CôTE D’AZUR;Disponible;Poste pas concernée par des contraintes locales de réseau;Poste pas concernée par des contraintes locales de réseau
CANTE;CANTEGRIT;44.0128140919895;-0.887497948258285;NOUVELLE-AQUITAINE;Disponible;Poste en zones d'injection photovoltaïque HTA;Poste en zones d'injection photovoltaïque HTA et HTB
CAPEL;CAPELLE (LA);49.9739322423275;3.93404397943938;HAUTS-DE-FRANCE;Disponible;Poste pas concernée par des contraintes locales de réseau;Poste pas concernée par des contraintes locales de réseau
CARBO;CARBONNE;43.28491471166;1.21751636556088;OCCITANIE;Disponible;Poste en zones d'injection photovoltaïque HTA;Poste en zones d'injection photovoltaïque HTA et en zone soutirage HTB
CARB2;CARBONNE 2;43.285781766768;1.21798691623221;OCCITANIE;En construction (déduit selon data Capareseau);Poste pas concernée par des contraintes locales de réseau;Poste pas concernée par des contraintes locales de réseau
CARC5;CARCASSONNE;43.2188188615092;2.33142521223034;OCCITANIE;Disponible;Poste pas concernée par des contraintes locales de réseau;Poste pas concernée par des contraintes locales de réseau
C.LEM;CARDINAL-LEMOINE;48.8489895819224;2.35311466117024;ÎLE-DE-FRANCE;Disponible;Poste en zones de soutirage HTA;Poste en zones de soutirage HTA et HTB
CARDI;CARDINET;48.8833946552482;2.31759959398325;ÎLE-DE-FRANCE;Disponible;Poste en zones de soutirage HTA;Poste en zones de soutirage HTA et HTB
CARHA;CARHAIX;48.2846557493331;-3.55554411799332;BRETAGNE;Disponible;Poste pas concernée par des contraintes locales de réseau;Poste pas concernée par des contraintes locales de réseau
CARNO;CARNOULES;43.2975259493885;6.17431886770817;PROVENCE-ALPES-CôTE D’AZUR;Disponible;Poste en zones de soutirage HTA;Poste en zones de soutirage HTA et HTB
CARP5;CARPENTIER (SNCF);49.5392698027204;-1.62800490298573;NORMANDIE;Disponible;Poste pas concernée par des contraintes locales de réseau;Poste en zones de soutirage HTB
CARPE;CARPENTRAS;44.062291122338;5.04748961697915;PROVENCE-ALPES-CôTE D’AZUR;Disponible;Poste en zones de soutirage HTA;Poste en zones de soutirage HTA et HTB
CARQ5;CARQUEFOU;47.2851653760953;-1.47848705957656;PAYS DE LA LOIRE;Disponible;Poste en zones de soutirage HTA;Poste en zones de soutirage HTA et HTB
CARQU;CARQUEIRANNE;43.1076151286297;6.08791010153853;PROVENCE-ALPES-CôTE D’AZUR;Disponible;Poste en zones de soutirage HTA;Poste en zones de soutirage HTA et HTB
CARR5;CARRES(LES);48.6608300650268;2.18801304398692;ÎLE-DE-FRANCE;Disponible;Poste pas concernée par des contraintes locales de réseau;Poste pas concernée par des contraintes locales de réseau
CARRI;CARRIERES;49.2432409482206;2.44151449056505;HAUTS-DE-FRANCE;Disponible;Poste en zones de soutirage HTA;Poste en zones de soutirage HTA et HTB
CARVI;CARVIN;50.4711482577951;2.95535665061919;HAUTS-DE-FRANCE;Disponible;Poste pas concernée par des contraintes locales de réseau;Poste pas concernée par des contraintes locales de réseau
CASTA;CASTAGNARY;48.8356561109781;2.31037994263826;ÎLE-DE-FRANCE;Disponible;Poste en zones de soutirage HTA;Poste en zones de soutirage HTA et HTB
CSLJA;CASTELJALOUX;44.3190096502091;0.0943054340425341;NOUVELLE-AQUITAINE;Saturé;Poste en zones de soutirage HTA;Poste en zones de soutirage HTA et HTB
CSLLA;Castellane;43.8454374780701;6.53826461532344;PROVENCE-ALPES-CôTE D’AZUR;Disponible;Poste en zones d'injection photovoltaïque HTA;Poste en zones d'injection photovoltaïque HTA et HTB
CSLN5;CASTELNAU;43.6290806712265;3.90772519538093;OCCITANIE;Disponible;Poste pas concernée par des contraintes locales de réseau;Poste en zones de soutirage HTB
CSLSA;CASTELSARRASIN;44.0399879441111;1.11970125987983;OCCITANIE;Disponible;Poste en zones de soutirage HTA;Poste en zones de soutirage HTA et HTB
CASTI;CASTILLON;43.8776990609867;6.53913868790098;PROVENCE-ALPES-CôTE D’AZUR;Disponible;Poste en zones d'injection photovoltaïque HTA;Poste en zones d'injection photovoltaïque HTA et HTB
CASTO;CASTOR;49.9471640853517;3.0898273484601;HAUTS-DE-FRANCE;Disponible;Poste pas concernée par des contraintes locales de réseau;Poste pas concernée par des contraintes locales de réseau
CAS.S;CASTRES-SUD;43.5847942068221;2.2416823452483;OCCITANIE;Disponible;Poste pas concernée par des contraintes locales de réseau;Poste pas concernée par des contraintes locales de réseau
CATEN;CATENOY;49.3671448040993;2.52036394411455;HAUTS-DE-FRANCE;Disponible;Poste pas concernée par des contraintes locales de réseau;Poste pas concernée par des contraintes locales de réseau
CAUDE;CAUDEAU;44.8721166864468;0.488339001789856;NOUVELLE-AQUITAINE;Disponible;Poste pas concernée par des contraintes locales de réseau;Poste pas concernée par des contraintes locales de réseau
CAUD5;CAUDEBECQUET;49.5218769732258;0.757801523953766;NORMANDIE;Disponible;Poste en zones de soutirage HTA;Poste en zones de soutirage HTA et HTB
CAUDI;CAUDIERE;50.4019583842456;1.60283436147821;HAUTS-DE-FRANCE;Disponible;Poste pas concernée par des contraintes locales de réseau;Poste pas concernée par des contraintes locales de réseau
CAUDR;CAUDRY;50.1340512215282;3.4172477148703;HAUTS-DE-FRANCE;Disponible;Poste pas concernée par des contraintes locales de réseau;Poste pas concernée par des contraintes locales de réseau
CAULA;CAULAINCOURT;48.891196389037;2.33357647930083;ÎLE-DE-FRANCE;Disponible;Poste en zones de soutirage HTA;Poste en zones de soutirage HTA et HTB
CAUMO;CAUMONT;49.0892054393486;-0.82400418118631;NORMANDIE;Disponible;Poste en zones de soutirage HTA;Poste en zones de soutirage HTA et HTB
QUERC;Causses de Quercy;44.3024065592581;1.83337209507053;OCCITANIE;Disponible;Poste pas concernée par des contraintes locales de réseau;Poste pas concernée par des contraintes locales de réseau
CAVAI;CAVAILLON;43.8502485453098;5.03653216900181;PROVENCE-ALPES-CôTE D’AZUR;Disponible;Poste pas concernée par des contraintes locales de réseau;Poste pas concernée par des contraintes locales de réseau
CAVAL;CAVALAIRE;43.1832303662187;6.51881398309213;PROVENCE-ALPES-CôTE D’AZUR;Disponible;Poste pas concernée par des contraintes locales de réseau;Poste pas concernée par des contraintes locales de réseau
CAZAL;CAZALIS;44.3320762950272;-0.350694808055616;NOUVELLE-AQUITAINE;Disponible;Poste en zones de soutirage HTA;Poste en zones de soutirage HTA et HTB
CAZAR;CAZARIL;43.1712892473479;0.513208971372641;OCCITANIE;Disponible;Poste pas concernée par des contraintes locales de réseau;Poste pas concernée par des contraintes locales de réseau
CAZAU;CAZAUX;44.5400707776911;-1.16035919535865;NOUVELLE-AQUITAINE;Disponible;Poste pas concernée par des contraintes locales de réseau;Poste pas concernée par des contraintes locales de réseau
CAZED;CAZEDARNES;43.4195482221663;3.04258414010899;OCCITANIE;Disponible;Poste en zones de soutirage HTA;Poste en zones de soutirage HTA et HTB
CAZER;CAZERES;43.2130182021809;1.08303561209806;OCCITANIE;Disponible;Poste pas concernée par des contraintes locales de réseau;Poste en zones de soutirage HTB
CAZE5;CAZERIE;49.5004084101409;1.25726086233289;NORMANDIE;Disponible;Poste pas concernée par des contraintes locales de réseau;Poste pas concernée par des contraintes locales de réseau
CEBAZ;CEBAZAT;45.8442577689014;3.10931872550641;AUVERGNE-RHôNE-ALPES;Disponible;Poste en zones de soutirage HTA;Poste en zones de soutirage HTA et HTB
CELLE;CELLES;45.8733554242715;3.64139240320977;AUVERGNE-RHôNE-ALPES;Disponible;Poste en zones de soutirage HTA;Poste en zones de soutirage HTA et HTB
CENON;CENON;44.8545217079941;-0.528215218559371;NOUVELLE-AQUITAINE;Disponible;Poste en zones de soutirage HTA;Poste en zones de soutirage HTA et HTB
C.AL5;CENTRE-ALLIER;46.4965478975295;3.19974046273417;AUVERGNE-RHôNE-ALPES;Disponible;Poste pas concernée par des contraintes locales de réseau;Poste pas concernée par des contraintes locales de réseau
C.BUE;CENTRE-BUECH;44.4191362572915;5.77341907836825;PROVENCE-ALPES-CôTE D’AZUR;Disponible;Poste pas concernée par des contraintes locales de réseau;Poste pas concernée par des contraintes locales de réseau
CERET;CERET;42.4949227700447;2.72739232226962;OCCITANIE;Disponible;Poste pas concernée par des contraintes locales de réseau;Poste pas concernée par des contraintes locales de réseau
CERGY;CERGY;49.0483204055541;2.0583226839708;ÎLE-DE-FRANCE;Disponible;Poste en zones de soutirage HTA;Poste en zones de soutirage HTA et HTB
CERIZ;CERIZAY;46.8301532618899;-0.645794146505365;NOUVELLE-AQUITAINE;Disponible;Poste pas concernée par des contraintes locales de réseau;Poste pas concernée par des contraintes locales de réseau
CERNA;CERNAY;49.2720194127135;4.08649594425766;GRAND EST;Disponible;Poste pas concernée par des contraintes locales de réseau;Poste pas concernée par des contraintes locales de réseau
CESSE;CESSE;43.2853020542295;2.91442087742617;OCCITANIE;Disponible;Poste en zones d'injection photovoltaïque HTA;Poste en zones d'injection photovoltaïque HTA et HTB
CESSO;CESSON (SNCF);48.1098764885945;-1.62174763725491;BRETAGNE;Disponible;Poste en zones de soutirage HTA;Poste en zones de soutirage HTA et HTB
CESTA;CESTAS;44.7201564192831;-0.797758052385007;NOUVELLE-AQUITAINE;Disponible;Poste en zones de soutirage HTA;Poste en zones de soutirage HTA et HTB
CHABA;CHABANAIS;45.8757603772143;0.693854972560612;NOUVELLE-AQUITAINE;Saturé;Poste en zones d'injection photovoltaïque HTA;Poste en zones d'injection photovoltaïque HTA et HTB
CHABO;CHABOSSIERE (LA);47.2065757026107;-1.68535512756535;PAYS DE LA LOIRE;Disponible;Poste pas concernée par des contraintes locales de réseau;Poste pas concernée par des contraintes locales de réseau
CHAB6;CHABOT;46.9415651917865;-0.896292668156805;PAYS DE LA LOIRE;Disponible;Poste en zones de soutirage HTA;Poste en zones de soutirage HTA et HTB
CHACE;CHACE;47.2076163755093;-0.0600170786855964;PAYS DE LA LOIRE;Disponible;Poste pas concernée par des contraintes locales de réseau;Poste pas concernée par des contraintes locales de réseau
CHAFA;CHAFAUDS;47.8301456306057;1.68044331826031;CENTRE-VAL DE LOIRE;Disponible;Poste en zones de soutirage HTA;Poste en zones de soutirage HTA et HTB
CHAIN;CHAINGY;47.8754457253775;1.8022968999158;CENTRE-VAL DE LOIRE;Disponible;Poste en zones de soutirage HTA;Poste en zones de soutirage HTA et HTB
CHAL7;CHALAMPE;47.8247934932141;7.51512368544429;GRAND EST;Disponible;Poste pas concernée par des contraintes locales de réseau;Poste pas concernée par des contraintes locales de réseau
CHALL;CHALLANS;46.8490437351717;-1.8598899063327;PAYS DE LA LOIRE;Disponible;Poste pas concernée par des contraintes locales de réseau;Poste pas concernée par des contraintes locales de réseau
CHALO;CHALON;46.7622617280132;4.86236927432526;BOURGOGNE-FRANCHE-COMTé;Disponible;Poste en zones de soutirage HTA;Poste en zones de soutirage HTA et HTB
CHAL6;CHALON (KODAK-PATHE);46.8172115759848;4.85027870010033;BOURGOGNE-FRANCHE-COMTé;Disponible;Poste en zones de soutirage HTA;Poste en zones de soutirage HTA et HTB
CHA.N;CHALON-NORD;46.8067682021542;4.85645578112929;BOURGOGNE-FRANCHE-COMTé;Disponible;Poste en zones de soutirage HTA;Poste en zones de soutirage HTA et HTB
CBERY;CHAMBERY;45.565989107024;5.94521734649435;AUVERGNE-RHôNE-ALPES;Disponible;Poste pas concernée par des contraintes locales de réseau;Poste en zones de soutirage HTB
C.FEU;CHAMBON-FEUGEROLLES;45.393284059133;4.31559958367685;AUVERGNE-RHôNE-ALPES;Disponible;Poste pas concernée par des contraintes locales de réseau;Poste pas concernée par des contraintes locales de réseau
CBRY;CHAMBRY;48.9845997227029;2.90770897511392;ÎLE-DE-FRANCE;Disponible;Poste pas concernée par des contraintes locales de réseau;Poste en zones de soutirage HTB
CHAMO;CHAMONIX;45.9206703123853;6.8743480651662;AUVERGNE-RHôNE-ALPES;Disponible;Poste en zones de soutirage HTA;Poste en zones de soutirage HTA et HTB
CPNAC;CHAMPAGNAC;45.7194235370996;0.898915705722914;NOUVELLE-AQUITAINE;Disponible;Poste en zones d'injection photovoltaïque HTA;Poste en zones d'injection photovoltaïque HTA et HTB
C.SSH;CHAMPAGNE-SAINT-HILAIRE;46.322910135091;0.32067868046471;NOUVELLE-AQUITAINE;Disponible;Poste pas concernée par des contraintes locales de réseau;Poste pas concernée par des contraintes locales de réseau
CPNIE;CHAMPAGNIER;45.1059284085306;5.7098435444921;AUVERGNE-RHôNE-ALPES;Disponible;Poste pas concernée par des contraintes locales de réseau;Poste pas concernée par des contraintes locales de réseau
CPNOL;CHAMPAGNOLE;46.7581738021814;5.90728817327149;BOURGOGNE-FRANCHE-COMTé;Disponible;Poste pas concernée par des contraintes locales de réseau;Poste pas concernée par des contraintes locales de réseau
C.AYG;CHAMP-DE-L AYGUES;44.6260397709939;4.76393483279496;AUVERGNE-RHôNE-ALPES;Disponible;Poste pas concernée par des contraintes locales de réseau;Poste pas concernée par des contraintes locales de réseau
C.DEN;CHAMPDENIERS;46.4957665129271;-0.407245325638147;NOUVELLE-AQUITAINE;Disponible;Poste pas concernée par des contraintes locales de réseau;Poste pas concernée par des contraintes locales de réseau
CPDIV;CHAMPDIVERS;47.0221534341525;5.38433444409473;BOURGOGNE-FRANCHE-COMTé;Disponible;Poste en zones de soutirage HTA;Poste en zones de soutirage HTA et HTB
C.GEA;CHAMP-DU-GEAI;45.4698470653249;4.50210855777574;AUVERGNE-RHôNE-ALPES;Disponible;Poste pas concernée par des contraintes locales de réseau;Poste pas concernée par des contraintes locales de réseau
CPFL5;CHAMPFLEUR;48.3748860973435;0.105382715856976;PAYS DE LA LOIRE;Disponible;Poste pas concernée par des contraintes locales de réseau;Poste en zones de soutirage HTB
CPFLE;CHAMPFLEURY;43.937046876234;4.79183389708433;PROVENCE-ALPES-CôTE D’AZUR;Disponible;Poste pas concernée par des contraintes locales de réseau;Poste pas concernée par des contraintes locales de réseau
C.FOU;CHAMP-FOURNIER;46.8031595303655;5.18146369529226;BOURGOGNE-FRANCHE-COMTé;Disponible;Poste en zones de soutirage HTA;Poste en zones de soutirage HTA et HTB
CPIGN;CHAMPIGNEULLES;48.7222176312865;6.17176893327051;GRAND EST;Disponible;Poste pas concernée par des contraintes locales de réseau;Poste pas concernée par des contraintes locales de réseau
C.LAN;CHAMPIGNY-LES-LANGRES;47.8824124464738;5.34023965814056;GRAND EST;Disponible;Poste pas concernée par des contraintes locales de réseau;Poste pas concernée par des contraintes locales de réseau
CPNI5;CHAMPNIERS;45.6945577934933;0.185837521933906;NOUVELLE-AQUITAINE;Disponible;Poste pas concernée par des contraintes locales de réseau;Poste pas concernée par des contraintes locales de réseau
CPRAD;CHAMPRADET;45.7893217326156;3.05613956778429;AUVERGNE-RHôNE-ALPES;Disponible;Poste en zones d'injection photovoltaïque HTA;Poste en zones d'injection photovoltaïque HTA et HTB
C.ROL;CHAMP-ROLLAND;45.3486511564514;4.80097649507075;AUVERGNE-RHôNE-ALPES;Disponible;Poste pas concernée par des contraintes locales de réseau;Poste pas concernée par des contraintes locales de réseau
C.REG;CHAMPS-REGNAUD;47.3524897773891;5.06000002381201;BOURGOGNE-FRANCHE-COMTé;Disponible;Poste en zones de soutirage HTA;Poste en zones de soutirage HTA et HTB
CPVAN;CHAMPVANS;47.0984127032144;5.44476326598588;BOURGOGNE-FRANCHE-COMTé;Disponible;Poste en zones de soutirage HTA;Poste en zones de soutirage HTA et HTB
CPVER;CHAMPVERT;46.842064481865;3.48816217127905;BOURGOGNE-FRANCHE-COMTé;Disponible;Poste pas concernée par des contraintes locales de réseau;Poste pas concernée par des contraintes locales de réseau
CHAN5;CHANCEAUX;47.4817453804081;0.694616759608652;CENTRE-VAL DE LOIRE;En construction (déduit selon data Capareseau);Poste pas concernée par des contraintes locales de réseau;Poste en zones de soutirage HTB
CHAN6;CHANCENAY;48.676730551321;4.99863205412705;GRAND EST;Disponible;Poste pas concernée par des contraintes locales de réseau;Poste en zones d'injection photovoltaïque HTB
CHANC;CHANCIA;46.3476165467648;5.6324797573902;BOURGOGNE-FRANCHE-COMTé;Disponible;Poste pas concernée par des contraintes locales de réseau;Poste pas concernée par des contraintes locales de réseau
CHANG;CHANGE;48.09610786238;-0.749599688121885;PAYS DE LA LOIRE;Disponible;Poste en zones de soutirage HTA;Poste en zones de soutirage HTA et HTB
CHAN7;CHANGY;46.1443373872941;3.8954198750367;AUVERGNE-RHôNE-ALPES;Disponible;Poste pas concernée par des contraintes locales de réseau;Poste pas concernée par des contraintes locales de réseau
CHANO;CHANOZ;45.816003501702;4.86928074725548;AUVERGNE-RHôNE-ALPES;Disponible;Poste pas concernée par des contraintes locales de réseau;Poste pas concernée par des contraintes locales de réseau
CNNAY;CHANTENAY;47.1953874518685;-1.59848316813575;PAYS DE LA LOIRE;Disponible;Poste en zones de soutirage HTA;Poste en zones de soutirage HTA et HTB
CHARB;CHARBONNIERE;45.5058597218059;-0.78248762972808;NOUVELLE-AQUITAINE;Disponible;Poste en zones de soutirage HTA;Poste en zones de soutirage HTA et HTB
CHMAN;CHARENTE MARITIME NORD;46.1751993902887;-0.922261013936213;NOUVELLE-AQUITAINE;Disponible;Poste pas concernée par des contraintes locales de réseau;Poste pas concernée par des contraintes locales de réseau
CHARE;CHARENTON;48.8211788219954;2.40642603435354;ÎLE-DE-FRANCE;Disponible;Poste en zones de soutirage HTA;Poste en zones de soutirage HTA et HTB
CHARI;CHARIEZ;47.6255302600083;6.06753615706323;BOURGOGNE-FRANCHE-COMTé;Disponible;Poste pas concernée par des contraintes locales de réseau;Poste pas concernée par des contraintes locales de réseau
C.LAF;CHARLES-LAFFITTE;49.4925376811673;0.12771515188917;NORMANDIE;Disponible;Poste pas concernée par des contraintes locales de réseau;Poste pas concernée par des contraintes locales de réseau
CHARL;CHARLIEU;46.1555216456073;4.1629160071073;AUVERGNE-RHôNE-ALPES;Disponible;Poste en zones de soutirage HTA;Poste en zones de soutirage HTA et HTB
CHAR6;CHARLY;48.9729330176194;3.27817874803388;HAUTS-DE-FRANCE;Disponible;Poste pas concernée par des contraintes locales de réseau;Poste pas concernée par des contraintes locales de réseau
CHARN;CHARNY;47.8867687030076;3.10654423720145;BOURGOGNE-FRANCHE-COMTé;Disponible;Poste en zones de soutirage HTA;Poste en zones de soutirage HTA et HTB
CHARO;CHAROLLES;46.4444787480134;4.27234566224572;BOURGOGNE-FRANCHE-COMTé;Disponible;Poste pas concernée par des contraintes locales de réseau;Poste pas concernée par des contraintes locales de réseau
CHARP;CHARPENAY;45.8186974701907;4.69008078703987;AUVERGNE-RHôNE-ALPES;Disponible;Poste pas concernée par des contraintes locales de réseau;Poste en zones de soutirage HTB
CHA.S;CHARTRES SUD;48.4145858769189;1.44825014688353;CENTRE-VAL DE LOIRE;Disponible;Poste pas concernée par des contraintes locales de réseau;Poste pas concernée par des contraintes locales de réseau
CHART;CHARTREUX;48.6680619197241;2.28113128841343;ÎLE-DE-FRANCE;Disponible;Poste en zones de soutirage HTA;Poste en zones de soutirage HTA et HTB
CHAS5;CHASSE;45.5920960280973;4.79054232076881;AUVERGNE-RHôNE-ALPES;Disponible;Poste pas concernée par des contraintes locales de réseau;Poste pas concernée par des contraintes locales de réseau
CHAST;CHASTANG (LE);45.1427803205193;2.00075770259124;NOUVELLE-AQUITAINE;Disponible;Poste pas concernée par des contraintes locales de réseau;Poste pas concernée par des contraintes locales de réseau
C.GOM;CHATEAU GOMBERT;43.3377156548169;5.43168545566483;PROVENCE-ALPES-CôTE D’AZUR;Disponible;Poste en zones de soutirage HTA;Poste en zones de soutirage HTA et HTB
CTAUB;CHATEAUBRIANT;47.7141469140134;-1.36092590617405;PAYS DE LA LOIRE;Disponible;Poste en zones d'injection photovoltaïque HTA;Poste en zones d'injection photovoltaïque HTA et HTB
C.CHI;CHATEAU-CHINON;47.0577816359129;3.93847864748617;BOURGOGNE-FRANCHE-COMTé;Disponible;Poste en zones de soutirage HTA;Poste en zones de soutirage HTA et HTB
C.LO5;CHATEAU-DU-LOIR;47.7008937201456;0.409315708166875;PAYS DE LA LOIRE;Disponible;Poste en zones de soutirage HTA;Poste en zones de soutirage HTA et HTB
CTAUD;CHATEAUDUN;48.0674984455856;1.3470669761896;CENTRE-VAL DE LOIRE;Disponible;Poste pas concernée par des contraintes locales de réseau;Poste pas concernée par des contraintes locales de réseau
C.GON;CHATEAU-GONTIER;47.8484290981994;-0.689435240741075;PAYS DE LA LOIRE;Disponible;Poste en zones de soutirage HTA;Poste en zones de soutirage HTA et HTB
CTMAL;CHATEAU-MALO;48.6224481256374;-1.94436789304938;BRETAGNE;Disponible;Poste pas concernée par des contraintes locales de réseau;Poste pas concernée par des contraintes locales de réseau
CTAUN;CHATEAUNEUF;44.4839236303983;4.70822433471883;AUVERGNE-RHôNE-ALPES;Disponible;Poste pas concernée par des contraintes locales de réseau;Poste pas concernée par des contraintes locales de réseau
C.RHO;CHATEAUNEUF-DU-RHONE;44.4960990101057;4.70898867242371;AUVERGNE-RHôNE-ALPES;Disponible;Poste pas concernée par des contraintes locales de réseau;Poste pas concernée par des contraintes locales de réseau
C.LOI;CHATEAUNEUF-SUR-LOIRE;47.8594058650492;2.19708018382208;CENTRE-VAL DE LOIRE;Disponible;Poste en zones de soutirage HTA;Poste en zones de soutirage HTA et HTB
C.QUE;CHATEAU-QUEYRAS;44.7597872967017;6.80776613586972;PROVENCE-ALPES-CôTE D’AZUR;Disponible;Poste en zones d'injection photovoltaïque HTA;Poste en zones d'injection photovoltaïque HTA et HTB
CTAUR;CHATEAURENARD;43.8642869142475;4.85693303292987;PROVENCE-ALPES-CôTE D’AZUR;Disponible;Poste en zones d'injection photovoltaïque HTA;Poste en zones d'injection photovoltaïque HTA
C.REN;CHATEAU-RENAULT;47.6089678012512;0.90939314101808;CENTRE-VAL DE LOIRE;Disponible;Poste en zones de soutirage HTA;Poste en zones de soutirage HTA et HTB
CTLLE;CHATELLERAULT;46.8055883817196;0.531530469103954;NOUVELLE-AQUITAINE;Saturé;Poste en zones d'injection photovoltaïque HTA;Poste en zones d'injection photovoltaïque HTA et HTB
CTLUS;CHATELUS;46.0007852785429;1.61615854881414;NOUVELLE-AQUITAINE;Disponible;Poste pas concernée par des contraintes locales de réseau;Poste pas concernée par des contraintes locales de réseau
CTLU2;CHATELUS 2;46.0208931609997;1.63109844687631;NOUVELLE-AQUITAINE;Disponible;Poste pas concernée par des contraintes locales de réseau;Poste pas concernée par des contraintes locales de réseau
C.ROY;CHATENOY-LE-ROYAL;46.7825875342393;4.7928211840517;BOURGOGNE-FRANCHE-COMTé;Disponible;Poste en zones de soutirage HTA;Poste en zones de soutirage HTA et HTB
CHATI;CHATILLON;48.7892115007338;2.2658292047321;ÎLE-DE-FRANCE;Disponible;Poste en zones de soutirage HTA;Poste en zones de soutirage HTA et HTB
CHA.O;Chatillon Ouest;47.8621918098115;4.43517270986104;BOURGOGNE-FRANCHE-COMTé;En construction (déduit selon data Capareseau);Poste pas concernée par des contraintes locales de réseau;Poste pas concernée par des contraintes locales de réseau
CHAT7;CHATILLON-SUR-INDRE;46.9983840506614;1.17579976100744;CENTRE-VAL DE LOIRE;Disponible;Poste en zones de soutirage HTA;Poste en zones de soutirage HTA et HTB
C.SEI;CHATILLON-SUR-SEINE;47.8521609693871;4.55954109732476;BOURGOGNE-FRANCHE-COMTé;Disponible;Poste pas concernée par des contraintes locales de réseau;Poste pas concernée par des contraintes locales de réseau
CXCON;CHAUCONIN;48.9565246977276;2.86399707904789;ÎLE-DE-FRANCE;Disponible;Poste en zones de soutirage HTA;Poste en zones de soutirage HTA et HTB
CXDAN;CHAUDANNE;43.8478475392022;6.54407740708358;PROVENCE-ALPES-CôTE D’AZUR;Disponible;Poste pas concernée par des contraintes locales de réseau;Poste pas concernée par des contraintes locales de réseau
C.AIG;CHAUDES AIGUES;44.8571270478675;2.99453875749381;AUVERGNE-RHôNE-ALPES;Disponible;Poste en zones d'injection photovoltaïque HTA;Poste en zones d'injection photovoltaïque HTA et HTB
CXFFA;CHAUFFAILLES;46.2113809939124;4.31691065698605;BOURGOGNE-FRANCHE-COMTé;Disponible;Poste en zones de soutirage HTA;Poste en zones de soutirage HTA et HTB
CXMO5;CHAUMONT;48.1178876987653;5.15242184915216;GRAND EST;Disponible;Poste pas concernée par des contraintes locales de réseau;Poste pas concernée par des contraintes locales de réseau
CXMON;CHAUMONT;46.6318762576181;0.358934092197296;NOUVELLE-AQUITAINE;Saturé;Poste en zones de soutirage HTA;Poste en zones de soutirage HTA et HTB
CXNAY;CHAUNAY;48.4140554161575;1.44862737984323;CENTRE-VAL DE LOIRE;Disponible;Poste pas concernée par des contraintes locales de réseau;Poste pas concernée par des contraintes locales de réseau
CXVIG;CHAUVIGNY;46.5654548219111;0.62231429336505;NOUVELLE-AQUITAINE;Disponible;Poste en zones de soutirage HTA;Poste en zones de soutirage HTA et HTB
CHAV5;CHAVAGNES;46.8696285882161;-1.26178442254939;PAYS DE LA LOIRE;Disponible;Poste en zones de soutirage HTA;Poste en zones de soutirage HTA et HTB
CHAV6;CHAVANOD;45.8944614045227;6.08132058037085;AUVERGNE-RHôNE-ALPES;Disponible;Poste pas concernée par des contraintes locales de réseau;Poste en zones de soutirage HTB
CHAVE;CHAVENAT;45.4478635849269;0.183095033182847;NOUVELLE-AQUITAINE;Disponible;Poste pas concernée par des contraintes locales de réseau;Poste pas concernée par des contraintes locales de réseau
CHAZ5;CHAZELLES;45.6352629986725;4.37486383821975;AUVERGNE-RHôNE-ALPES;Disponible;Poste en zones de soutirage HTA;Poste en zones de soutirage HTA et HTB
CHECY;CHECY;47.9161470601953;2.04377523321216;CENTRE-VAL DE LOIRE;Disponible;Poste en zones de soutirage HTA;Poste en zones de soutirage HTA et HTB
CHED5;CHEDDE;45.9262300818634;6.72049705319935;AUVERGNE-RHôNE-ALPES;Disponible;Poste pas concernée par des contraintes locales de réseau;Poste pas concernée par des contraintes locales de réseau
CHEMI;CHEMILLE;47.2130721342982;-0.752145972040415;PAYS DE LA LOIRE;Disponible;Poste en zones d'injection photovoltaïque HTA;Poste en zones d'injection photovoltaïque HTA
CHENE;CHENET;48.5667251546486;2.46989902108002;ÎLE-DE-FRANCE;Disponible;Poste en zones de soutirage HTA;Poste en zones de soutirage HTA et HTB
CHER1;CHER 1;46.8798642482135;2.6209673657924;CENTRE-VAL DE LOIRE;En construction (déduit selon data Capareseau);Poste pas concernée par des contraintes locales de réseau;Poste pas concernée par des contraintes locales de réseau
CHERB;CHERBOURG;49.6336006446708;-1.6249605403012;NORMANDIE;Disponible;Poste en zones de soutirage HTA;Poste en zones de soutirage HTA et HTB
CHESS;CHESSY-LES-MINES;45.8818740456571;4.62954840513204;AUVERGNE-RHôNE-ALPES;Disponible;Poste en zones de soutirage HTA;Poste en zones de soutirage HTA et HTB
CHEV6;CHEVAIN;48.4198630794737;0.137443198182322;PAYS DE LA LOIRE;Disponible;Poste en zones de soutirage HTA;Poste en zones de soutirage HTA et HTB
CHEV9;CHEVALET 2;50.0928977605044;2.93693012985838;HAUTS-DE-FRANCE;Disponible;Poste pas concernée par des contraintes locales de réseau;Poste pas concernée par des contraintes locales de réseau
CHEV8;CHEVENE;45.8942047809076;6.13473241211652;AUVERGNE-RHôNE-ALPES;Disponible;Poste pas concernée par des contraintes locales de réseau;Poste en zones de soutirage HTB
C.SAU;CHEVIGNY-ST-SAUVEUR;47.2904047220644;5.14752429460505;BOURGOGNE-FRANCHE-COMTé;Disponible;Poste en zones de soutirage HTA;Poste en zones de soutirage HTA et HTB
CHEVI;CHEVILLY;48.7740550411291;2.3653003660683;ÎLE-DE-FRANCE;Disponible;Poste en zones de soutirage HTA;Poste en zones de soutirage HTA et HTB
CHEV5;CHEVIRE;47.1873816415718;-1.60998407452253;PAYS DE LA LOIRE;Disponible;Poste en zones de soutirage HTA;Poste en zones de soutirage HTA et HTB
CHIN5;CHINON;47.1718680234233;0.243927554884576;CENTRE-VAL DE LOIRE;Disponible;Poste pas concernée par des contraintes locales de réseau;Poste pas concernée par des contraintes locales de réseau
C.ROI;CHOISY-LE-ROI;48.7727640868846;2.40816785553012;ÎLE-DE-FRANCE;Disponible;Poste en zones de soutirage HTA;Poste en zones de soutirage HTA et HTB
CHOLE;CHOLET;47.0584664245471;-0.901809545073797;PAYS DE LA LOIRE;Disponible;Poste en zones de soutirage HTA;Poste en zones de soutirage HTA et HTB
CHOLO;CHOLOY;48.6629480352459;5.82812493372349;GRAND EST;Disponible;Poste pas concernée par des contraintes locales de réseau;Poste pas concernée par des contraintes locales de réseau
CHOO5;CHOOZ;50.0872209215527;4.79613441762315;GRAND EST;Disponible;Poste pas concernée par des contraintes locales de réseau;Poste en zones de soutirage HTB
CHOUY;CHOUY;49.2034230088882;3.24610363434305;HAUTS-DE-FRANCE;Disponible;Poste pas concernée par des contraintes locales de réseau;Poste pas concernée par des contraintes locales de réseau
CIERP;CIERP;42.9113907941214;0.637416254930873;OCCITANIE;Disponible;Poste pas concernée par des contraintes locales de réseau;Poste pas concernée par des contraintes locales de réseau
CIEUR;CIEURAC;44.3624351068552;1.49414260493373;OCCITANIE;Disponible;Poste pas concernée par des contraintes locales de réseau;Poste pas concernée par des contraintes locales de réseau
CIREY;CIREY-SUR-VEZOUZE;48.5720090573073;6.94748225145043;GRAND EST;Disponible;Poste pas concernée par des contraintes locales de réseau;Poste pas concernée par des contraintes locales de réseau
CIROL;CIROLLIERS;48.5514058829486;2.31970776281036;ÎLE-DE-FRANCE;Disponible;Poste pas concernée par des contraintes locales de réseau;Poste en zones de soutirage HTB
CISSA;CISSAC;45.2204224081012;-0.844149282764197;NOUVELLE-AQUITAINE;En construction (déduit selon data Capareseau);Poste pas concernée par des contraintes locales de réseau;Poste en zones de soutirage HTB
CIVRA;CIVRAY;46.1503755206539;0.259783577105189;NOUVELLE-AQUITAINE;Disponible;Poste pas concernée par des contraintes locales de réseau;Poste pas concernée par des contraintes locales de réseau
CIVRI;CIVRIEUX;45.857494919651;4.70418009209529;AUVERGNE-RHôNE-ALPES;Disponible;Poste en zones de soutirage HTA;Poste en zones de soutirage HTA et HTB
CIZE;CIZE;46.2045711321295;5.46289587335608;AUVERGNE-RHôNE-ALPES;Disponible;Poste pas concernée par des contraintes locales de réseau;Poste pas concernée par des contraintes locales de réseau
C.FON;CLAIRE-FONTAINE;48.0055635956898;0.235044815170359;PAYS DE LA LOIRE;Disponible;Poste en zones de soutirage HTA;Poste en zones de soutirage HTA et HTB
CLAME;CLAMECY;47.451789817273;3.50878196586124;BOURGOGNE-FRANCHE-COMTé;Disponible;Poste en zones de soutirage HTA;Poste en zones de soutirage HTA et HTB
CLEDE;CLEDER;48.6445888198395;-4.13319134907213;BRETAGNE;Disponible;Poste pas concernée par des contraintes locales de réseau;Poste pas concernée par des contraintes locales de réseau
CLEON;CLEON;49.316405502801;1.04001959207691;NORMANDIE;Disponible;Poste en zones de soutirage HTA;Poste en zones de soutirage HTA et HTB
C.HER;CLERMONT-L HERAULT;43.6212348761599;3.435938968532;OCCITANIE;Disponible;Poste pas concernée par des contraintes locales de réseau;Poste pas concernée par des contraintes locales de réseau
C.BOI;CLICHY-SOUS-BOIS;48.9150165515637;2.54303436406092;ÎLE-DE-FRANCE;Disponible;Poste en zones de soutirage HTA;Poste en zones de soutirage HTA et HTB
CLOCH;CLOCHETTE(LA);50.372735388084;3.09613826776783;HAUTS-DE-FRANCE;Disponible;Poste pas concernée par des contraintes locales de réseau;Poste pas concernée par des contraintes locales de réseau
CLUNY;CLUNY;46.4277235094222;4.66203921084862;BOURGOGNE-FRANCHE-COMTé;Disponible;Poste en zones de soutirage HTA;Poste en zones de soutirage HTA et HTB
CLUSE;CLUSES;46.0603852586183;6.58441388452063;AUVERGNE-RHôNE-ALPES;Disponible;Poste en zones de soutirage HTA;Poste en zones de soutirage HTA et HTB
COARR;COARRAZE;43.1822802772545;-0.243451587206842;NOUVELLE-AQUITAINE;Disponible;Poste en zones de soutirage HTA;Poste en zones de soutirage HTA et HTB
COATA;COATAUDON;48.4235255638218;-4.42864990838161;BRETAGNE;Disponible;Poste pas concernée par des contraintes locales de réseau;Poste pas concernée par des contraintes locales de réseau
COE.L;COEUR-LANDE;44.1657500289258;-1.05535496750192;NOUVELLE-AQUITAINE;En construction (déduit selon data Capareseau);Poste pas concernée par des contraintes locales de réseau;Poste pas concernée par des contraintes locales de réseau
COGNA;COGNAC;45.6951990735651;-0.349731178893464;NOUVELLE-AQUITAINE;Disponible;Poste en zones de soutirage HTA;Poste en zones de soutirage HTA et HTB
COIND;COINDRE;45.3533144154936;2.66729291187117;AUVERGNE-RHôNE-ALPES;Disponible;Poste en zones d'injection photovoltaïque HTA;Poste en zones d'injection photovoltaïque HTA et HTB
COLAY;COLAYRAC;44.2290159641042;0.564790818672198;NOUVELLE-AQUITAINE;Disponible;Poste pas concernée par des contraintes locales de réseau;Poste pas concernée par des contraintes locales de réseau
COLMA;COLMAR;48.092113685279;7.35093463912586;GRAND EST;Disponible;Poste pas concernée par des contraintes locales de réseau;Poste pas concernée par des contraintes locales de réseau
C.CAN;COLMAR-CANAL;48.0822316453342;7.37294894495101;GRAND EST;Disponible;Poste pas concernée par des contraintes locales de réseau;Poste pas concernée par des contraintes locales de réseau
COL.N;COLMAR-NORD;48.0933993743872;7.3638030189774;GRAND EST;Disponible;Poste pas concernée par des contraintes locales de réseau;Poste pas concernée par des contraintes locales de réseau
COL.O;COLMAR-OUEST;48.0818996610234;7.33746470460295;GRAND EST;Disponible;Poste pas concernée par des contraintes locales de réseau;Poste pas concernée par des contraintes locales de réseau
COLO6;COLOMB;43.984372037335;4.86469338389677;PROVENCE-ALPES-CôTE D’AZUR;Disponible;Poste en zones de soutirage HTA;Poste en zones de soutirage HTA et HTB
COLOM;COLOMBIERS;46.986653318077;0.602116378306364;NOUVELLE-AQUITAINE;Saturé;Poste en zones d'injection photovoltaïque HTA;Poste en zones d'injection photovoltaïque HTA et HTB
COLO5;COLOMIERS;43.6007439311471;1.35671855839757;OCCITANIE;Disponible;Poste en zones de soutirage HTA;Poste en zones de soutirage HTA et HTB
COLON;COLONIE;48.7997922385356;2.4507961510894;ÎLE-DE-FRANCE;Disponible;Poste en zones de soutirage HTA;Poste en zones de soutirage HTA et HTB
COMB5;COMBEAUX;44.9811397054034;4.87956097092501;AUVERGNE-RHôNE-ALPES;Disponible;Poste pas concernée par des contraintes locales de réseau;Poste pas concernée par des contraintes locales de réseau
COMBE;COMBETTE;44.3169064488584;4.63416901940072;AUVERGNE-RHôNE-ALPES;Disponible;Poste pas concernée par des contraintes locales de réseau;Poste pas concernée par des contraintes locales de réseau
COMBO;COMBOURG;48.4200651072208;-1.72085188418349;BRETAGNE;Disponible;Poste en zones de soutirage HTA;Poste en zones de soutirage HTA et HTB
COMME;COMMENTRY;46.2876165405962;2.75609419820427;AUVERGNE-RHôNE-ALPES;Disponible;Poste en zones d'injection photovoltaïque HTA;Poste en zones d'injection photovoltaïque HTA et HTB
COMM7;COMMERVEIL;48.3165148743306;0.375420919326262;PAYS DE LA LOIRE;Disponible;Poste pas concernée par des contraintes locales de réseau;Poste en zones de soutirage HTB
COMMI;COMMINGES;43.3177451438225;0.911692806490633;OCCITANIE;Disponible;Poste pas concernée par des contraintes locales de réseau;Poste pas concernée par des contraintes locales de réseau
COMM2;COMMINGES 2;43.3177451438225;0.911692806490633;OCCITANIE;Disponible;Poste pas concernée par des contraintes locales de réseau;Poste pas concernée par des contraintes locales de réseau
COMPE;COMPERTRIX;48.9412498767522;4.34707957426088;GRAND EST;Disponible;Poste pas concernée par des contraintes locales de réseau;Poste pas concernée par des contraintes locales de réseau
COMPI;COMPIEGNE;49.4347709554325;2.84108939626779;HAUTS-DE-FRANCE;Disponible;Poste pas concernée par des contraintes locales de réseau;Poste pas concernée par des contraintes locales de réseau
COMTA;COMTAT;44.0631993900599;4.98124283827814;PROVENCE-ALPES-CôTE D’AZUR;Disponible;Poste en zones de soutirage HTA;Poste en zones de soutirage HTA et HTB
CONCA;CONCARNEAU;47.8949486188302;-3.89195199125899;BRETAGNE;Disponible;Poste en zones de soutirage HTA;Poste en zones de soutirage HTA et HTB
C.CH5;CONDAMINE-CHATELARD;44.462154869665;6.74928294625176;PROVENCE-ALPES-CôTE D’AZUR;Disponible;Poste en zones d'injection photovoltaïque HTA;Poste en zones d'injection photovoltaïque HTA et HTB
C.HUI;CONDE-SUR-HUISNE;48.3866738189358;0.853567971342837;NORMANDIE;Disponible;Poste pas concernée par des contraintes locales de réseau;Poste pas concernée par des contraintes locales de réseau
C.NOI;CONDE-SUR-NOIREAU;48.8571292982565;-0.547462406246682;NORMANDIE;Disponible;Poste pas concernée par des contraintes locales de réseau;Poste pas concernée par des contraintes locales de réseau
CONDO;CONDOM;43.9459931901138;0.373239419168438;OCCITANIE;Disponible;Poste en zones d'injection photovoltaïque HTA;Poste en zones d'injection photovoltaïque HTA et HTB
CONFL;CONFLANS;47.8145496730329;6.21027661791899;BOURGOGNE-FRANCHE-COMTé;Disponible;Poste en zones de soutirage HTA;Poste en zones de soutirage HTA et HTB
CONF6;CONFOLENS;45.9927195807185;0.671759564553403;NOUVELLE-AQUITAINE;Saturé;Poste en zones d'injection photovoltaïque HTA;Poste en zones d'injection photovoltaïque HTA et HTB
CONF7;CONFOLENTAIS;45.9589269285818;0.472050324985835;NOUVELLE-AQUITAINE;Saturé;Poste pas concernée par des contraintes locales de réseau;Poste pas concernée par des contraintes locales de réseau
CONNE;CONNERRE;48.0516944649305;0.496230410897746;PAYS DE LA LOIRE;Disponible;Poste en zones de soutirage HTA;Poste en zones de soutirage HTA et HTB
C.ORB;CONQUES-SUR-ORBIEL;43.2854817330103;2.36280289984689;OCCITANIE;Disponible;Poste pas concernée par des contraintes locales de réseau;Poste pas concernée par des contraintes locales de réseau
CONTA;CONTAMINE;45.4940379437075;6.5543093023735;AUVERGNE-RHôNE-ALPES;Disponible;Poste pas concernée par des contraintes locales de réseau;Poste en zones de soutirage HTB
CONTE;CONTES;43.782885963025;7.33508663972274;PROVENCE-ALPES-CôTE D’AZUR;Disponible;Poste en zones de soutirage HTA;Poste en zones de soutirage HTA et HTB
CONTR;CONTRES;47.43040216005;1.44682697001158;CENTRE-VAL DE LOIRE;Disponible;Poste en zones d'injection photovoltaïque HTA;Poste en zones d'injection photovoltaïque HTA et HTB
CONVE;CONVENTION;48.8376998577509;2.2960853866741;ÎLE-DE-FRANCE;Disponible;Poste en zones de soutirage HTA;Poste en zones de soutirage HTA et HTB
COQUA;COQUAINVILLIERS;49.2110749996149;0.195585609420401;NORMANDIE;Disponible;Poste pas concernée par des contraintes locales de réseau;Poste en zones de soutirage HTB
COQU5;COQUIBUS;48.6159410677116;2.43034213269554;ÎLE-DE-FRANCE;Disponible;Poste en zones de soutirage HTA;Poste en zones de soutirage HTA et HTB
CORBI;CORBIERE (LA);47.4856965324098;-0.478540957603918;PAYS DE LA LOIRE;Disponible;Poste pas concernée par des contraintes locales de réseau;Poste en zones de soutirage HTB
CORB2;Corbieres Maritimes;42.9491311267913;2.98420232722235;OCCITANIE;Disponible;Poste pas concernée par des contraintes locales de réseau;Poste pas concernée par des contraintes locales de réseau
CORB9;CORBIGNY;47.2548701759497;3.69699899951027;BOURGOGNE-FRANCHE-COMTé;Disponible;Poste en zones de soutirage HTA;Poste en zones de soutirage HTA et HTB
CORDE;CORDEAC;44.8334203740261;5.85775446444826;AUVERGNE-RHôNE-ALPES;Disponible;Poste pas concernée par des contraintes locales de réseau;Poste pas concernée par des contraintes locales de réseau
COR.P;CORDEMAIS-POSTE;47.285811679418;-1.87056020175707;PAYS DE LA LOIRE;Disponible;Poste pas concernée par des contraintes locales de réseau;Poste pas concernée par des contraintes locales de réseau
CORD6;CORDES;44.0697363379387;1.98999050988398;OCCITANIE;Disponible;Poste en zones de soutirage HTA;Poste en zones de soutirage HTA et HTB
CORDI;CORDIEU;48.8029591871611;0.703271017713856;NORMANDIE;Disponible;Poste pas concernée par des contraintes locales de réseau;Poste pas concernée par des contraintes locales de réseau
CORIO;CORIOLIS;48.8360023877452;2.39160258817784;ÎLE-DE-FRANCE;Disponible;Poste en zones de soutirage HTA;Poste en zones de soutirage HTA et HTB
CORME;CORMEILLES;48.9509257669078;2.20014095928406;ÎLE-DE-FRANCE;Disponible;Poste en zones de soutirage HTA;Poste en zones de soutirage HTA et HTB
CORM5;CORMELAIE;46.4600448630945;1.38769988504221;CENTRE-VAL DE LOIRE;Disponible;Poste pas concernée par des contraintes locales de réseau;Poste pas concernée par des contraintes locales de réseau
CORNE;CORNEILLE;49.3827910663842;1.02126684242;NORMANDIE;Disponible;Poste pas concernée par des contraintes locales de réseau;Poste pas concernée par des contraintes locales de réseau
CORNI;CORNIER (E.D.F. ET S.N.C.F.);46.0845387798752;6.29419454144196;AUVERGNE-RHôNE-ALPES;Disponible;Poste en zones de soutirage HTA;Poste en zones de soutirage HTA et HTB
CORN6;CORNIMONT;47.9530510447192;6.81593201790731;GRAND EST;Disponible;Poste en zones de soutirage HTA;Poste en zones de soutirage HTA et HTB
COSNE;COSNE;47.4162859145421;2.93421032681603;BOURGOGNE-FRANCHE-COMTé;Disponible;Poste pas concernée par des contraintes locales de réseau;Poste pas concernée par des contraintes locales de réseau
COSSI;COSSIGNY;48.7285496049761;2.67907866383837;ÎLE-DE-FRANCE;Disponible;Poste en zones de soutirage HTA;Poste en zones de soutirage HTA et HTB
COT.C;COTE DOR CENTRE;47.5325329361586;4.66153135123498;BOURGOGNE-FRANCHE-COMTé;En construction (déduit selon data Capareseau);Poste pas concernée par des contraintes locales de réseau;Poste pas concernée par des contraintes locales de réseau
COT.E;COTE DOR EST;47.5343027106248;5.25325059974224;BOURGOGNE-FRANCHE-COMTé;En construction (déduit selon data Capareseau);Poste pas concernée par des contraintes locales de réseau;Poste pas concernée par des contraintes locales de réseau
COT.N;COTE DOR NORD;47.8731659567776;4.43136194282033;BOURGOGNE-FRANCHE-COMTé;En construction (déduit selon data Capareseau);Poste pas concernée par des contraintes locales de réseau;Poste pas concernée par des contraintes locales de réseau
COTEL;COTELETTE (LA);48.6534768462283;3.97729455635996;GRAND EST;Disponible;Poste pas concernée par des contraintes locales de réseau;Poste pas concernée par des contraintes locales de réseau
COTON;COTONI;49.3704832510429;1.10842318527884;NORMANDIE;Disponible;Poste pas concernée par des contraintes locales de réseau;Poste pas concernée par des contraintes locales de réseau
COUBE;COUBERT;48.6883809737511;2.72621283734812;ÎLE-DE-FRANCE;Disponible;Poste pas concernée par des contraintes locales de réseau;Poste pas concernée par des contraintes locales de réseau
COUB6;COUBERTIN (DIJON-EST);47.3013700676972;5.09575462122415;BOURGOGNE-FRANCHE-COMTé;Disponible;Poste en zones de soutirage HTA;Poste en zones de soutirage HTA et HTB
COUCH;COUCHEY;47.2551732673118;4.9997641652523;BOURGOGNE-FRANCHE-COMTé;Disponible;Poste en zones de soutirage HTA;Poste en zones de soutirage HTA et HTB
COU.O;COUCOURON-OUEST-ARDECHE;44.7897539194957;3.95336204103823;AUVERGNE-RHôNE-ALPES;En construction (déduit selon data Capareseau);Poste pas concernée par des contraintes locales de réseau;Poste pas concernée par des contraintes locales de réseau
COUE5;COUESMES;47.5524581990568;0.330236096530955;CENTRE-VAL DE LOIRE;Disponible;Poste en zones d'injection photovoltaïque HTA;Poste en zones d'injection photovoltaïque HTA et en zone soutirage HTB
COUFF;COUFFRAU;43.7258042450731;2.79537167254709;OCCITANIE;Disponible;Poste pas concernée par des contraintes locales de réseau;Poste pas concernée par des contraintes locales de réseau
COULA;COULANGE;44.6322794398127;4.72344015054183;AUVERGNE-RHôNE-ALPES;Disponible;Poste pas concernée par des contraintes locales de réseau;Poste en zones de soutirage HTB
COULE;COULEUVRE;46.6759651629413;2.89575057226947;AUVERGNE-RHôNE-ALPES;Disponible;Poste en zones d'injection photovoltaïque HTA;Poste en zones d'injection photovoltaïque HTA et HTB
COULL;COULLONS;47.6230729839508;2.51456951356827;CENTRE-VAL DE LOIRE;Disponible;Poste pas concernée par des contraintes locales de réseau;Poste pas concernée par des contraintes locales de réseau
COULO;COULOMMIERS;48.815554650621;3.10540024252201;ÎLE-DE-FRANCE;Disponible;Poste en zones de soutirage HTA;Poste en zones de soutirage HTA et HTB
COUL5;COULONDRES;43.7034795199828;3.8212941687752;OCCITANIE;Disponible;Poste pas concernée par des contraintes locales de réseau;Poste pas concernée par des contraintes locales de réseau
COUPV;COUPVRAY;48.880343812185;2.78995154279549;ÎLE-DE-FRANCE;Disponible;Poste en zones de soutirage HTA;Poste en zones de soutirage HTA et HTB
CZBES;COURBESSAC;43.8419000079346;4.37512885055372;OCCITANIE;Disponible;Poste pas concernée par des contraintes locales de réseau;Poste pas concernée par des contraintes locales de réseau
CZBEV;COURBEVOIE;48.9055500830885;2.26086648913196;ÎLE-DE-FRANCE;Disponible;Poste en zones de soutirage HTA;Poste en zones de soutirage HTA et HTB
CZCEL;COURCELLES;48.8738818110163;2.31012742455083;ÎLE-DE-FRANCE;Disponible;Poste en zones de soutirage HTA;Poste en zones de soutirage HTA et HTB
CZEGE;COUREGES;44.1286081666401;4.84022930480536;PROVENCE-ALPES-CôTE D’AZUR;Disponible;Poste pas concernée par des contraintes locales de réseau;Poste pas concernée par des contraintes locales de réseau
CZNEU;COURNEUVE(LA);48.9296821428017;2.3901181762114;ÎLE-DE-FRANCE;Disponible;Poste en zones de soutirage HTA;Poste en zones de soutirage HTA et HTB
CZPIE;COURPIERE;45.7389978938219;3.51294718556141;AUVERGNE-RHôNE-ALPES;Disponible;Poste en zones de soutirage HTA;Poste en zones de soutirage HTA et HTB
CZRIE;COURRIERES;50.4500240302545;2.93052661430964;HAUTS-DE-FRANCE;Disponible;Poste pas concernée par des contraintes locales de réseau;Poste en zones de soutirage HTB
COURS;COURS;46.0959510677439;4.29170756576752;AUVERGNE-RHôNE-ALPES;Disponible;Poste en zones de soutirage HTA;Poste en zones de soutirage HTA et HTB
CZTEN;COURTENAY;48.0290834643936;3.0644994226314;CENTRE-VAL DE LOIRE;Disponible;Poste en zones de soutirage HTA;Poste en zones de soutirage HTA et HTB
CZTIN;COURTINE;43.9266563850707;4.79471777511035;PROVENCE-ALPES-CôTE D’AZUR;Disponible;Poste en zones de soutirage HTA;Poste en zones de soutirage HTA et HTB
CZTRY;COURTRY;48.5476172538177;2.7736486133208;ÎLE-DE-FRANCE;Disponible;Poste en zones de soutirage HTA;Poste en zones de soutirage HTA et HTB
COUTA;COUTANCES;49.0342551966341;-1.44637007873074;NORMANDIE;Disponible;Poste en zones de soutirage HTA;Poste en zones de soutirage HTA et HTB
CRAN;CRAN;45.9047906774458;6.10693847765663;AUVERGNE-RHôNE-ALPES;Disponible;Poste en zones de soutirage HTA;Poste en zones de soutirage HTA et HTB
CRAON;CRAON;47.8443270840945;-0.96676904837612;PAYS DE LA LOIRE;Disponible;Poste en zones de soutirage HTA;Poste en zones de soutirage HTA et HTB
CRAPO;CRAPONNE;45.7456696863939;4.72895446444144;AUVERGNE-RHôNE-ALPES;Disponible;Poste en zones de soutirage HTA;Poste en zones de soutirage HTA et HTB
CREDI;CREDIN;48.0231643447385;-2.75419686790309;BRETAGNE;Disponible;Poste pas concernée par des contraintes locales de réseau;Poste pas concernée par des contraintes locales de réseau
CREMA;CREMADES;44.1331520256921;4.83985134528328;PROVENCE-ALPES-CôTE D’AZUR;Disponible;Poste pas concernée par des contraintes locales de réseau;Poste pas concernée par des contraintes locales de réseau
CRENE;CRENEY;48.3441050432638;4.13859643022102;GRAND EST;Disponible;Poste en zones d'injection photovoltaïque HTA;Poste en zones d'injection photovoltaïque HTA et HTB
CRESS;CRESSANGES;46.4571472691047;3.16678509368941;AUVERGNE-RHôNE-ALPES;Disponible;Poste en zones d'injection photovoltaïque HTA;Poste en zones d'injection photovoltaïque HTA et HTB
CREST;CREST;44.7256114258691;5.00681616663852;AUVERGNE-RHôNE-ALPES;Disponible;Poste en zones de soutirage HTA;Poste en zones de soutirage HTA et HTB
CRE.B;CREST-BIS;44.7217005006225;4.99673550966707;AUVERGNE-RHôNE-ALPES;Disponible;Poste pas concernée par des contraintes locales de réseau;Poste pas concernée par des contraintes locales de réseau
CRETA;CRETAINE;48.7988923856305;2.35776982818052;ÎLE-DE-FRANCE;Disponible;Poste en zones de soutirage HTA;Poste en zones de soutirage HTA et HTB
CREUL;CREULLY;49.2721421491279;-0.548117609817952;NORMANDIE;Disponible;Poste pas concernée par des contraintes locales de réseau;Poste pas concernée par des contraintes locales de réseau
CREUT;CREUTZWALD;49.1913764920306;6.708015065579;GRAND EST;Disponible;Poste pas concernée par des contraintes locales de réseau;Poste pas concernée par des contraintes locales de réseau
CRIME;CRIMEE;48.8899188919303;2.37778195223059;ÎLE-DE-FRANCE;Disponible;Poste en zones de soutirage HTA;Poste en zones de soutirage HTA et HTB
CRIQU;CRIQUET;49.5552523412478;0.456966041652014;NORMANDIE;Disponible;Poste pas concernée par des contraintes locales de réseau;Poste pas concernée par des contraintes locales de réseau
CROI6;CROISIERE;44.271472079121;4.6973862898668;PROVENCE-ALPES-CôTE D’AZUR;Disponible;Poste pas concernée par des contraintes locales de réseau;Poste pas concernée par des contraintes locales de réseau
CROIX;CROIX (LA);50.7103826615163;3.13143001090453;HAUTS-DE-FRANCE;Disponible;Poste en zones de soutirage HTA;Poste en zones de soutirage HTA et HTB
C.MET;CROIX-DE-METZ;48.6916185643541;5.91519492110794;GRAND EST;Disponible;Poste pas concernée par des contraintes locales de réseau;Poste pas concernée par des contraintes locales de réseau
C.NEY;CROIX-DE-NEYRAT;45.8104275572346;3.10318192030432;AUVERGNE-RHôNE-ALPES;Disponible;Poste en zones de soutirage HTA;Poste en zones de soutirage HTA et HTB
C.LEO;CROIX-LEONARD;46.569845028917;4.88668655616599;BOURGOGNE-FRANCHE-COMTé;Disponible;Poste en zones de soutirage HTA;Poste en zones de soutirage HTA et HTB
CROI5;CROIXRAULT;49.7838626435488;1.99169097781602;HAUTS-DE-FRANCE;Disponible;Poste pas concernée par des contraintes locales de réseau;Poste pas concernée par des contraintes locales de réseau
C.ROU;CROIX-ROUSSE;45.7762097872099;4.83020742532357;AUVERGNE-RHôNE-ALPES;Disponible;Poste pas concernée par des contraintes locales de réseau;Poste pas concernée par des contraintes locales de réseau
CROLL;CROLLES;45.2655483456536;5.88256835281932;AUVERGNE-RHôNE-ALPES;Disponible;Poste pas concernée par des contraintes locales de réseau;Poste pas concernée par des contraintes locales de réseau
CRONE;CRONENBOURG;48.6009363253185;7.69600520557071;GRAND EST;Disponible;Poste pas concernée par des contraintes locales de réseau;Poste pas concernée par des contraintes locales de réseau
CROQU;CROQUELOUP;48.1271540764512;-1.02392116067623;PAYS DE LA LOIRE;Disponible;Poste en zones de soutirage HTA;Poste en zones de soutirage HTA et HTB
CROSN;CROSNE (SNCF);48.7229395144192;2.44262245324276;ÎLE-DE-FRANCE;Disponible;Poste pas concernée par des contraintes locales de réseau;Poste pas concernée par des contraintes locales de réseau
CROZE;CROZES;43.1900064522005;2.54895539969846;OCCITANIE;Disponible;Poste pas concernée par des contraintes locales de réseau;Poste pas concernée par des contraintes locales de réseau
CROZO;CROZON;48.2473235472813;-4.42568613214474;BRETAGNE;Disponible;Poste pas concernée par des contraintes locales de réseau;Poste pas concernée par des contraintes locales de réseau
CRUET;CRUET;46.2276256945899;4.99773048434483;AUVERGNE-RHôNE-ALPES;Disponible;Poste en zones de soutirage HTA;Poste en zones de soutirage HTA et HTB
CRUGE;CRUGEY;47.1845505795137;4.67924066143631;BOURGOGNE-FRANCHE-COMTé;Disponible;Poste en zones d'injection photovoltaïque HTA;Poste en zones d'injection photovoltaïque HTA et HTB
CRUSE;CRUSEILLES;46.0404742188994;6.09869554548532;AUVERGNE-RHôNE-ALPES;Disponible;Poste en zones de soutirage HTA;Poste en zones de soutirage HTA et HTB
CRUSS;CRUSSOL;44.9340452055144;4.85955091749781;AUVERGNE-RHôNE-ALPES;Disponible;Poste en zones de soutirage HTA;Poste en zones de soutirage HTA et HTB
CUBNE;CUBNEZAIS;45.0684890986793;-0.435452619106339;NOUVELLE-AQUITAINE;Disponible;Poste en zones de soutirage HTA;Poste en zones de soutirage HTA et HTB
CUBRY;CUBRY;49.0059931478779;3.8994588237569;GRAND EST;Disponible;Poste pas concernée par des contraintes locales de réseau;Poste pas concernée par des contraintes locales de réseau
CUDRA;CUDRAZ;45.6185925521548;6.44743975906575;AUVERGNE-RHôNE-ALPES;Disponible;Poste pas concernée par des contraintes locales de réseau;Poste en zones de soutirage HTB
CUISE;CUISEAUX;46.5011815482781;5.37799459685832;BOURGOGNE-FRANCHE-COMTé;Disponible;Poste pas concernée par des contraintes locales de réseau;Poste pas concernée par des contraintes locales de réseau
CULOZ;CULOZ;45.8423056868629;5.78285349563191;AUVERGNE-RHôNE-ALPES;Disponible;Poste pas concernée par des contraintes locales de réseau;Poste pas concernée par des contraintes locales de réseau
CURBA;CURBANS;44.4471154812615;6.05953964242775;PROVENCE-ALPES-CôTE D’AZUR;Disponible;Poste pas concernée par des contraintes locales de réseau;Poste en zones d'injection photovoltaïque HTB
CUS.P;CUSSET-POSTE;45.764678870021;4.91574035937715;AUVERGNE-RHôNE-ALPES;Disponible;Poste en zones de soutirage HTA;Poste en zones de soutirage HTA et HTB
DALST;DALSTEIN;49.3069484348625;6.39979586810181;GRAND EST;Disponible;Poste en zones de soutirage HTA;Poste en zones de soutirage HTA et HTB
DAMBR;DAMBRON;48.1065771044742;1.85596619135729;CENTRE-VAL DE LOIRE;Disponible;Poste pas concernée par des contraintes locales de réseau;Poste pas concernée par des contraintes locales de réseau
DAMER;DAMERY;49.0756424011334;3.87079678316551;GRAND EST;Disponible;Poste pas concernée par des contraintes locales de réseau;Poste pas concernée par des contraintes locales de réseau
DAMVI;DAMVILLE;48.8595800451335;1.0759214562364;NORMANDIE;Disponible;Poste pas concernée par des contraintes locales de réseau;Poste pas concernée par des contraintes locales de réseau
DANT5;DANTON;48.8947071033997;2.23765537477673;ÎLE-DE-FRANCE;Disponible;Poste en zones de soutirage HTA;Poste en zones de soutirage HTA et HTB
DANTO;DANTOU;44.4664519229819;0.835772964710075;NOUVELLE-AQUITAINE;Disponible;Poste pas concernée par des contraintes locales de réseau;Poste en zones d'injection photovoltaïque HTB
DARCE;DARCEY;47.5645186811784;4.55533848864727;BOURGOGNE-FRANCHE-COMTé;En construction (déduit selon data Capareseau);Poste pas concernée par des contraintes locales de réseau;Poste en zones d'injection photovoltaïque HTB
DARDI;DARDILLY;45.8064433455607;4.7619593405809;AUVERGNE-RHôNE-ALPES;Disponible;Poste en zones de soutirage HTA;Poste en zones de soutirage HTA et HTB
DARNE;DARNEY;48.0998883266079;6.045612733326;GRAND EST;Disponible;Poste pas concernée par des contraintes locales de réseau;Poste pas concernée par des contraintes locales de réseau
DARSE;DARSE;43.4286213901621;4.84781640961262;PROVENCE-ALPES-CôTE D’AZUR;Disponible;Poste pas concernée par des contraintes locales de réseau;Poste pas concernée par des contraintes locales de réseau
DAUX;DAUX;43.6797584077556;1.27535004165006;OCCITANIE;Disponible;Poste en zones de soutirage HTA;Poste en zones de soutirage HTA et HTB
DAX;DAX;43.7264439775889;-1.03914227462923;NOUVELLE-AQUITAINE;Disponible;Poste en zones de soutirage HTA;Poste en zones de soutirage HTA et HTB
LUZE;DE LUZE;44.8631287220637;-0.575925601067985;NOUVELLE-AQUITAINE;Disponible;Poste en zones de soutirage HTA;Poste en zones de soutirage HTA et HTB
DEBON;DEBONNAIRE;49.1006892122675;6.18473948130864;GRAND EST;Disponible;Poste pas concernée par des contraintes locales de réseau;Poste pas concernée par des contraintes locales de réseau
DECHY;DECHY;50.3619617570367;3.13897262914041;HAUTS-DE-FRANCE;En construction (déduit selon data Capareseau);Poste pas concernée par des contraintes locales de réseau;Poste pas concernée par des contraintes locales de réseau
DECIN;DECINES;45.7511242590474;4.93568358160477;AUVERGNE-RHôNE-ALPES;Disponible;Poste en zones de soutirage HTA;Poste en zones de soutirage HTA et HTB
DEGA5;DEGAGNAC;44.6546030969479;1.33929442952635;OCCITANIE;Disponible;Poste en zones de soutirage HTA;Poste en zones de soutirage HTA et HTB
DELLE;DELLE;47.5014310719712;6.99276794993679;BOURGOGNE-FRANCHE-COMTé;Disponible;Poste pas concernée par des contraintes locales de réseau;Poste pas concernée par des contraintes locales de réseau
DENAI;DENAIN;50.3320114643711;3.40677613084981;HAUTS-DE-FRANCE;Disponible;Poste pas concernée par des contraintes locales de réseau;Poste pas concernée par des contraintes locales de réseau
DEOLS;DEOLS;46.8240310356214;1.73589401596431;CENTRE-VAL DE LOIRE;Disponible;Poste pas concernée par des contraintes locales de réseau;Poste pas concernée par des contraintes locales de réseau
DERVA;DERVAL;47.6514515737345;-1.66996449156775;PAYS DE LA LOIRE;Disponible;Poste en zones d'injection photovoltaïque HTA;Poste en zones d'injection photovoltaïque HTA et HTB
DESVR;DESVRES;50.6623883561406;1.83313184460817;HAUTS-DE-FRANCE;Disponible;Poste pas concernée par des contraintes locales de réseau;Poste pas concernée par des contraintes locales de réseau
DETTW;DETTWILLER;48.7454164344768;7.45844210918935;GRAND EST;Disponible;Poste pas concernée par des contraintes locales de réseau;Poste pas concernée par des contraintes locales de réseau
D.ROU;DEVILLE-LES-ROUEN;49.4645620944512;1.04969620933969;NORMANDIE;Disponible;Poste pas concernée par des contraintes locales de réseau;Poste pas concernée par des contraintes locales de réseau
DIE;DIE;44.7613737951168;5.35610035015823;AUVERGNE-RHôNE-ALPES;Disponible;Poste en zones de soutirage HTA;Poste en zones de soutirage HTA et HTB
DIEPP;DIEPPE;49.9147760190648;1.09992676791268;NORMANDIE;Disponible;Poste pas concernée par des contraintes locales de réseau;Poste pas concernée par des contraintes locales de réseau
DIEP5;DIEPPEDALLE;49.4200194911142;1.0166216814488;NORMANDIE;Disponible;Poste pas concernée par des contraintes locales de réseau;Poste pas concernée par des contraintes locales de réseau
DIEUL;DIEULEFIT;44.520555232177;5.0552868948443;AUVERGNE-RHôNE-ALPES;Disponible;Poste pas concernée par des contraintes locales de réseau;Poste pas concernée par des contraintes locales de réseau
DIEUP;DIEUPENTALE;43.8592492548627;1.28143545699364;OCCITANIE;Disponible;Poste pas concernée par des contraintes locales de réseau;Poste pas concernée par des contraintes locales de réseau
DIEUZ;DIEUZE;48.8181048498481;6.70364419764454;GRAND EST;Disponible;Poste pas concernée par des contraintes locales de réseau;Poste pas concernée par des contraintes locales de réseau
DIGNE;DIGNE;44.0921809869266;6.22935360294483;PROVENCE-ALPES-CôTE D’AZUR;Disponible;Poste pas concernée par des contraintes locales de réseau;Poste pas concernée par des contraintes locales de réseau
DIGOI;DIGOIN;46.489723483978;4.00366821686355;BOURGOGNE-FRANCHE-COMTé;Disponible;Poste pas concernée par des contraintes locales de réseau;Poste pas concernée par des contraintes locales de réseau
D.FRA;DIGUE-DES-FRANCAIS;43.6763995898663;7.20691433036709;PROVENCE-ALPES-CôTE D’AZUR;Disponible;Poste en zones de soutirage HTA;Poste en zones de soutirage HTA et HTB
DINAN;DINAN;48.4443384472177;-2.06713485186505;BRETAGNE;Disponible;Poste en zones de soutirage HTA;Poste en zones de soutirage HTA et HTB
DINAR;DINARD;48.6158095324016;-2.05872528866896;BRETAGNE;Disponible;Poste en zones de soutirage HTA;Poste en zones de soutirage HTA et HTB
DIRIN;DIRINON;48.3891043625823;-4.26319516620438;BRETAGNE;Disponible;Poste pas concernée par des contraintes locales de réseau;Poste pas concernée par des contraintes locales de réseau
DISTR;DISTRE;47.2071953033589;-0.11434415743522;PAYS DE LA LOIRE;En construction (déduit selon data Capareseau);Poste pas concernée par des contraintes locales de réseau;Poste en zones de soutirage HTB
DIVES;DIVES;49.2847866563237;-0.109682224473494;NORMANDIE;Disponible;Poste en zones de soutirage HTA;Poste en zones de soutirage HTA et HTB
DOBER;DOBERIE;48.5062239945343;-2.45460890017725;BRETAGNE;Disponible;Poste pas concernée par des contraintes locales de réseau;Poste pas concernée par des contraintes locales de réseau
DOGNE;DOGNEVILLE;48.2174577803135;6.45300586740224;GRAND EST;Disponible;Poste pas concernée par des contraintes locales de réseau;Poste pas concernée par des contraintes locales de réseau
DOL;DOL-DE-BRETAGNE;48.5539886728195;-1.75015062266569;BRETAGNE;Disponible;Poste en zones de soutirage HTA;Poste en zones de soutirage HTA et HTB
DOMEN;DOMENE;45.2017644585314;5.82814881705692;AUVERGNE-RHôNE-ALPES;Disponible;Poste en zones de soutirage HTA;Poste en zones de soutirage HTA et HTB
DOMFR;DOMFRONT;48.5936084127697;-0.62712342784149;NORMANDIE;Disponible;Poste pas concernée par des contraintes locales de réseau;Poste pas concernée par des contraintes locales de réseau
DOMLO;DOMLOUP;48.0929372740654;-1.55612177046632;BRETAGNE;Disponible;Poste pas concernée par des contraintes locales de réseau;Poste en zones de soutirage HTB
DOMPI;DOMPIERRE;46.5161777972817;3.69183976559065;AUVERGNE-RHôNE-ALPES;Disponible;Poste en zones d'injection photovoltaïque HTA;Poste en zones d'injection photovoltaïque HTA et HTB
DONGE;DONGES (E.D.F. ET ELF FRANCE);47.3134979550179;-2.07250923426963;PAYS DE LA LOIRE;Disponible;Poste en zones de soutirage HTA;Poste en zones de soutirage HTA et HTB
DONZA;DONZAC;44.1026748023242;0.822654895537661;OCCITANIE;Disponible;Poste pas concernée par des contraintes locales de réseau;Poste pas concernée par des contraintes locales de réseau
DONZE;DONZENAC;45.2145346564537;1.52225382071259;NOUVELLE-AQUITAINE;Disponible;Poste pas concernée par des contraintes locales de réseau;Poste pas concernée par des contraintes locales de réseau
DORE;DORE;45.3786020655634;3.75706315745955;AUVERGNE-RHôNE-ALPES;Disponible;Poste en zones de soutirage HTA;Poste en zones de soutirage HTA et HTB
DORMA;DORMANS;49.0639814934002;3.61708706089774;GRAND EST;Disponible;Poste pas concernée par des contraintes locales de réseau;Poste pas concernée par des contraintes locales de réseau
DORNA;DORNACH;47.7486707639083;7.30008346768399;GRAND EST;Disponible;Poste en zones de soutirage HTA;Poste en zones de soutirage HTA et HTB
DOUAI;DOUAIRES;48.0382017378105;-1.3827279679931;BRETAGNE;Disponible;Poste en zones de soutirage HTA;Poste en zones de soutirage HTA et HTB
DOUAR;DOUARNENEZ;48.0744337699526;-4.30916740589073;BRETAGNE;Disponible;Poste en zones de soutirage HTA;Poste en zones de soutirage HTA et HTB
DOUDO;DOUDOYE;47.18337510225;3.35861366822736;BOURGOGNE-FRANCHE-COMTé;Disponible;Poste en zones de soutirage HTA;Poste en zones de soutirage HTA et HTB
DOUDR;DOUDRAC;44.6606539972223;0.669408471069688;NOUVELLE-AQUITAINE;Saturé;Poste en zones d'injection photovoltaïque HTA;Poste en zones d'injection photovoltaïque HTA et HTB
D.FON;DOUE-LA-FONTAINE;47.1828953597423;-0.254223892260842;PAYS DE LA LOIRE;Disponible;Poste pas concernée par des contraintes locales de réseau;Poste pas concernée par des contraintes locales de réseau
DOULL;DOULLENS;50.1466375899778;2.33832628345303;HAUTS-DE-FRANCE;Disponible;Poste pas concernée par des contraintes locales de réseau;Poste pas concernée par des contraintes locales de réseau
DOULO;DOULON;47.2320557397252;-1.50450539246685;PAYS DE LA LOIRE;Disponible;Poste pas concernée par des contraintes locales de réseau;Poste pas concernée par des contraintes locales de réseau
DOUVA;DOUVAINE;46.295555713554;6.30590297325671;AUVERGNE-RHôNE-ALPES;Disponible;Poste pas concernée par des contraintes locales de réseau;Poste pas concernée par des contraintes locales de réseau
DOUV6;DOUVRES;49.2770548567187;-0.394153578520157;NORMANDIE;Disponible;Poste pas concernée par des contraintes locales de réseau;Poste pas concernée par des contraintes locales de réseau
DOUVR;DOUVRIN;50.5091469277803;2.84650185678856;HAUTS-DE-FRANCE;Disponible;Poste en zones de soutirage HTA;Poste en zones de soutirage HTA et HTB
D.INF;DRAC-INFERIEUR;45.1480372380718;5.70059232503254;AUVERGNE-RHôNE-ALPES;Disponible;Poste en zones de soutirage HTA;Poste en zones de soutirage HTA et HTB
DRAGU;DRAGUIGNAN;43.5400176926146;6.44418261740832;PROVENCE-ALPES-CôTE D’AZUR;Disponible;Poste pas concernée par des contraintes locales de réseau;Poste pas concernée par des contraintes locales de réseau
DRANC;DRANCY;48.9355218455645;2.43961524478813;ÎLE-DE-FRANCE;Disponible;Poste pas concernée par des contraintes locales de réseau;Poste pas concernée par des contraintes locales de réseau
DREUX;DREUX;48.7451303812529;1.38194283754212;CENTRE-VAL DE LOIRE;Disponible;Poste pas concernée par des contraintes locales de réseau;Poste pas concernée par des contraintes locales de réseau
DRO.S;DROME-SUD;44.5237332676367;4.78853803143612;AUVERGNE-RHôNE-ALPES;Disponible;Poste pas concernée par des contraintes locales de réseau;Poste pas concernée par des contraintes locales de réseau
DRONN;DRONNIERE (LA);49.1385386640693;-0.338613625816252;NORMANDIE;Disponible;Poste en zones de soutirage HTA;Poste en zones de soutirage HTA et HTB
DROUG;DROUGES;47.8909539921435;-1.26226341591441;BRETAGNE;Disponible;Poste en zones de soutirage HTA;Poste en zones de soutirage HTA et HTB
DRULI;DRULINGEN;48.8588522198073;7.20341198488051;GRAND EST;Disponible;Poste pas concernée par des contraintes locales de réseau;Poste pas concernée par des contraintes locales de réseau
DRUME;DRUMETTAZ;45.6473785217866;5.91295880465002;AUVERGNE-RHôNE-ALPES;Disponible;Poste en zones de soutirage HTA;Poste en zones de soutirage HTA et HTB
DUGNY;DUGNY;49.1218408283424;5.39381129858656;GRAND EST;Disponible;Poste pas concernée par des contraintes locales de réseau;Poste pas concernée par des contraintes locales de réseau
DUN;DUN;46.8907829007512;2.59114144258643;CENTRE-VAL DE LOIRE;Disponible;Poste en zones d'injection photovoltaïque HTA;Poste en zones d'injection photovoltaïque HTA et HTB
D.PAL;DUN LE PALESTEL;46.3034156368072;1.64599181503287;NOUVELLE-AQUITAINE;Disponible;Poste en zones d'injection photovoltaïque HTA;Poste en zones d'injection photovoltaïque HTA et HTB
DUNIE;DUNIERES;45.2155964842;4.33812609852471;AUVERGNE-RHôNE-ALPES;Disponible;Poste pas concernée par des contraintes locales de réseau;Poste pas concernée par des contraintes locales de réseau
DURAN;DURANNE(LA);43.4853263718335;5.35588890143341;PROVENCE-ALPES-CôTE D’AZUR;Disponible;Poste en zones de soutirage HTA;Poste en zones de soutirage HTA et HTB
DUVY;DUVY;49.2350046258916;2.84901991719264;HAUTS-DE-FRANCE;Disponible;Poste en zones de soutirage HTA;Poste en zones de soutirage HTA et HTB
ECHAL;ECHALAS;45.5423766249883;4.71935739323075;AUVERGNE-RHôNE-ALPES;Disponible;Poste pas concernée par des contraintes locales de réseau;Poste en zones de soutirage HTB
ECHIN;ECHINGHEN;50.696339017884;1.63932019159288;HAUTS-DE-FRANCE;Disponible;Poste pas concernée par des contraintes locales de réseau;Poste pas concernée par des contraintes locales de réseau
ECOMM;ECOMMOY;47.8255296441632;0.25575238783816;PAYS DE LA LOIRE;Disponible;Poste en zones de soutirage HTA;Poste en zones de soutirage HTA et HTB
ECOUF;ECOUFLANT;47.5032874569415;-0.51938527091902;PAYS DE LA LOIRE;Disponible;Poste pas concernée par des contraintes locales de réseau;Poste pas concernée par des contraintes locales de réseau
ECRAI;ECRAINVILLE;49.6426849982629;0.32906243967927;NORMANDIE;Disponible;Poste pas concernée par des contraintes locales de réseau;Poste pas concernée par des contraintes locales de réseau
CATIG;ECUVILLY;49.6274331704189;2.89610366281095;HAUTS-DE-FRANCE;Disponible;Poste pas concernée par des contraintes locales de réseau;Poste pas concernée par des contraintes locales de réseau
EGLAN;EGLANTIER;48.5475527248355;3.29480530132912;ÎLE-DE-FRANCE;Disponible;Poste en zones de soutirage HTA;Poste en zones de soutirage HTA et HTB
EGLET;EGLETONS;45.4009528479715;2.07554106220362;NOUVELLE-AQUITAINE;Saturé;Poste en zones d'injection photovoltaïque HTA;Poste en zones d'injection photovoltaïque HTA et HTB
EGUIL;EGUILLES;43.5441635202228;5.355616202012;PROVENCE-ALPES-CôTE D’AZUR;Disponible;Poste en zones de soutirage HTA;Poste en zones de soutirage HTA et HTB
EGUZO;EGUZON;46.4569890815868;1.61881734771013;CENTRE-VAL DE LOIRE;Disponible;Poste en zones d'injection photovoltaïque HTA;Poste en zones d'injection photovoltaïque HTA et HTB
ELANC;ELANCOURT;48.7743164777368;1.95168224418489;ÎLE-DE-FRANCE;Disponible;Poste en zones de soutirage HTA;Poste en zones de soutirage HTA et HTB
EMBRU;EMBRUN;44.5645363227447;6.50547334525362;PROVENCE-ALPES-CôTE D’AZUR;Disponible;Poste en zones d'injection photovoltaïque HTA;Poste en zones d'injection photovoltaïque HTA et HTB
E.BOT;ENCO-DE-BOTTE;43.3208381951696;5.48090505604112;PROVENCE-ALPES-CôTE D’AZUR;Disponible;Poste en zones de soutirage HTA;Poste en zones de soutirage HTA et HTB
E.JAC;EN-JACCA;43.614275199018;1.32724799940886;OCCITANIE;Disponible;Poste en zones de soutirage HTA;Poste en zones de soutirage HTA et HTB
ENNER;ENNERY;49.2320811487145;6.22985568045352;GRAND EST;Disponible;Poste pas concernée par des contraintes locales de réseau;Poste pas concernée par des contraintes locales de réseau
ENSER;ENSERUNE;43.294206411734;3.12787941656789;OCCITANIE;Disponible;Poste en zones de soutirage HTA;Poste en zones de soutirage HTA et HTB
ENSIS;ENSISHEIM;47.8661565617019;7.37634028003427;GRAND EST;Disponible;Poste en zones de soutirage HTA;Poste en zones de soutirage HTA et HTB
ENTRA;ENTRAIGUES;43.4216868600333;6.38333097335364;PROVENCE-ALPES-CôTE D’AZUR;Disponible;Poste pas concernée par des contraintes locales de réseau;Poste pas concernée par des contraintes locales de réseau
ENTRE;ENTREVAUX;43.9527055367965;6.84544471284288;PROVENCE-ALPES-CôTE D’AZUR;Disponible;Poste en zones de soutirage HTA;Poste en zones de soutirage HTA et HTB
ENVAL;ENVAL;45.7652025782854;2.99926148139838;AUVERGNE-RHôNE-ALPES;Disponible;Poste en zones d'injection photovoltaïque HTA;Poste en zones d'injection photovoltaïque HTA et HTB
ENVER;ENVERMEU;49.9093901751942;1.25583561923172;NORMANDIE;Disponible;Poste pas concernée par des contraintes locales de réseau;Poste pas concernée par des contraintes locales de réseau
EPERN;EPERNAY;49.0507596507458;3.96181050257959;GRAND EST;Disponible;Poste pas concernée par des contraintes locales de réseau;Poste pas concernée par des contraintes locales de réseau
EPER5;EPERNON;48.5917974849463;1.68536873903603;CENTRE-VAL DE LOIRE;Disponible;Poste pas concernée par des contraintes locales de réseau;Poste pas concernée par des contraintes locales de réseau
EPIER;EPIERRE;45.4431817651541;6.28839593877487;AUVERGNE-RHôNE-ALPES;Disponible;Poste pas concernée par des contraintes locales de réseau;Poste pas concernée par des contraintes locales de réseau
EPINA;EPINAC;46.9775838866597;4.50473945108208;BOURGOGNE-FRANCHE-COMTé;Disponible;Poste en zones de soutirage HTA;Poste en zones de soutirage HTA et HTB
EPIN5;EPINAY;48.6866790713258;2.51497736957014;ÎLE-DE-FRANCE;Disponible;Poste en zones de soutirage HTA;Poste en zones de soutirage HTA et HTB
EPIN6;EPINAY;48.4620711997903;-0.96914830257817;PAYS DE LA LOIRE;Disponible;Poste en zones de soutirage HTA;Poste en zones de soutirage HTA et HTB
E.FOR;EPINES-FORTES;47.3906039065859;0.745390971534032;CENTRE-VAL DE LOIRE;Disponible;Poste en zones de soutirage HTA;Poste en zones de soutirage HTA et HTB
EPINE;EPINETTE;50.5432472118066;3.04500930246123;HAUTS-DE-FRANCE;Disponible;Poste en zones de soutirage HTA;Poste en zones de soutirage HTA et HTB
ERASM;ERASME;48.8426010106993;2.34510358639126;ÎLE-DE-FRANCE;Disponible;Poste en zones de soutirage HTA;Poste en zones de soutirage HTA et HTB
ERNEE;ERNEE;48.2901270118433;-0.925880569565023;PAYS DE LA LOIRE;Disponible;Poste pas concernée par des contraintes locales de réseau;Poste pas concernée par des contraintes locales de réseau
ERQUY;ERQUY;48.6000859260375;-2.45256607222837;BRETAGNE;Disponible;Poste pas concernée par des contraintes locales de réseau;Poste pas concernée par des contraintes locales de réseau
ERRON;ERRONDENIA;43.3613662094104;-1.75858728592424;NOUVELLE-AQUITAINE;Disponible;Poste en zones de soutirage HTA;Poste en zones de soutirage HTA et HTB
ERROU;ERROUVILLE;49.4120132037415;5.89935705227622;GRAND EST;Disponible;Poste pas concernée par des contraintes locales de réseau;Poste pas concernée par des contraintes locales de réseau
ERSTE;ERSTEIN;48.4264959524876;7.6336175175735;GRAND EST;Disponible;Poste pas concernée par des contraintes locales de réseau;Poste pas concernée par des contraintes locales de réseau
ESCAI;ESCAILLON (L );43.1318305992369;5.8923935385839;PROVENCE-ALPES-CôTE D’AZUR;Disponible;Poste en zones de soutirage HTA;Poste en zones de soutirage HTA et HTB
ESCOU;ESCOULOUBRE;42.7135678857779;2.13753826081981;OCCITANIE;Disponible;Poste pas concernée par des contraintes locales de réseau;Poste pas concernée par des contraintes locales de réseau
ESCO2;ESCOULOUBRE II;42.7115053828831;2.14046827091251;OCCITANIE;Disponible;Poste pas concernée par des contraintes locales de réseau;Poste pas concernée par des contraintes locales de réseau
ESPAG;ESPAGNOUX;45.8871631371074;6.13923250786243;AUVERGNE-RHôNE-ALPES;Disponible;Poste pas concernée par des contraintes locales de réseau;Poste pas concernée par des contraintes locales de réseau
ESPER;ESPERAZA;42.9354680543138;2.20021828957514;OCCITANIE;Disponible;Poste pas concernée par des contraintes locales de réseau;Poste pas concernée par des contraintes locales de réseau
ESPO5;ESPONDEILHAN;43.4432236203286;3.25105599078412;OCCITANIE;Disponible;Poste en zones de soutirage HTA;Poste en zones de soutirage HTA et HTB
ESSAR;ESSARS;50.5356884540704;2.6663112663215;HAUTS-DE-FRANCE;Disponible;Poste pas concernée par des contraintes locales de réseau;Poste pas concernée par des contraintes locales de réseau
ESSA5;ESSARTS;46.7612223263272;-1.24570448662108;PAYS DE LA LOIRE;Disponible;Poste en zones de soutirage HTA;Poste en zones de soutirage HTA et HTB
ESSER;ESSERT;47.6369996334259;6.83930529176529;BOURGOGNE-FRANCHE-COMTé;Disponible;Poste en zones de soutirage HTA;Poste en zones de soutirage HTA et HTB
ESSEY;ESSEY-LES-NANCY;48.7101322313719;6.24093158569823;GRAND EST;Disponible;Poste en zones de soutirage HTA;Poste en zones de soutirage HTA et HTB
ESSON;ESSONNES;48.6111053077503;2.45812272758926;ÎLE-DE-FRANCE;Disponible;Poste en zones de soutirage HTA;Poste en zones de soutirage HTA et HTB
ESTVI;EST VIENNE;46.4517235283452;0.897039810021153;NOUVELLE-AQUITAINE;Disponible;Poste pas concernée par des contraintes locales de réseau;Poste pas concernée par des contraintes locales de réseau
ESTAI;ESTAIRES;50.6457973183297;2.72903784498326;HAUTS-DE-FRANCE;Disponible;Poste pas concernée par des contraintes locales de réseau;Poste pas concernée par des contraintes locales de réseau
E.ATL;EST-LOIRE-ATLANTIQUE;47.4251663374541;-1.11219874863729;PAYS DE LA LOIRE;Disponible;Poste pas concernée par des contraintes locales de réseau;Poste pas concernée par des contraintes locales de réseau
ESTR5;ESTREES;49.4308950780907;2.65932755418747;HAUTS-DE-FRANCE;Disponible;Poste pas concernée par des contraintes locales de réseau;Poste pas concernée par des contraintes locales de réseau
ESTRE;ESTRESSIN;45.5417186535257;4.85527002485329;AUVERGNE-RHôNE-ALPES;Disponible;Poste en zones de soutirage HTA;Poste en zones de soutirage HTA et HTB
ESTR6;ESTREUX;50.3594717905416;3.60940199160558;HAUTS-DE-FRANCE;Disponible;Poste pas concernée par des contraintes locales de réseau;Poste pas concernée par des contraintes locales de réseau
ETAB5;ETABLES;44.8300307865573;-0.560919799339296;NOUVELLE-AQUITAINE;Disponible;Poste en zones de soutirage HTA;Poste en zones de soutirage HTA et HTB
ETAI5;ETAIN;49.1957350392265;5.65649515222823;GRAND EST;Disponible;Poste pas concernée par des contraintes locales de réseau;Poste pas concernée par des contraintes locales de réseau
ETAUL;ETAULIERS;45.2192584429612;-0.566606546444664;NOUVELLE-AQUITAINE;Disponible;Poste pas concernée par des contraintes locales de réseau;Poste pas concernée par des contraintes locales de réseau
ETIVA;ETIVAL;48.3790595392111;6.87144855939716;GRAND EST;Disponible;Poste pas concernée par des contraintes locales de réseau;Poste pas concernée par des contraintes locales de réseau
E.RHO;ETOILE-SUR-RHONE;44.8265778223752;4.93070366836773;AUVERGNE-RHôNE-ALPES;Disponible;Poste en zones d'injection photovoltaïque HTA;Poste en zones d'injection photovoltaïque HTA et HTB
ETREP;ETREPAGNY;49.3026706519459;1.6364724427748;NORMANDIE;Disponible;Poste en zones de soutirage HTA;Poste en zones de soutirage HTA et HTB
ETUPE;ETUPES;47.5072131463828;6.84766896519788;BOURGOGNE-FRANCHE-COMTé;Disponible;Poste en zones de soutirage HTA;Poste en zones de soutirage HTA et HTB
ELOI1;EURE ET LOIR 1;48.3433930111826;1.62628476603067;CENTRE-VAL DE LOIRE;En construction (déduit selon data Capareseau);Poste pas concernée par des contraintes locales de réseau;Poste pas concernée par des contraintes locales de réseau
ELOI2;EURE ET LOIR 2;48.2920757692758;1.26904613527092;CENTRE-VAL DE LOIRE;En construction (déduit selon data Capareseau);Poste pas concernée par des contraintes locales de réseau;Poste pas concernée par des contraintes locales de réseau
ELOI3;EURE ET LOIR 3;48.0389085302678;1.51568383509757;CENTRE-VAL DE LOIRE;Disponible;Poste pas concernée par des contraintes locales de réseau;Poste pas concernée par des contraintes locales de réseau
EUROP;EUROPORT (AEROPORT PARIS CHAMPAGNE);48.7688932999047;4.20109539347946;GRAND EST;Disponible;Poste pas concernée par des contraintes locales de réseau;Poste pas concernée par des contraintes locales de réseau
EURO2;EUROPORT 2;48.6889958706004;4.13039437292482;GRAND EST;En construction (déduit selon data Capareseau);Poste pas concernée par des contraintes locales de réseau;Poste pas concernée par des contraintes locales de réseau
E.BAI;EVAUX LES BAINS;46.1846302732766;2.47853446152693;NOUVELLE-AQUITAINE;Saturé;Poste en zones d'injection photovoltaïque HTA;Poste en zones d'injection photovoltaïque HTA et HTB
EVIAN;EVIAN;46.3959011925329;6.57528419993831;AUVERGNE-RHôNE-ALPES;Disponible;Poste en zones de soutirage HTA;Poste en zones de soutirage HTA et HTB
EVREU;EVREUX;49.0204911001232;1.18035765299293;NORMANDIE;Disponible;Poste en zones de soutirage HTA;Poste en zones de soutirage HTA et HTB
EVRO1;EVRON 1;48.1444555819491;-0.382587091865205;PAYS DE LA LOIRE;Disponible;Poste pas concernée par des contraintes locales de réseau;Poste en zones de soutirage HTB
EVRO2;EVRON 2;48.1578592745217;-0.415486532970689;PAYS DE LA LOIRE;Disponible;Poste en zones de soutirage HTA;Poste en zones de soutirage HTA et HTB
EXCID;EXCIDEUIL;45.3298456396866;1.04448610157543;NOUVELLE-AQUITAINE;Saturé;Poste en zones d'injection photovoltaïque HTA;Poste en zones d'injection photovoltaïque HTA et en zone soutirage HTB
EYBEN;EYBENS;45.1540530346375;5.75376048809756;AUVERGNE-RHôNE-ALPES;Disponible;Poste en zones de soutirage HTA;Poste en zones de soutirage HTA et HTB
EYGLI;EYGLIERS;44.6716255480497;6.6501321519639;PROVENCE-ALPES-CôTE D’AZUR;Disponible;Poste pas concernée par des contraintes locales de réseau;Poste pas concernée par des contraintes locales de réseau
E.LES;EYGUN-LESCUN;42.9433003511378;-0.611001219858852;NOUVELLE-AQUITAINE;Disponible;Poste pas concernée par des contraintes locales de réseau;Poste pas concernée par des contraintes locales de réseau
EYRE5;EYREIN;45.3389405466765;1.90357831424198;NOUVELLE-AQUITAINE;Saturé;Poste en zones d'injection photovoltaïque HTA;Poste en zones d'injection photovoltaïque HTA et HTB
FABIA;FABIAN;42.7880455712018;0.22990676108735;OCCITANIE;Disponible;Poste en zones d'injection photovoltaïque HTA;Poste en zones d'injection photovoltaïque HTA et HTB
FACTU;FACTURE;44.6375242281127;-0.972571026357287;NOUVELLE-AQUITAINE;Disponible;Poste pas concernée par des contraintes locales de réseau;Poste pas concernée par des contraintes locales de réseau
FAIDH;FAIDHERBE;48.8528184009314;2.38244020678473;ÎLE-DE-FRANCE;Disponible;Poste en zones de soutirage HTA;Poste en zones de soutirage HTA et HTB
FALLO;FALLOU;48.9378268840496;2.26170537080171;ÎLE-DE-FRANCE;Disponible;Poste pas concernée par des contraintes locales de réseau;Poste en zones de soutirage HTB
FAMAR;FAMARS;50.3114581160149;3.5055665911615;HAUTS-DE-FRANCE;Disponible;Poste pas concernée par des contraintes locales de réseau;Poste pas concernée par des contraintes locales de réseau
FAMA5;FAMARS2;50.1629983675655;3.42160986789367;HAUTS-DE-FRANCE;Disponible;Poste pas concernée par des contraintes locales de réseau;Poste pas concernée par des contraintes locales de réseau
FANAU;FANAUDES;48.9829493275885;2.30327673495123;ÎLE-DE-FRANCE;Disponible;Poste en zones de soutirage HTA;Poste en zones de soutirage HTA et HTB
FARRA;FARRADIERE (LA);45.9663173647532;-0.860760028718168;NOUVELLE-AQUITAINE;En construction (déduit selon data Capareseau);Poste pas concernée par des contraintes locales de réseau;Poste en zones de soutirage HTB
FAUGE;FAUGERES;43.5588947340931;3.17518793422872;OCCITANIE;Disponible;Poste pas concernée par des contraintes locales de réseau;Poste pas concernée par des contraintes locales de réseau
F.FRE;FAUX FRESNAY;48.6498647791704;3.9762428206914;GRAND EST;En construction (déduit selon data Capareseau);Poste pas concernée par des contraintes locales de réseau;Poste pas concernée par des contraintes locales de réseau
F.MON;FAUX-LA-MONTAGNE;45.7658494293234;1.93550553578625;NOUVELLE-AQUITAINE;Disponible;Poste en zones d'injection photovoltaïque HTA;Poste en zones d'injection photovoltaïque HTA et HTB
FAVAR;FAVARY;43.4768605541995;5.60191098048618;PROVENCE-ALPES-CôTE D’AZUR;Disponible;Poste en zones d'injection photovoltaïque HTA;Poste en zones d'injection photovoltaïque HTA et HTB
FAVER;FAVERGES;45.7518937385745;6.29457883844784;AUVERGNE-RHôNE-ALPES;Disponible;Poste en zones de soutirage HTA;Poste en zones de soutirage HTA et HTB
FAYMO;FAYMOREAU;46.5482291729311;-0.622842868412692;PAYS DE LA LOIRE;Disponible;Poste pas concernée par des contraintes locales de réseau;Poste pas concernée par des contraintes locales de réseau
FECAM;FECAMP;49.7542303009719;0.398441394165445;NORMANDIE;Disponible;Poste pas concernée par des contraintes locales de réseau;Poste pas concernée par des contraintes locales de réseau
FEIGN;FEIGNES;50.2875368089599;3.92213647490142;HAUTS-DE-FRANCE;Disponible;Poste pas concernée par des contraintes locales de réseau;Poste pas concernée par des contraintes locales de réseau
FER.E;FERE CHAMPENOISE EST;48.7474230074445;4.02543050513088;GRAND EST;En construction (déduit selon data Capareseau);Poste pas concernée par des contraintes locales de réseau;Poste pas concernée par des contraintes locales de réseau
FER.O;FERE CHAMPENOISE OUEST;48.7200143272841;3.87535691484552;GRAND EST;En construction (déduit selon data Capareseau);Poste pas concernée par des contraintes locales de réseau;Poste pas concernée par des contraintes locales de réseau
F.CHA;FERE-CHAMPENOISE;48.7671281477522;4.00987338989033;GRAND EST;Disponible;Poste pas concernée par des contraintes locales de réseau;Poste pas concernée par des contraintes locales de réseau
FERE;FERE-EN-TARDENOIS;49.1944562652335;3.51270014230294;HAUTS-DE-FRANCE;Disponible;Poste pas concernée par des contraintes locales de réseau;Poste pas concernée par des contraintes locales de réseau
FEROU;FEROUGE;44.9177661025303;1.46920862074504;OCCITANIE;Disponible;Poste en zones d'injection photovoltaïque HTA;Poste en zones d'injection photovoltaïque HTA et en zone soutirage HTB
FERR5;FERRIERE;48.8573952985494;0.591555373967632;NORMANDIE;Disponible;Poste en zones de soutirage HTA;Poste en zones de soutirage HTA et HTB
FESSE;FESSENHEIM;47.9148117575485;7.56813169068085;GRAND EST;Disponible;Poste pas concernée par des contraintes locales de réseau;Poste pas concernée par des contraintes locales de réseau
FEUIL;FEUILLANE;43.4557284961345;4.90565261810045;PROVENCE-ALPES-CôTE D’AZUR;Disponible;Poste pas concernée par des contraintes locales de réseau;Poste pas concernée par des contraintes locales de réseau
FEURS;FEURS;45.7324605365095;4.23620040815505;AUVERGNE-RHôNE-ALPES;Disponible;Poste en zones de soutirage HTA;Poste en zones de soutirage HTA et HTB
FIGEA;FIGEAC;44.6054108268606;2.03001388312119;OCCITANIE;Disponible;Poste en zones d'injection photovoltaïque HTA;Poste en zones d'injection photovoltaïque HTA et HTB
FINHA;FINHAN;43.9076910101962;1.24356852651502;OCCITANIE;Disponible;Poste en zones de soutirage HTA;Poste en zones de soutirage HTA et HTB
FIRMI;FIRMINELLES;43.7928566081699;4.53593278674562;OCCITANIE;Disponible;Poste pas concernée par des contraintes locales de réseau;Poste pas concernée par des contraintes locales de réseau
F.VER;FIRMINY-VERT;45.37913039251;4.28465317572186;AUVERGNE-RHôNE-ALPES;Disponible;Poste en zones de soutirage HTA;Poste en zones de soutirage HTA et HTB
FISME;FISMES;49.3057499854013;3.69085332910069;GRAND EST;Disponible;Poste pas concernée par des contraintes locales de réseau;Poste pas concernée par des contraintes locales de réseau
FLACE;FLACE;46.3245779308426;4.83751687305286;BOURGOGNE-FRANCHE-COMTé;Disponible;Poste en zones de soutirage HTA;Poste en zones de soutirage HTA et HTB
FLAMI;FLAMINA;45.8132201197974;3.13239947692356;AUVERGNE-RHôNE-ALPES;Disponible;Poste pas concernée par des contraintes locales de réseau;Poste pas concernée par des contraintes locales de réseau
FLAND;FLANDRE;48.8897547017718;2.37733713487777;ÎLE-DE-FRANCE;Disponible;Poste en zones de soutirage HTA;Poste en zones de soutirage HTA et HTB
FLEAC;FLEAC;45.6989845266657;0.0879206812611194;NOUVELLE-AQUITAINE;En construction (déduit selon data Capareseau);Poste pas concernée par des contraintes locales de réseau;Poste en zones de soutirage HTB
FLERS;FLERS;48.7367304225904;-0.55186127058335;NORMANDIE;Disponible;Poste en zones de soutirage HTA;Poste en zones de soutirage HTA et HTB
FLEU5;FLEURANCE;43.8622457363134;0.649853656694449;OCCITANIE;Disponible;Poste en zones d'injection photovoltaïque HTA;Poste en zones d'injection photovoltaïque HTA et HTB
F.AUB;FLEURY-LES-AUBRAIS;47.9468336164508;1.92954146458347;CENTRE-VAL DE LOIRE;Disponible;Poste en zones de soutirage HTA;Poste en zones de soutirage HTA et HTB
FLEVI;FLEVILLE;49.3171460698994;4.96420920673841;GRAND EST;Disponible;Poste pas concernée par des contraintes locales de réseau;Poste pas concernée par des contraintes locales de réseau
FLEYR;FLEYRIAT;46.2326229602756;5.20949674132334;AUVERGNE-RHôNE-ALPES;Disponible;Poste pas concernée par des contraintes locales de réseau;Poste en zones de soutirage HTB
FLOIN;FLOING;49.7243409872066;4.9350697330013;GRAND EST;Disponible;Poste pas concernée par des contraintes locales de réseau;Poste pas concernée par des contraintes locales de réseau
FLOIR;FLOIRAC;44.8218316543936;-0.523757867040703;NOUVELLE-AQUITAINE;Disponible;Poste en zones de soutirage HTA;Poste en zones de soutirage HTA et HTB
FLORE;FLORENSAC;43.3813683833139;3.45193282502339;OCCITANIE;Disponible;Poste en zones de soutirage HTA;Poste en zones de soutirage HTA et HTB
FOCH;FOCH;48.8727046319176;2.27528322720224;ÎLE-DE-FRANCE;Disponible;Poste en zones de soutirage HTA;Poste en zones de soutirage HTA et HTB
FOIX;FOIX;42.9606462847336;1.61170803821977;OCCITANIE;Disponible;Poste pas concernée par des contraintes locales de réseau;Poste pas concernée par des contraintes locales de réseau
FOLIE;FOLIES;48.8724102726659;2.34433151572674;ÎLE-DE-FRANCE;Disponible;Poste en zones de soutirage HTA;Poste en zones de soutirage HTA et HTB
FONCL;FONCLARE;43.4970286350153;2.78872695116958;OCCITANIE;Disponible;Poste en zones de soutirage HTA;Poste en zones de soutirage HTA et HTB
FONDA;FONDAMENTE;43.8283059040344;3.14109777169955;OCCITANIE;Disponible;Poste en zones d'injection photovoltaïque HTA;Poste en zones d'injection photovoltaïque HTA et HTB
F.FRA;FOND-DE-FRANCE;45.27978936847;6.0748174100208;AUVERGNE-RHôNE-ALPES;En construction (déduit selon data Capareseau);Poste pas concernée par des contraintes locales de réseau;Poste pas concernée par des contraintes locales de réseau
FONDE;FONDETTES;47.4072546233757;0.623690747718506;CENTRE-VAL DE LOIRE;Disponible;Poste en zones de soutirage HTA;Poste en zones de soutirage HTA et HTB
F.IRA;FONT D'IRAC;43.9445944492879;4.78140612459722;OCCITANIE;Disponible;Poste en zones de soutirage HTA;Poste en zones de soutirage HTA et HTB
F.GAL;FONTAINE GALUCHE;48.6461635833814;3.97508775635898;GRAND EST;Disponible;Poste pas concernée par des contraintes locales de réseau;Poste pas concernée par des contraintes locales de réseau
F.ETO;FONTAINE-ETOUPEFOUR;49.1454113688579;-0.455487061186543;NORMANDIE;Disponible;Poste pas concernée par des contraintes locales de réseau;Poste pas concernée par des contraintes locales de réseau
FTAN;FONTAN;44.0049055857314;7.55526104833422;PROVENCE-ALPES-CôTE D’AZUR;Disponible;Poste pas concernée par des contraintes locales de réseau;Poste pas concernée par des contraintes locales de réseau
F.COM;FONTENAY-LE-COMTE;46.4571344844328;-0.77883885008097;PAYS DE LA LOIRE;Disponible;Poste pas concernée par des contraintes locales de réseau;Poste pas concernée par des contraintes locales de réseau
FTENI;FONTENILLES;43.5649932445611;1.19842908125509;OCCITANIE;Disponible;Poste en zones de soutirage HTA;Poste en zones de soutirage HTA et HTB
FTGIE;FONTGIEVE;45.7827888434179;3.07174213066601;AUVERGNE-RHôNE-ALPES;Disponible;Poste en zones d'injection photovoltaïque HTA;Poste en zones d'injection photovoltaïque HTA et HTB
FTOY;FONTOY;49.3542388351112;5.98039736803304;GRAND EST;Disponible;Poste en zones de soutirage HTA;Poste en zones de soutirage HTA et HTB
FTPIN;FONTPINQUET;45.193515067589;0.70127123680785;NOUVELLE-AQUITAINE;Disponible;Poste en zones de soutirage HTA;Poste en zones de soutirage HTA et HTB
FORBA;FORBACH;49.1803049393599;6.88189824419684;GRAND EST;Disponible;Poste en zones de soutirage HTA;Poste en zones de soutirage HTA et HTB
F.EAU;FORGES-LES-EAUX;49.6152293028721;1.52097517102932;NORMANDIE;Disponible;Poste pas concernée par des contraintes locales de réseau;Poste pas concernée par des contraintes locales de réseau
FORMI;FORMIGUERES;42.6051281570041;2.10941538484448;OCCITANIE;Disponible;Poste pas concernée par des contraintes locales de réseau;Poste pas concernée par des contraintes locales de réseau
FOSSE;FOSSES (LES);48.7897743440162;3.11039186980188;ÎLE-DE-FRANCE;Disponible;Poste pas concernée par des contraintes locales de réseau;Poste en zones de soutirage HTB
FOUGE;FOUGERES;48.3686634637664;-1.18130487972547;BRETAGNE;Disponible;Poste en zones de soutirage HTA;Poste en zones de soutirage HTA et HTB
FOUG5;FOUGEROLLES;47.882792963195;6.39338246193826;BOURGOGNE-FRANCHE-COMTé;Disponible;Poste pas concernée par des contraintes locales de réseau;Poste pas concernée par des contraintes locales de réseau
FOUL5;FOULONNIERE;49.2001147382977;1.21172283360834;NORMANDIE;Disponible;Poste en zones de soutirage HTA;Poste en zones de soutirage HTA et HTB
FOURA;FOURAUDERIE;47.7449242200157;0.58177347490263;PAYS DE LA LOIRE;Disponible;Poste en zones de soutirage HTA;Poste en zones de soutirage HTA et HTB
F.MAN;FOURMANOIR;50.1012891885527;3.96057453091059;HAUTS-DE-FRANCE;Disponible;Poste pas concernée par des contraintes locales de réseau;Poste pas concernée par des contraintes locales de réseau
FOURM;FOURMIES;50.0218884686473;4.06384066945597;HAUTS-DE-FRANCE;Disponible;Poste pas concernée par des contraintes locales de réseau;Poste pas concernée par des contraintes locales de réseau
FOUSC;FOUSCAIS;43.619170630144;3.46189403111051;OCCITANIE;Disponible;Poste pas concernée par des contraintes locales de réseau;Poste en zones de soutirage HTB
F.ALL;FOUX D ALLOS;44.2736549488081;6.57929243870475;PROVENCE-ALPES-CôTE D’AZUR;Disponible;Poste pas concernée par des contraintes locales de réseau;Poste pas concernée par des contraintes locales de réseau
F.AMP;FOX-AMPHOUX (Ex HAUT-VAR);43.5937640715165;6.06492198645878;PROVENCE-ALPES-CôTE D’AZUR;En construction (déduit selon data Capareseau);Poste pas concernée par des contraintes locales de réseau;Poste pas concernée par des contraintes locales de réseau
FOYAU;FOYAUX;50.2832940605993;4.0474226572525;HAUTS-DE-FRANCE;Disponible;Poste en zones de soutirage HTA;Poste en zones de soutirage HTA et HTB
FRASN;FRASNE;46.8680113872735;6.16426029259711;BOURGOGNE-FRANCHE-COMTé;Disponible;Poste pas concernée par des contraintes locales de réseau;Poste en zones de soutirage HTB
FREIG;FREIGNE;47.5556666918371;-1.05515874617081;PAYS DE LA LOIRE;Disponible;Poste en zones de soutirage HTA;Poste en zones de soutirage HTA et HTB
FREJO;FREJORGUES;43.5725348567538;3.938528257654;OCCITANIE;Disponible;Poste pas concernée par des contraintes locales de réseau;Poste pas concernée par des contraintes locales de réseau
FREJU;FREJUS;43.4376113858601;6.73227826021804;PROVENCE-ALPES-CôTE D’AZUR;Disponible;Poste en zones de soutirage HTA;Poste en zones de soutirage HTA et HTB
FREN5;FRENECOURT (SNCF);49.1557514277984;-0.294776314865352;NORMANDIE;Disponible;Poste pas concernée par des contraintes locales de réseau;Poste pas concernée par des contraintes locales de réseau
FRENE;FRENEY;45.1949053786305;6.62476022722446;AUVERGNE-RHôNE-ALPES;Disponible;Poste pas concernée par des contraintes locales de réseau;Poste pas concernée par des contraintes locales de réseau
FRESN;FRESNAY;48.2999183560461;0.0211008992934299;PAYS DE LA LOIRE;Disponible;Poste en zones de soutirage HTA;Poste en zones de soutirage HTA et HTB
FREVE;FREVENT;50.2716020576777;2.29065049592334;HAUTS-DE-FRANCE;Disponible;Poste pas concernée par des contraintes locales de réseau;Poste pas concernée par des contraintes locales de réseau
FROGE;FROGES;45.265540211262;5.91674423517453;AUVERGNE-RHôNE-ALPES;Disponible;Poste pas concernée par des contraintes locales de réseau;Poste pas concernée par des contraintes locales de réseau
FRONC;FRONCLES;48.2944922701902;5.14916563660175;GRAND EST;Disponible;Poste en zones d'injection photovoltaïque HTA;Poste en zones d'injection photovoltaïque HTA et HTB
FRON2;FRONCLES 2;48.2847873038388;5.13836349258013;GRAND EST;En construction (déduit selon data Capareseau);Poste pas concernée par des contraintes locales de réseau;Poste pas concernée par des contraintes locales de réseau
FROUA;FROUARD;48.7696434306239;6.13607874261196;GRAND EST;Disponible;Poste pas concernée par des contraintes locales de réseau;Poste pas concernée par des contraintes locales de réseau
FRUGE;FRUGES;50.4959449585593;2.10752584989427;HAUTS-DE-FRANCE;Disponible;Poste pas concernée par des contraintes locales de réseau;Poste pas concernée par des contraintes locales de réseau
FUSTE;FUSTEL;48.5754962143088;7.7522673158796;GRAND EST;Disponible;Poste pas concernée par des contraintes locales de réseau;Poste pas concernée par des contraintes locales de réseau
GABIO;GABION;49.4817614770746;0.22485798924538;NORMANDIE;Disponible;Poste pas concernée par des contraintes locales de réseau;Poste pas concernée par des contraintes locales de réseau
GACE;GACE;48.7815996854811;0.298197071300251;NORMANDIE;Disponible;Poste en zones de soutirage HTA;Poste en zones de soutirage HTA et HTB
GAEL;GAEL;48.1509640591367;-2.21549850087604;BRETAGNE;Disponible;Poste en zones de soutirage HTA;Poste en zones de soutirage HTA et HTB
GAILL;GAILLAC;43.9031824666136;1.88560717352315;OCCITANIE;Disponible;Poste en zones d'injection photovoltaïque HTA;Poste en zones d'injection photovoltaïque HTA et HTB
GAIL6;GAILLON;49.1698812226814;1.35029338670537;NORMANDIE;Disponible;Poste en zones de soutirage HTA;Poste en zones de soutirage HTA et HTB
GALEJ;GALEJON (SNCF);43.4290704696028;4.850239845052;PROVENCE-ALPES-CôTE D’AZUR;Disponible;Poste pas concernée par des contraintes locales de réseau;Poste pas concernée par des contraintes locales de réseau
GALER;GALERES;48.8815855747749;2.60241209810923;ÎLE-DE-FRANCE;Disponible;Poste en zones de soutirage HTA;Poste en zones de soutirage HTA et HTB
GALOR;GALOREAUX;47.310277141502;-0.855004011733657;PAYS DE LA LOIRE;Disponible;Poste pas concernée par des contraintes locales de réseau;Poste pas concernée par des contraintes locales de réseau
GAMBE;GAMBETTA;48.8679403691843;2.39912263417547;ÎLE-DE-FRANCE;Disponible;Poste en zones de soutirage HTA;Poste en zones de soutirage HTA et HTB
GAMBS;GAMBSHEIM;48.6847112735149;7.91255756400915;GRAND EST;Disponible;Poste pas concernée par des contraintes locales de réseau;Poste en zones de soutirage HTB
GAMPA;GAMPALOUP;45.3352584733455;4.83340701365067;AUVERGNE-RHôNE-ALPES;Disponible;Poste pas concernée par des contraintes locales de réseau;Poste en zones de soutirage HTB
GANGE;GANGES;43.9457087375346;3.7238794079401;OCCITANIE;Disponible;Poste pas concernée par des contraintes locales de réseau;Poste pas concernée par des contraintes locales de réseau
GANNA;GANNAT;46.0987139368202;3.20674519602242;AUVERGNE-RHôNE-ALPES;Disponible;Poste en zones d'injection photovoltaïque HTA;Poste en zones d'injection photovoltaïque HTA et HTB
GANNE;GANNES;49.5825979526518;2.41983993346218;HAUTS-DE-FRANCE;Disponible;Poste pas concernée par des contraintes locales de réseau;Poste pas concernée par des contraintes locales de réseau
GANTE;GANTERIE;49.3801170385845;0.833525193558425;NORMANDIE;Disponible;Poste en zones de soutirage HTA;Poste en zones de soutirage HTA et HTB
GAP;GAP;44.5555391733463;6.07278981908235;PROVENCE-ALPES-CôTE D’AZUR;Disponible;Poste en zones de soutirage HTA;Poste en zones de soutirage HTA et HTB
GARCH;GARCHIZY;47.0311943605281;3.08393575879542;BOURGOGNE-FRANCHE-COMTé;Disponible;Poste en zones de soutirage HTA;Poste en zones de soutirage HTA et HTB
GARDA;GARDANNE;43.4636550412581;5.46839232391179;PROVENCE-ALPES-CôTE D’AZUR;Disponible;Poste en zones de soutirage HTA;Poste en zones de soutirage HTA et HTB
GARD7;GARDE (LA);43.1406405750354;6.02042125243099;PROVENCE-ALPES-CôTE D’AZUR;Disponible;Poste en zones de soutirage HTA;Poste en zones de soutirage HTA et HTB
GARDI;GARDIOLE (COURNONTERRAL);43.5337856591711;3.75960837653261;OCCITANIE;Disponible;Poste en zones de soutirage HTA;Poste en zones de soutirage HTA et HTB
GAREI;GAREIN;44.0322201098509;-0.657606161641169;NOUVELLE-AQUITAINE;Disponible;Poste en zones d'injection photovoltaïque HTA;Poste en zones d'injection photovoltaïque HTA et HTB
GAREN;GARENNES;50.9627767866533;1.88282219746669;HAUTS-DE-FRANCE;Disponible;Poste pas concernée par des contraintes locales de réseau;Poste pas concernée par des contraintes locales de réseau
GARIB;GARIBALDI;48.8475591446809;2.30415091185382;ÎLE-DE-FRANCE;Disponible;Poste en zones de soutirage HTA;Poste en zones de soutirage HTA et HTB
GARIE;GARIES;44.8119735694204;-0.685714766940786;NOUVELLE-AQUITAINE;Disponible;Poste en zones de soutirage HTA;Poste en zones de soutirage HTA et HTB
GATEL;GATELLIER;44.9461648431499;2.22141972392525;AUVERGNE-RHôNE-ALPES;Disponible;Poste en zones d'injection photovoltaïque HTA;Poste en zones d'injection photovoltaïque HTA et HTB
GAT.S;GATELLIER-SUD;44.896749398529;2.19280918144842;AUVERGNE-RHôNE-ALPES;Disponible;Poste pas concernée par des contraintes locales de réseau;Poste pas concernée par des contraintes locales de réseau
GATI5;GATINAIS;48.0888447057942;2.38482658831824;CENTRE-VAL DE LOIRE;Disponible;Poste pas concernée par des contraintes locales de réseau;Poste pas concernée par des contraintes locales de réseau
GAUC5;GAUCHY;49.8317850071501;3.28442357382896;HAUTS-DE-FRANCE;Disponible;Poste pas concernée par des contraintes locales de réseau;Poste pas concernée par des contraintes locales de réseau
GAUDI;GAUDIERE(LA);43.2418660171981;2.67770443494929;OCCITANIE;Disponible;Poste pas concernée par des contraintes locales de réseau;Poste pas concernée par des contraintes locales de réseau
GAVRE;GAVRELLE;50.3365124193255;2.88593463235439;HAUTS-DE-FRANCE;Disponible;Poste pas concernée par des contraintes locales de réseau;Poste pas concernée par des contraintes locales de réseau
G.LUS;GAY-LUSSAC;47.7420960919903;7.33071584544014;GRAND EST;Disponible;Poste en zones de soutirage HTA;Poste en zones de soutirage HTA et HTB
GAZER;GAZERAN (SNCF);48.6252739556755;1.76965970860355;ÎLE-DE-FRANCE;Disponible;Poste pas concernée par des contraintes locales de réseau;Poste pas concernée par des contraintes locales de réseau
GEDRE;GEDRE;42.7850379185059;0.0179448293429609;OCCITANIE;Disponible;Poste pas concernée par des contraintes locales de réseau;Poste pas concernée par des contraintes locales de réseau
GELLA;GELLAINVILLE;48.428320305932;1.52503028518072;CENTRE-VAL DE LOIRE;Disponible;Poste pas concernée par des contraintes locales de réseau;Poste pas concernée par des contraintes locales de réseau
GENAS;GENAS;45.7157443142733;4.98962939107026;AUVERGNE-RHôNE-ALPES;Disponible;Poste pas concernée par des contraintes locales de réseau;Poste pas concernée par des contraintes locales de réseau
GENAY;GENAY;45.8995827043321;4.81879505212984;AUVERGNE-RHôNE-ALPES;Disponible;Poste en zones de soutirage HTA;Poste en zones de soutirage HTA et HTB
GENET;GENET;47.1670060559411;-0.962102967435503;PAYS DE LA LOIRE;Disponible;Poste pas concernée par des contraintes locales de réseau;Poste pas concernée par des contraintes locales de réseau
GENEU;GENEUILLE;47.3208090936404;5.98984722814203;BOURGOGNE-FRANCHE-COMTé;Disponible;Poste en zones de soutirage HTA;Poste en zones de soutirage HTA et HTB
GEN.P;GENISSIAT-POSTE;46.0555502677967;5.80508833467599;AUVERGNE-RHôNE-ALPES;Disponible;Poste pas concernée par des contraintes locales de réseau;Poste pas concernée par des contraintes locales de réseau
GENIT;GENITOY;48.8326398810709;2.7338413439277;ÎLE-DE-FRANCE;Disponible;Poste en zones de soutirage HTA;Poste en zones de soutirage HTA et HTB
GENLI;GENLIS;47.2464460574441;5.2308073703002;BOURGOGNE-FRANCHE-COMTé;Disponible;Poste en zones de soutirage HTA;Poste en zones de soutirage HTA et HTB
GER;GER;48.6820123604005;-0.789346136310445;NORMANDIE;Disponible;Poste pas concernée par des contraintes locales de réseau;Poste pas concernée par des contraintes locales de réseau
GERAR;GERARDMER;48.0851779938689;6.89210769632084;GRAND EST;Disponible;Poste en zones de soutirage HTA;Poste en zones de soutirage HTA et HTB
GERMI;GERMIGNY;47.9958589348292;3.75536695909804;BOURGOGNE-FRANCHE-COMTé;Disponible;Poste en zones d'injection photovoltaïque HTA;Poste en zones d'injection photovoltaïque HTA et HTB
GERST;GERSTHEIM;48.4040704706607;7.72665792798572;GRAND EST;Disponible;Poste pas concernée par des contraintes locales de réseau;Poste en zones de soutirage HTB
GERVA;GERVANS;45.1096292752422;4.82344994962912;AUVERGNE-RHôNE-ALPES;Disponible;Poste pas concernée par des contraintes locales de réseau;Poste en zones d'injection photovoltaïque HTB
GESVR;GESVRES;47.321491049092;-1.57892599009835;PAYS DE LA LOIRE;Disponible;Poste en zones de soutirage HTA;Poste en zones de soutirage HTA et HTB
GEX;GEX;46.3261316215087;6.06329505406858;AUVERGNE-RHôNE-ALPES;Disponible;Poste en zones de soutirage HTA;Poste en zones de soutirage HTA et HTB
GIEN;GIEN;47.6971265486398;2.61829538303962;CENTRE-VAL DE LOIRE;Disponible;Poste pas concernée par des contraintes locales de réseau;Poste pas concernée par des contraintes locales de réseau
GIGNA;GIGNAC;45.0167208171929;1.48132687749239;OCCITANIE;Disponible;Poste pas concernée par des contraintes locales de réseau;Poste pas concernée par des contraintes locales de réseau
GILLY;GILLY;45.6504584442601;6.33654845630648;AUVERGNE-RHôNE-ALPES;Disponible;Poste pas concernée par des contraintes locales de réseau;Poste pas concernée par des contraintes locales de réseau
GIMON;GIMONT;43.6246292769803;0.869680815707422;OCCITANIE;Disponible;Poste en zones d'injection photovoltaïque HTA;Poste en zones d'injection photovoltaïque HTA et HTB
GINES;GINESTOUS;43.6532325189478;1.41753002083838;OCCITANIE;Disponible;Poste en zones de soutirage HTA;Poste en zones de soutirage HTA et HTB
GIROM;GIROMAGNY;47.7345963570509;6.82917378958641;BOURGOGNE-FRANCHE-COMTé;Disponible;Poste en zones de soutirage HTA;Poste en zones de soutirage HTA et HTB
GIVET;GIVET;50.1329089736409;4.82085068710536;GRAND EST;Disponible;Poste en zones de soutirage HTA;Poste en zones de soutirage HTA et HTB
GIVOR;GIVORS;45.5717825355607;4.78673970988328;AUVERGNE-RHôNE-ALPES;Disponible;Poste pas concernée par des contraintes locales de réseau;Poste en zones de soutirage HTB
G.BAN;GIVORS-BANS;45.5756051370723;4.78197254764559;AUVERGNE-RHôNE-ALPES;Disponible;Poste en zones de soutirage HTA;Poste en zones de soutirage HTA et HTB
GLAND;GLANDON;45.3318137400168;6.28955843224453;AUVERGNE-RHôNE-ALPES;Disponible;Poste pas concernée par des contraintes locales de réseau;Poste pas concernée par des contraintes locales de réseau
GLONV;GLONVILLE;48.4630928567093;6.70446232653474;GRAND EST;Disponible;Poste pas concernée par des contraintes locales de réseau;Poste pas concernée par des contraintes locales de réseau
GOBEL;GOBELINS;48.8349544039475;2.35466482763936;ÎLE-DE-FRANCE;Disponible;Poste en zones de soutirage HTA;Poste en zones de soutirage HTA et HTB
GODIN;GODIN;44.5410758247749;2.22753807576573;OCCITANIE;Disponible;Poste en zones d'injection photovoltaïque HTA;Poste en zones d'injection photovoltaïque HTA et HTB
GOETZ;GOETZENBRUCK;48.9793494710113;7.3703309068579;GRAND EST;Disponible;Poste pas concernée par des contraintes locales de réseau;Poste pas concernée par des contraintes locales de réseau
GOISE;GOISE;46.3017643905536;-0.470108637412112;NOUVELLE-AQUITAINE;Disponible;Poste pas concernée par des contraintes locales de réseau;Poste pas concernée par des contraintes locales de réseau
GONCO;GONCOURT;48.2383720184086;5.6157404842927;GRAND EST;Disponible;Poste pas concernée par des contraintes locales de réseau;Poste en zones d'injection photovoltaïque HTB
GONES;GONESSE;49.0094638231701;2.44183164160623;ÎLE-DE-FRANCE;Disponible;Poste pas concernée par des contraintes locales de réseau;Poste pas concernée par des contraintes locales de réseau
GONNE;GONNEVILLE;49.7595866907658;1.06413014960647;NORMANDIE;Disponible;Poste pas concernée par des contraintes locales de réseau;Poste pas concernée par des contraintes locales de réseau
GONTA;GONTARD;43.7115514791829;5.35648184273133;PROVENCE-ALPES-CôTE D’AZUR;Disponible;Poste pas concernée par des contraintes locales de réseau;Poste pas concernée par des contraintes locales de réseau
GORBE;GORBELLA;43.7301219132297;7.25376501432727;PROVENCE-ALPES-CôTE D’AZUR;Disponible;Poste en zones de soutirage HTA;Poste en zones de soutirage HTA et HTB
G.CER;GORGES DE LA CERE;44.9671103003405;1.95095813551068;NOUVELLE-AQUITAINE;Disponible;Poste en zones d'injection photovoltaïque HTA;Poste en zones d'injection photovoltaïque HTA et HTB
GORRO;GORRON;48.4037278826867;-0.825787828432423;PAYS DE LA LOIRE;Disponible;Poste pas concernée par des contraintes locales de réseau;Poste pas concernée par des contraintes locales de réseau
GOSNA;GOSNAY;50.5046078652395;2.58018579945287;HAUTS-DE-FRANCE;Disponible;Poste pas concernée par des contraintes locales de réseau;Poste pas concernée par des contraintes locales de réseau
GOSNE;GOSNE;48.239313233421;-1.46319227662471;BRETAGNE;Disponible;Poste en zones de soutirage HTA;Poste en zones de soutirage HTA et HTB
GOUDO;GOUDOUNECHE;45.5250099427458;2.26872456350975;NOUVELLE-AQUITAINE;En construction (déduit selon data Capareseau);Poste pas concernée par des contraintes locales de réseau;Poste en zones d'injection photovoltaïque HTB
GOULA;GOULAINE;47.1974056153998;-1.44881547654218;PAYS DE LA LOIRE;Disponible;Poste pas concernée par des contraintes locales de réseau;Poste pas concernée par des contraintes locales de réseau
GOUR5;GOURDAN;43.0760877379651;0.573238845129501;OCCITANIE;Disponible;Poste en zones d'injection photovoltaïque HTA;Poste en zones d'injection photovoltaïque HTA et HTB
GOURD;GOURDON;44.7439465869732;1.38818798290323;OCCITANIE;Disponible;Poste en zones de soutirage HTA;Poste en zones de soutirage HTA et HTB
GOURI;GOURIN;48.1318012288555;-3.63671677449419;BRETAGNE;Disponible;Poste en zones de soutirage HTA;Poste en zones de soutirage HTA et HTB
GOURJ;GOURJADE;43.6225043055851;2.25194993521287;OCCITANIE;Disponible;Poste pas concernée par des contraintes locales de réseau;Poste pas concernée par des contraintes locales de réseau
GOURN;GOURNAY;49.4773333890399;1.74023066444503;NORMANDIE;Disponible;Poste en zones de soutirage HTA;Poste en zones de soutirage HTA et HTB
GOUSS;GOUSSAINCOURT;48.4909333317732;5.67540781502406;GRAND EST;En construction (déduit selon data Capareseau);Poste pas concernée par des contraintes locales de réseau;Poste pas concernée par des contraintes locales de réseau
GOUTR;GOUTRENS;44.4176787705021;2.34956106639383;OCCITANIE;Disponible;Poste en zones d'injection photovoltaïque HTA;Poste en zones d'injection photovoltaïque HTA et HTB
GOUVI;GOUVIEUX;49.1826691659689;2.37749049778362;HAUTS-DE-FRANCE;Disponible;Poste en zones de soutirage HTA;Poste en zones de soutirage HTA et HTB
GOUV5;GOUVILLE;49.0936687755686;-1.51785207686727;NORMANDIE;Disponible;Poste en zones de soutirage HTA;Poste en zones de soutirage HTA et HTB
GOUZO;GOUZON;46.1855101513746;2.24067620319393;NOUVELLE-AQUITAINE;Saturé;Poste en zones d'injection photovoltaïque HTA;Poste en zones d'injection photovoltaïque HTA et HTB
GRAFF;GRAFFENSTADEN;48.5308796906172;7.68431096381792;GRAND EST;Disponible;Poste pas concernée par des contraintes locales de réseau;Poste en zones de soutirage HTB
GRAMO;GRAMONT;43.6357754934577;1.50251005448009;OCCITANIE;Disponible;Poste pas concernée par des contraintes locales de réseau;Poste pas concernée par des contraintes locales de réseau
G.LIE;GRAND LIEU;47.0505648874886;-1.61153287805056;PAYS DE LA LOIRE;Disponible;Poste pas concernée par des contraintes locales de réseau;Poste pas concernée par des contraintes locales de réseau
G.LUC;GRAND LUCE;47.8810318003165;0.460832707957784;PAYS DE LA LOIRE;Disponible;Poste pas concernée par des contraintes locales de réseau;Poste pas concernée par des contraintes locales de réseau
G.CHE;GRAND-CHENE;46.4398255311265;5.33160599202587;BOURGOGNE-FRANCHE-COMTé;Disponible;Poste pas concernée par des contraintes locales de réseau;Poste pas concernée par des contraintes locales de réseau
G.COE;GRAND-COEUR;45.5158005959462;6.48811963087127;AUVERGNE-RHôNE-ALPES;Disponible;Poste en zones de soutirage HTA;Poste en zones de soutirage HTA et HTB
G.CO6;GRAND-COURBIS;45.0056689898962;4.97850030493795;AUVERGNE-RHôNE-ALPES;Disponible;Poste en zones d'injection photovoltaïque HTA;Poste en zones d'injection photovoltaïque HTA et HTB
G.COU;GRAND-COURONNE;49.3498874869942;0.992430328126083;NORMANDIE;Disponible;Poste en zones de soutirage HTA;Poste en zones de soutirage HTA et HTB
G.ILE;GRANDE-ILE;45.4707720705772;6.02840348969222;AUVERGNE-RHôNE-ALPES;Disponible;Poste pas concernée par des contraintes locales de réseau;Poste en zones de soutirage HTB
G.MO5;GRANDE-MOTTE;43.5672725094656;4.08874148997748;OCCITANIE;Disponible;Poste en zones de soutirage HTA;Poste en zones de soutirage HTA et HTB
G.PAR;GRANDE-PAROISSE;48.3895814645903;2.93431747550409;ÎLE-DE-FRANCE;Disponible;Poste en zones de soutirage HTA;Poste en zones de soutirage HTA et HTB
G.SYN;GRANDE-SYNTHE;51.0120071537053;2.27872673227275;HAUTS-DE-FRANCE;Disponible;Poste en zones de soutirage HTA;Poste en zones de soutirage HTA et HTB
GRAN8;GRANDFRESNOY;49.364805706934;2.66360754360691;HAUTS-DE-FRANCE;Disponible;Poste pas concernée par des contraintes locales de réseau;Poste pas concernée par des contraintes locales de réseau
G.GRE;GRAND-GRES;43.8196751762021;4.43165325462855;OCCITANIE;Disponible;Poste pas concernée par des contraintes locales de réseau;Poste pas concernée par des contraintes locales de réseau
G.NOB;GRAND-NOBLE;43.6535113011152;1.36819357641295;OCCITANIE;Disponible;Poste en zones de soutirage HTA;Poste en zones de soutirage HTA et HTB
G.QUE;GRAND-QUEVILLY;49.4190649048316;1.02202100264221;NORMANDIE;Disponible;Poste en zones de soutirage HTA;Poste en zones de soutirage HTA et HTB
G.VIO;GRANDS-VIOLETS;45.8214044642387;4.84925303903709;AUVERGNE-RHôNE-ALPES;Disponible;Poste pas concernée par des contraintes locales de réseau;Poste pas concernée par des contraintes locales de réseau
GRAND;GRANDVAL;44.9219587607632;3.07422461429904;AUVERGNE-RHôNE-ALPES;Disponible;Poste pas concernée par des contraintes locales de réseau;Poste en zones d'injection photovoltaïque HTB
G.VER;GRAND-VERGER;45.5802722815523;5.90851052486479;AUVERGNE-RHôNE-ALPES;Disponible;Poste en zones de soutirage HTA;Poste en zones de soutirage HTA et HTB
G.MAR;GRANGES-STE-MARIE;46.7931459251202;6.27542274370645;BOURGOGNE-FRANCHE-COMTé;Disponible;Poste en zones de soutirage HTA;Poste en zones de soutirage HTA et HTB
GRANZ;GRANZAY;46.218670642891;-0.517277147878905;NOUVELLE-AQUITAINE;En construction (déduit selon data Capareseau);Poste pas concernée par des contraintes locales de réseau;Poste pas concernée par des contraintes locales de réseau
GRASS;GRASSE;43.6606936686167;6.93452275563811;PROVENCE-ALPES-CôTE D’AZUR;Disponible;Poste en zones de soutirage HTA;Poste en zones de soutirage HTA et HTB
GRAUL;GRAULHET;43.76828942717;1.99502786631345;OCCITANIE;Disponible;Poste en zones d'injection photovoltaïque HTA;Poste en zones d'injection photovoltaïque HTA et HTB
GRAVE;GRAVELINES;50.9809595874268;2.12814718659867;HAUTS-DE-FRANCE;Disponible;Poste en zones de soutirage HTA;Poste en zones de soutirage HTA et HTB
GRAY;GRAY;47.454528045569;5.59288292871012;BOURGOGNE-FRANCHE-COMTé;Disponible;Poste en zones de soutirage HTA;Poste en zones de soutirage HTA et HTB
GRENA;GRENAY;45.6538644986855;5.07624836403551;AUVERGNE-RHôNE-ALPES;Disponible;Poste pas concernée par des contraintes locales de réseau;Poste pas concernée par des contraintes locales de réseau
GREPI;GREPILLES;46.0824505684715;4.11741126290458;AUVERGNE-RHôNE-ALPES;Disponible;Poste pas concernée par des contraintes locales de réseau;Poste en zones de soutirage HTB
GREZI;GREZILLAC;44.8166429541265;-0.233435602300169;NOUVELLE-AQUITAINE;Disponible;Poste en zones de soutirage HTA;Poste en zones de soutirage HTA et HTB
GRIGN;GRIGNY;48.6689126259618;2.39728105677569;ÎLE-DE-FRANCE;Disponible;Poste en zones de soutirage HTA;Poste en zones de soutirage HTA et HTB
GRIM5;GRIMAUD;43.266457932153;6.55350634142243;PROVENCE-ALPES-CôTE D’AZUR;Disponible;Poste pas concernée par des contraintes locales de réseau;Poste pas concernée par des contraintes locales de réseau
GRIPO;GRIPOY;47.9545112386593;2.76078824552259;CENTRE-VAL DE LOIRE;Disponible;Poste pas concernée par des contraintes locales de réseau;Poste pas concernée par des contraintes locales de réseau
GRISO;GRISOLLES;44.5783156323261;6.13651622392647;PROVENCE-ALPES-CôTE D’AZUR;Disponible;Poste en zones de soutirage HTA;Poste en zones de soutirage HTA et HTB
G.CAI;GROS-CAILLOU;50.3166131095863;3.33860940413153;HAUTS-DE-FRANCE;Disponible;Poste pas concernée par des contraintes locales de réseau;Poste pas concernée par des contraintes locales de réseau
GROSN;GROSNE;46.6295477368203;4.71107878908211;BOURGOGNE-FRANCHE-COMTé;Disponible;Poste pas concernée par des contraintes locales de réseau;Poste pas concernée par des contraintes locales de réseau
GROUL;GROULLES;43.6399214496811;6.98756882123974;PROVENCE-ALPES-CôTE D’AZUR;Disponible;Poste en zones de soutirage HTA;Poste en zones de soutirage HTA et HTB
GUARB;GUARBECQUE;50.6188602473393;2.5037951936926;HAUTS-DE-FRANCE;Disponible;Poste pas concernée par des contraintes locales de réseau;Poste pas concernée par des contraintes locales de réseau
GUEBW;GUEBWILLER;47.8997887652242;7.22645601615023;GRAND EST;Disponible;Poste en zones de soutirage HTA;Poste en zones de soutirage HTA et HTB
GUER;GUER;47.9055713976879;-2.10401217145442;BRETAGNE;Disponible;Poste en zones de soutirage HTA;Poste en zones de soutirage HTA et HTB
GUERA;GUERANDE;47.3706750745023;-2.45546662018732;PAYS DE LA LOIRE;Disponible;Poste en zones de soutirage HTA;Poste en zones de soutirage HTA et HTB
GUERE;GUERET;46.1827277233476;1.88971996753629;NOUVELLE-AQUITAINE;Disponible;Poste pas concernée par des contraintes locales de réseau;Poste pas concernée par des contraintes locales de réseau
GUERI;GUERINIERE;46.9727795606158;-2.23827206736158;PAYS DE LA LOIRE;Disponible;Poste pas concernée par des contraintes locales de réseau;Poste pas concernée par des contraintes locales de réseau
GUER5;GUERLESQUIN;48.5350598374134;-3.59243394303432;BRETAGNE;Disponible;Poste pas concernée par des contraintes locales de réseau;Poste pas concernée par des contraintes locales de réseau
GUERS;GUERSAC;47.3381491356404;-2.16791725859933;PAYS DE LA LOIRE;Disponible;Poste pas concernée par des contraintes locales de réseau;Poste en zones de soutirage HTB
GUEUG;GUEUGNON;46.6095556690644;4.07506061606769;BOURGOGNE-FRANCHE-COMTé;Disponible;Poste pas concernée par des contraintes locales de réseau;Poste en zones de soutirage HTB
GUE.O;Gueugnon Ouest;46.6674284414551;3.9156004970986;BOURGOGNE-FRANCHE-COMTé;En construction (déduit selon data Capareseau);Poste pas concernée par des contraintes locales de réseau;Poste pas concernée par des contraintes locales de réseau
GUEZE;GUEZENNEC;48.7081995869271;-3.14355239692446;BRETAGNE;Disponible;Poste pas concernée par des contraintes locales de réseau;Poste pas concernée par des contraintes locales de réseau
GUICH;GUICHE;43.5124864705913;-1.22002771677512;NOUVELLE-AQUITAINE;Disponible;Poste en zones de soutirage HTA;Poste en zones de soutirage HTA et HTB
GUIDE;GUIDEL;47.7674287736878;-3.48620386804515;BRETAGNE;Disponible;Poste en zones de soutirage HTA;Poste en zones de soutirage HTA et HTB
GUIGN;GUIGNICOURT;49.4214394929641;3.95579431631237;HAUTS-DE-FRANCE;Disponible;Poste pas concernée par des contraintes locales de réseau;Poste pas concernée par des contraintes locales de réseau
GUIL5;GUILHERAND;44.9197803283421;4.85897026415514;AUVERGNE-RHôNE-ALPES;Disponible;Poste pas concernée par des contraintes locales de réseau;Poste pas concernée par des contraintes locales de réseau
GUILL;GUILLAUMES;44.0669292720175;6.85350341131892;PROVENCE-ALPES-CôTE D’AZUR;Disponible;Poste pas concernée par des contraintes locales de réseau;Poste pas concernée par des contraintes locales de réseau
GUINE;GUINEBERT;48.2769686991025;2.68658943828462;ÎLE-DE-FRANCE;Disponible;Poste pas concernée par des contraintes locales de réseau;Poste pas concernée par des contraintes locales de réseau
GUING;GUINGAMP;48.5657454554485;-3.18868435129878;BRETAGNE;Disponible;Poste pas concernée par des contraintes locales de réseau;Poste pas concernée par des contraintes locales de réseau
GUNDE;GUNDERSHOFFEN;48.9028273248553;7.64735858270438;GRAND EST;Disponible;Poste pas concernée par des contraintes locales de réseau;Poste pas concernée par des contraintes locales de réseau
GUPIE;GUPIE;44.5545434587261;0.141461858713184;NOUVELLE-AQUITAINE;Disponible;Poste pas concernée par des contraintes locales de réseau;Poste en zones de soutirage HTB
GY;GY;47.3879141183492;5.79382685645484;BOURGOGNE-FRANCHE-COMTé;Disponible;Poste en zones de soutirage HTA;Poste en zones de soutirage HTA et HTB
GYSSE;GYSSERIE;46.8343365904145;5.59999701527856;BOURGOGNE-FRANCHE-COMTé;Disponible;Poste en zones de soutirage HTA;Poste en zones de soutirage HTA et HTB
HAGET;HAGETMAU;43.6550910599069;-0.568515505074631;NOUVELLE-AQUITAINE;Disponible;Poste en zones d'injection photovoltaïque HTA;Poste en zones d'injection photovoltaïque HTA
HAGU5;HAGUENAU;48.8204588290935;7.77360565157287;GRAND EST;Disponible;Poste pas concernée par des contraintes locales de réseau;Poste pas concernée par des contraintes locales de réseau
HALLE;HALLES;48.8634222921701;2.34779720676863;ÎLE-DE-FRANCE;Disponible;Poste en zones de soutirage HTA;Poste en zones de soutirage HTA et HTB
P.HAL;HALLES;48.5876505778583;7.73934638486488;GRAND EST;Disponible;Poste pas concernée par des contraintes locales de réseau;Poste pas concernée par des contraintes locales de réseau
HAM;HAM;49.737438305593;3.09337557086855;HAUTS-DE-FRANCE;Disponible;Poste pas concernée par des contraintes locales de réseau;Poste pas concernée par des contraintes locales de réseau
HAMBA;HAMBACH;49.0484526440687;7.0521889489609;GRAND EST;Disponible;Poste pas concernée par des contraintes locales de réseau;Poste pas concernée par des contraintes locales de réseau
H.SAN;HANGEST EN SANTERRE;49.7365577522788;2.61137194121367;HAUTS-DE-FRANCE;Disponible;Poste pas concernée par des contraintes locales de réseau;Poste pas concernée par des contraintes locales de réseau
HANNA;HANNART;50.6722637932592;3.13504410503477;HAUTS-DE-FRANCE;Disponible;Poste en zones de soutirage HTA;Poste en zones de soutirage HTA et HTB
HARCA;HARCANVILLE;49.7076216469611;0.771292126178674;NORMANDIE;Disponible;Poste pas concernée par des contraintes locales de réseau;Poste pas concernée par des contraintes locales de réseau
HARC7;HARCOURT (POSTE BLINDE);48.8340915401991;2.26806064585117;ÎLE-DE-FRANCE;Disponible;Poste pas concernée par des contraintes locales de réseau;Poste en zones de soutirage HTB
HARDT;HARDT;47.6667795217697;7.46247890179596;GRAND EST;Disponible;Poste pas concernée par des contraintes locales de réseau;Poste pas concernée par des contraintes locales de réseau
HARGI;HARGICOURT;49.7071808119367;2.53224956821939;HAUTS-DE-FRANCE;Disponible;Poste pas concernée par des contraintes locales de réseau;Poste pas concernée par des contraintes locales de réseau
HASTI;HASTIGNAN;44.8909283293201;-0.742434307929148;NOUVELLE-AQUITAINE;Disponible;Poste en zones de soutirage HTA;Poste en zones de soutirage HTA et HTB
H.LIM;HAUT LIMOUSIN;46.2398159331006;1.28780184304532;NOUVELLE-AQUITAINE;En construction (déduit selon data Capareseau);Poste pas concernée par des contraintes locales de réseau;Poste pas concernée par des contraintes locales de réseau
H.CLO;HAUT-CLOS;48.2746903940913;4.06949953162378;GRAND EST;Disponible;Poste pas concernée par des contraintes locales de réseau;Poste pas concernée par des contraintes locales de réseau
H.GAN;HAUT-DE-GAN;43.17653619472;-0.42910851709536;NOUVELLE-AQUITAINE;Disponible;Poste pas concernée par des contraintes locales de réseau;Poste pas concernée par des contraintes locales de réseau
H.CO5;HAUTE CORREZE;45.5304635106123;2.34476786519869;NOUVELLE-AQUITAINE;En construction (déduit selon data Capareseau);Poste pas concernée par des contraintes locales de réseau;Poste pas concernée par des contraintes locales de réseau
H.LAN;HAUTE LANDE;44.1594811465817;-0.81181995160341;NOUVELLE-AQUITAINE;En construction (déduit selon data Capareseau);Poste pas concernée par des contraintes locales de réseau;Poste pas concernée par des contraintes locales de réseau
H.BOR;HAUTE-BORNE;49.0499719398083;2.14762918357308;ÎLE-DE-FRANCE;Disponible;Poste en zones de soutirage HTA;Poste en zones de soutirage HTA et HTB
HAUTE;HAUTEFAGE;45.0714792206056;1.97577443466452;NOUVELLE-AQUITAINE;Disponible;Poste pas concernée par des contraintes locales de réseau;Poste pas concernée par des contraintes locales de réseau
HAUT5;HAUTELUCE;45.7522234567877;6.59453524340244;AUVERGNE-RHôNE-ALPES;Disponible;Poste pas concernée par des contraintes locales de réseau;Poste pas concernée par des contraintes locales de réseau
HAUT6;HAUTERIVE;46.0445009461047;5.37606831700049;AUVERGNE-RHôNE-ALPES;Disponible;Poste en zones de soutirage HTA;Poste en zones de soutirage HTA et HTB
H.CO2;Hautes Corbieres;43.0768043209931;2.6477214873166;OCCITANIE;En construction (déduit selon data Capareseau);Poste pas concernée par des contraintes locales de réseau;Poste pas concernée par des contraintes locales de réseau
H.RIV;HAUTES-RIVIERES;49.8751665894917;4.84108102319128;GRAND EST;Disponible;Poste en zones de soutirage HTA;Poste en zones de soutirage HTA et HTB
H.VAR;HAUT-VAR;43.5937640715165;6.06492198645878;PROVENCE-ALPES-CôTE D’AZUR;Disponible;Poste pas concernée par des contraintes locales de réseau;Poste pas concernée par des contraintes locales de réseau
H.VIN;HAUT-VINAGE;50.6600086066682;3.11884517902096;HAUTS-DE-FRANCE;Disponible;Poste pas concernée par des contraintes locales de réseau;Poste en zones de soutirage HTB
HAYBE;HAYBES;50.0006145350912;4.70864962018821;GRAND EST;Disponible;Poste en zones de soutirage HTA;Poste en zones de soutirage HTA et HTB
HAZEB;HAZEBROUCK;50.7127906624546;2.53618224632004;HAUTS-DE-FRANCE;Disponible;Poste pas concernée par des contraintes locales de réseau;Poste pas concernée par des contraintes locales de réseau
HEINL;HEINLEX;47.2678209696823;-2.27231395129085;PAYS DE LA LOIRE;Disponible;Poste en zones de soutirage HTA;Poste en zones de soutirage HTA et HTB
HELLE;HELLEMMES;50.6268282544288;3.11719919437994;HAUTS-DE-FRANCE;Disponible;Poste en zones de soutirage HTA;Poste en zones de soutirage HTA et HTB
HEM;HEM;50.6566712684251;3.20971450441247;HAUTS-DE-FRANCE;Disponible;Poste en zones de soutirage HTA;Poste en zones de soutirage HTA et HTB
HENIN;HENIN;50.4180350930247;2.9808908126207;HAUTS-DE-FRANCE;Disponible;Poste pas concernée par des contraintes locales de réseau;Poste pas concernée par des contraintes locales de réseau
HENRI;HENRICHEMONT;47.303183757927;2.54524557385787;CENTRE-VAL DE LOIRE;Disponible;Poste pas concernée par des contraintes locales de réseau;Poste pas concernée par des contraintes locales de réseau
H.DEV;HENRI-DEVILLE;45.27644;6.3607106;AUVERGNE-RHôNE-ALPES;Disponible;Poste pas concernée par des contraintes locales de réseau;Poste pas concernée par des contraintes locales de réseau
H.PAU;HENRI-PAUL;46.7472318502038;4.50256582604601;BOURGOGNE-FRANCHE-COMTé;Disponible;Poste en zones de soutirage HTA;Poste en zones de soutirage HTA et HTB
HERB6;HERBIGNAC;47.4693696601505;-2.29116123731231;PAYS DE LA LOIRE;Disponible;Poste en zones de soutirage HTA;Poste en zones de soutirage HTA et HTB
HERBL;HERBLAY;49.0044069239681;2.1725453077616;ÎLE-DE-FRANCE;Disponible;Poste en zones de soutirage HTA;Poste en zones de soutirage HTA et HTB
HERIC;HERICOURT;47.5718183927681;6.76144854334828;BOURGOGNE-FRANCHE-COMTé;Disponible;Poste en zones de soutirage HTA;Poste en zones de soutirage HTA et HTB
HERIM;HERIMENIL;48.5705856783357;6.48861044224593;GRAND EST;Disponible;Poste en zones de soutirage HTA;Poste en zones de soutirage HTA et HTB
HERM5;HERMITAGE;48.1201819810899;-1.81939690907168;BRETAGNE;Disponible;Poste en zones de soutirage HTA;Poste en zones de soutirage HTA et HTB
HESDI;HESDIN;50.3714071497179;2.04243190063218;HAUTS-DE-FRANCE;Disponible;Poste pas concernée par des contraintes locales de réseau;Poste pas concernée par des contraintes locales de réseau
HESIN;HESINGUE;47.5852691828566;7.54930580350544;GRAND EST;Disponible;Poste pas concernée par des contraintes locales de réseau;Poste pas concernée par des contraintes locales de réseau
HIRSI;HIRSINGUE;47.5897234615895;7.26054669477518;GRAND EST;Disponible;Poste pas concernée par des contraintes locales de réseau;Poste pas concernée par des contraintes locales de réseau
HIRSO;HIRSON;49.9207706058303;4.07034131951312;HAUTS-DE-FRANCE;Disponible;Poste pas concernée par des contraintes locales de réseau;Poste pas concernée par des contraintes locales de réseau
HIS;HIS;43.0641027001106;0.959234402825627;OCCITANIE;Disponible;Poste en zones d'injection photovoltaïque HTA;Poste en zones d'injection photovoltaïque HTA et HTB
HOLQU;HOLQUE;50.8507669918163;2.21148517727559;HAUTS-DE-FRANCE;Disponible;Poste pas concernée par des contraintes locales de réseau;Poste pas concernée par des contraintes locales de réseau
HOLZM;HOLZMATT;48.5710416634395;7.70557150650387;GRAND EST;Disponible;Poste pas concernée par des contraintes locales de réseau;Poste pas concernée par des contraintes locales de réseau
HORDA;HORDAIN;50.2605553050793;3.33987584120646;HAUTS-DE-FRANCE;Disponible;Poste pas concernée par des contraintes locales de réseau;Poste pas concernée par des contraintes locales de réseau
HOSTE;HOSTENS;44.4858146870647;-0.62596609273644;NOUVELLE-AQUITAINE;Saturé;Poste en zones d'injection photovoltaïque HTA;Poste en zones d'injection photovoltaïque HTA et HTB
H.DIE;HOTEL-DIEU;49.4475072027261;1.0778232759239;NORMANDIE;Disponible;Poste en zones de soutirage HTA;Poste en zones de soutirage HTA et HTB
HOUDE;HOUDELAINCOURT;48.5483640622393;5.48569448909963;GRAND EST;Disponible;Poste pas concernée par des contraintes locales de réseau;Poste pas concernée par des contraintes locales de réseau
HOURT;HOURTIN;45.1863621300093;-1.04364481589852;NOUVELLE-AQUITAINE;Disponible;Poste en zones d'injection photovoltaïque HTA;Poste en zones d'injection photovoltaïque HTA et en zone soutirage HTB
HUBER;HUBERVILLE;49.4994819118665;-1.43396607450631;NORMANDIE;Disponible;Poste en zones de soutirage HTA;Poste en zones de soutirage HTA et HTB
HUNIN;HUNINGUE;47.5864295930905;7.5774763081451;GRAND EST;Disponible;Poste pas concernée par des contraintes locales de réseau;Poste pas concernée par des contraintes locales de réseau
HYERE;HYERES;43.134445241478;6.1526625882913;PROVENCE-ALPES-CôTE D’AZUR;Disponible;Poste en zones de soutirage HTA;Poste en zones de soutirage HTA et HTB
I.NAN;ILE DE NANTES;47.2005028212528;-1.54983204541778;PAYS DE LA LOIRE;Disponible;Poste en zones de soutirage HTA;Poste en zones de soutirage HTA et HTB
I.ELL;ILE-D ELLE;46.3217032212675;-0.949788470122573;PAYS DE LA LOIRE;Disponible;Poste pas concernée par des contraintes locales de réseau;Poste pas concernée par des contraintes locales de réseau
I.NAP;ILE-NAPOLEON;47.7687415747948;7.38143509725036;GRAND EST;Disponible;Poste en zones de soutirage HTA;Poste en zones de soutirage HTA et HTB
I.TET;ILLE-SUR-TET;42.6568615944442;2.64805881368976;OCCITANIE;Disponible;Poste en zones d'injection photovoltaïque HTA;Poste en zones d'injection photovoltaïque HTA et HTB
ILLKI;ILLKIRCH;48.519908365742;7.73010241237571;GRAND EST;Disponible;Poste pas concernée par des contraintes locales de réseau;Poste pas concernée par des contraintes locales de réseau
INDR1;INDRE 1;47.0994717485834;2.02750830769536;CENTRE-VAL DE LOIRE;En construction (déduit selon data Capareseau);Poste pas concernée par des contraintes locales de réseau;Poste pas concernée par des contraintes locales de réseau
INDR2;INDRE 2;47.1430855875419;1.72560657931585;CENTRE-VAL DE LOIRE;En construction (déduit selon data Capareseau);Poste pas concernée par des contraintes locales de réseau;Poste pas concernée par des contraintes locales de réseau
INEL1;INDRE ET LOIRE 1;47.557247611211;0.856130085512591;CENTRE-VAL DE LOIRE;Disponible;Poste pas concernée par des contraintes locales de réseau;Poste pas concernée par des contraintes locales de réseau
INDRS;INDRE SUD;46.4812097638815;1.36770001408104;CENTRE-VAL DE LOIRE;Disponible;Poste pas concernée par des contraintes locales de réseau;Poste pas concernée par des contraintes locales de réseau
INGRA;INGRANDES;46.8742068286355;0.569124008393693;NOUVELLE-AQUITAINE;Disponible;Poste pas concernée par des contraintes locales de réseau;Poste pas concernée par des contraintes locales de réseau
INGWI;INGWILLER;48.8758943680975;7.49278955478271;GRAND EST;Disponible;Poste pas concernée par des contraintes locales de réseau;Poste pas concernée par des contraintes locales de réseau
INSMI;INSMING;48.9589389321853;6.88785919783582;GRAND EST;Disponible;Poste pas concernée par des contraintes locales de réseau;Poste pas concernée par des contraintes locales de réseau
ISIGN;ISIGNY;49.3154010631285;-1.10016307682033;NORMANDIE;Disponible;Poste en zones de soutirage HTA;Poste en zones de soutirage HTA et HTB
I.AUB;ISLE AUBIGNY;48.5219035316446;4.27523733320337;GRAND EST;En construction (déduit selon data Capareseau);Poste pas concernée par des contraintes locales de réseau;Poste pas concernée par des contraintes locales de réseau
I.ABE;ISLE D ABEAU;45.6280270158764;5.21160156826911;AUVERGNE-RHôNE-ALPES;Disponible;Poste en zones de soutirage HTA;Poste en zones de soutirage HTA et HTB
I.JO5;ISLE-JOURDAIN;43.6013684377478;1.09002307577121;OCCITANIE;Disponible;Poste en zones de soutirage HTA;Poste en zones de soutirage HTA et HTB
I.JOU;ISLE-JOURDAIN;46.2237847689261;0.681610116224221;NOUVELLE-AQUITAINE;Disponible;Poste pas concernée par des contraintes locales de réseau;Poste pas concernée par des contraintes locales de réseau
ISOL5;ISOLA;44.1872063228236;7.05336034881601;PROVENCE-ALPES-CôTE D’AZUR;Disponible;Poste pas concernée par des contraintes locales de réseau;Poste pas concernée par des contraintes locales de réseau
ISOLA;ISOLA;44.1901645721984;7.15063441520897;PROVENCE-ALPES-CôTE D’AZUR;Disponible;Poste pas concernée par des contraintes locales de réseau;Poste pas concernée par des contraintes locales de réseau
ISSE;ISSE;47.6266870664178;-1.46404423836101;PAYS DE LA LOIRE;Disponible;Poste en zones d'injection photovoltaïque HTA;Poste en zones d'injection photovoltaïque HTA et HTB
ISSEL;ISSEL;43.3844220671663;1.98351844292335;OCCITANIE;En construction (déduit selon data Capareseau);Poste pas concernée par des contraintes locales de réseau;Poste en zones d'injection photovoltaïque HTB
ISSE2;ISSEL 2;43.3862469538884;1.9809659773651;OCCITANIE;En construction (déduit selon data Capareseau);Poste pas concernée par des contraintes locales de réseau;Poste pas concernée par des contraintes locales de réseau
ISSOI;ISSOIRE;45.554535099502;3.25439472817912;AUVERGNE-RHôNE-ALPES;Disponible;Poste en zones de soutirage HTA;Poste en zones de soutirage HTA et HTB
ITTEV;ITTEVILLE;48.5207343424827;2.3552688533531;ÎLE-DE-FRANCE;Disponible;Poste en zones de soutirage HTA;Poste en zones de soutirage HTA et HTB
IZERN;IZERNORE;46.199452773535;5.55018224310451;AUVERGNE-RHôNE-ALPES;Disponible;Poste pas concernée par des contraintes locales de réseau;Poste pas concernée par des contraintes locales de réseau
IZON;IZON;44.909003889639;-0.356924883185691;NOUVELLE-AQUITAINE;Disponible;Poste en zones de soutirage HTA;Poste en zones de soutirage HTA et HTB
JACQU;JACQUARD;45.4440524118721;4.37581047163647;AUVERGNE-RHôNE-ALPES;Disponible;Poste en zones de soutirage HTA;Poste en zones de soutirage HTA et HTB
JALIS;JALIS;43.6224431604332;0.589687487098279;OCCITANIE;Disponible;Poste en zones d'injection photovoltaïque HTA;Poste en zones d'injection photovoltaïque HTA et HTB
JALLI;JALLIEU;45.5941987846115;5.27692190238539;AUVERGNE-RHôNE-ALPES;Disponible;Poste en zones de soutirage HTA;Poste en zones de soutirage HTA et HTB
JANAS;JANAS;43.0872069491458;5.85597715044653;PROVENCE-ALPES-CôTE D’AZUR;Disponible;Poste en zones de soutirage HTA;Poste en zones de soutirage HTA et HTB
JANE;JANE;43.7861267230442;5.02621098518803;PROVENCE-ALPES-CôTE D’AZUR;Disponible;Poste pas concernée par des contraintes locales de réseau;Poste pas concernée par des contraintes locales de réseau
JARGE;JARGEAU;47.8534361343651;2.11063230548947;CENTRE-VAL DE LOIRE;Disponible;Poste en zones de soutirage HTA;Poste en zones de soutirage HTA et HTB
JARLA;JARLARD;43.9245026406077;2.17966392377199;OCCITANIE;Disponible;Poste en zones de soutirage HTA;Poste en zones de soutirage HTA et HTB
JARNA;JARNAC;45.6956873449085;-0.173389042309644;NOUVELLE-AQUITAINE;Disponible;Poste pas concernée par des contraintes locales de réseau;Poste pas concernée par des contraintes locales de réseau
J.CLA;JAUNAY-CLAN;46.6940500809261;0.365833696915752;NOUVELLE-AQUITAINE;Saturé;Poste en zones de soutirage HTA;Poste en zones de soutirage HTA et HTB
JAVEL;JAVEL;48.845009286279;2.28355395613889;ÎLE-DE-FRANCE;Disponible;Poste en zones de soutirage HTA;Poste en zones de soutirage HTA et HTB
J.BRU;JEAN BRUHNES;43.599311899429;1.42034882313563;OCCITANIE;Disponible;Poste en zones de soutirage HTA;Poste en zones de soutirage HTA et HTB
J.BOI;JEU-LES-BOIS;46.6754970010945;1.75004268628882;CENTRE-VAL DE LOIRE;Disponible;Poste en zones d'injection photovoltaïque HTA;Poste en zones d'injection photovoltaïque HTA et HTB
JEUXE;JEUXEY;48.1887208083547;6.48782611871067;GRAND EST;Disponible;Poste pas concernée par des contraintes locales de réseau;Poste pas concernée par des contraintes locales de réseau
JOINV;JOINVILLE;48.4453458157981;5.14706044131154;GRAND EST;Disponible;Poste en zones d'injection photovoltaïque HTA;Poste en zones d'injection photovoltaïque HTA et HTB
J.MAI;JOLI-MAI;47.2420177348081;-1.59409467405117;PAYS DE LA LOIRE;Disponible;Poste en zones de soutirage HTA;Poste en zones de soutirage HTA et HTB
JONCE;JONCELS;43.7366183301519;3.1959646979262;OCCITANIE;Disponible;Poste pas concernée par des contraintes locales de réseau;Poste pas concernée par des contraintes locales de réseau
JONCH;JONCHERE;48.737721395442;2.61167428725708;ÎLE-DE-FRANCE;Disponible;Poste en zones de soutirage HTA;Poste en zones de soutirage HTA et HTB
JONQU;JONQUIERES;43.8298733331359;4.58363715769193;OCCITANIE;Disponible;Poste pas concernée par des contraintes locales de réseau;Poste pas concernée par des contraintes locales de réseau
JONZA;JONZAC;45.4367129859988;-0.439973931068292;NOUVELLE-AQUITAINE;Disponible;Poste en zones de soutirage HTA;Poste en zones de soutirage HTA et HTB
JOSSE;JOSSELIN;47.9571121418664;-2.56264641656875;BRETAGNE;Disponible;Poste pas concernée par des contraintes locales de réseau;Poste pas concernée par des contraintes locales de réseau
J.TOU;JOUE-LES-TOURS;47.3550721477026;0.644436350916368;CENTRE-VAL DE LOIRE;Disponible;Poste en zones de soutirage HTA;Poste en zones de soutirage HTA et HTB
JOUQU;JOUQUES;43.6802664361556;5.65659666261477;PROVENCE-ALPES-CôTE D’AZUR;Disponible;Poste pas concernée par des contraintes locales de réseau;Poste en zones d'injection photovoltaïque HTB
JOUSS;JOUSSEAU;46.1696278618592;0.673408144036281;NOUVELLE-AQUITAINE;Disponible;Poste pas concernée par des contraintes locales de réseau;Poste pas concernée par des contraintes locales de réseau
JOUX;JOUX;46.0094220710611;4.72404600783578;AUVERGNE-RHôNE-ALPES;Disponible;Poste en zones de soutirage HTA;Poste en zones de soutirage HTA et HTB
J.VIL;Joux-la-Ville;47.6433620917738;3.88156791829336;BOURGOGNE-FRANCHE-COMTé;Disponible;Poste pas concernée par des contraintes locales de réseau;Poste pas concernée par des contraintes locales de réseau
JOUY;JOUY;48.1681908920892;2.98872871282175;BOURGOGNE-FRANCHE-COMTé;Disponible;Poste en zones de soutirage HTA;Poste en zones de soutirage HTA et HTB
J.LOI;JUIGNE-SUR-LOIRE;47.3835194888093;-0.479935482830304;PAYS DE LA LOIRE;Disponible;Poste en zones de soutirage HTA;Poste en zones de soutirage HTA et HTB
JUINE;JUINE;48.4999956896651;2.2022094636471;ÎLE-DE-FRANCE;Disponible;Poste en zones de soutirage HTA;Poste en zones de soutirage HTA et HTB
JUMEA;JUMEAUX(LES);46.8017105784547;-0.0723338180146206;NOUVELLE-AQUITAINE;Disponible;Poste pas concernée par des contraintes locales de réseau;Poste pas concernée par des contraintes locales de réseau
JUNIA;JUNIAT;45.949168480989;1.34745335747002;NOUVELLE-AQUITAINE;Disponible;Poste pas concernée par des contraintes locales de réseau;Poste pas concernée par des contraintes locales de réseau
JUSSA;JUSSAC;44.9994502042939;2.43182738326486;AUVERGNE-RHôNE-ALPES;Disponible;Poste en zones d'injection photovoltaïque HTA;Poste en zones d'injection photovoltaïque HTA et HTB
JUSSE;JUSSEY;47.8173407672703;5.90248130484745;BOURGOGNE-FRANCHE-COMTé;Disponible;Poste pas concernée par des contraintes locales de réseau;Poste pas concernée par des contraintes locales de réseau
KEMBS;KEMBS;47.6544516381324;7.51696852171642;GRAND EST;Disponible;Poste pas concernée par des contraintes locales de réseau;Poste en zones de soutirage HTB
KERAN;KERANGALL;47.9912062207241;-4.06244234282752;BRETAGNE;Disponible;Poste pas concernée par des contraintes locales de réseau;Poste pas concernée par des contraintes locales de réseau
KERBA;KERBACH;49.1537243275703;6.97613025335326;GRAND EST;Disponible;Poste en zones de soutirage HTA;Poste en zones de soutirage HTA et HTB
KERBI;KERBILIGUET;48.1817002807461;-3.84689432159752;BRETAGNE;Disponible;Poste pas concernée par des contraintes locales de réseau;Poste pas concernée par des contraintes locales de réseau
KERBO;KERBOQUET;48.0675535422329;-2.85561322653945;BRETAGNE;Disponible;Poste pas concernée par des contraintes locales de réseau;Poste pas concernée par des contraintes locales de réseau
KERHE;KERHELLEGANT;47.6099523326916;-3.12391280064976;BRETAGNE;Disponible;Poste pas concernée par des contraintes locales de réseau;Poste pas concernée par des contraintes locales de réseau
KERLI;KERLIVIO;47.7775329105791;-3.16562794930363;BRETAGNE;Disponible;Poste en zones de soutirage HTA;Poste en zones de soutirage HTA et HTB
KERLO;KERLOUAN;48.6401702115743;-4.38522538147916;BRETAGNE;Disponible;Poste pas concernée par des contraintes locales de réseau;Poste pas concernée par des contraintes locales de réseau
KERL5;KERLOURY;47.8660867764474;-3.71827069034429;BRETAGNE;Disponible;Poste en zones de soutirage HTA;Poste en zones de soutirage HTA et HTB
KEROL;KEROLAY;47.7349698583944;-3.37429768407517;BRETAGNE;Disponible;Poste en zones de soutirage HTA;Poste en zones de soutirage HTA et HTB
KIR;KIR;47.3309952677118;4.97678215906289;BOURGOGNE-FRANCHE-COMTé;Disponible;Poste en zones de soutirage HTA;Poste en zones de soutirage HTA et HTB
ARBRE;L ARBRESLE;45.8247402162753;4.60621557921277;AUVERGNE-RHôNE-ALPES;Disponible;Poste en zones de soutirage HTA;Poste en zones de soutirage HTA et HTB
ARGEN;L ARGENTIERE;44.790253279941;6.55941912153594;PROVENCE-ALPES-CôTE D’AZUR;Disponible;Poste pas concernée par des contraintes locales de réseau;Poste pas concernée par des contraintes locales de réseau
ARLAN;L ARLANDE;45.6656678809233;6.3671083839555;AUVERGNE-RHôNE-ALPES;Disponible;Poste en zones de soutirage HTA;Poste en zones de soutirage HTA et HTB
AUMON;L AUMONE;45.8652156490297;5.95509679557355;AUVERGNE-RHôNE-ALPES;Disponible;Poste en zones de soutirage HTA;Poste en zones de soutirage HTA et HTB
ESCAR;L ESCARELLE;43.3843503536688;5.97855057507271;PROVENCE-ALPES-CôTE D’AZUR;Disponible;Poste pas concernée par des contraintes locales de réseau;Poste pas concernée par des contraintes locales de réseau
HERBE;L HERBE;44.686546400881;-1.24250008806084;NOUVELLE-AQUITAINE;Disponible;Poste pas concernée par des contraintes locales de réseau;Poste pas concernée par des contraintes locales de réseau
HORME;L HORME;45.4910471991676;4.55213837147337;AUVERGNE-RHôNE-ALPES;Disponible;Poste en zones de soutirage HTA;Poste en zones de soutirage HTA et HTB
I.DOD;L ISLE-EN-DODON;43.3791559583198;0.841093542970767;OCCITANIE;Disponible;Poste en zones d'injection photovoltaïque HTA;Poste en zones d'injection photovoltaïque HTA et HTB
I.DOU;L ISLE-SUR-LE-DOUBS;47.4379091990879;6.58141730593914;BOURGOGNE-FRANCHE-COMTé;Disponible;Poste pas concernée par des contraintes locales de réseau;Poste pas concernée par des contraintes locales de réseau
BAST5;LA BASTIDONNE;43.2851071040024;5.52945317249716;PROVENCE-ALPES-CôTE D’AZUR;Disponible;Poste en zones de soutirage HTA;Poste en zones de soutirage HTA et HTB
BATHI;LA BATHIE;45.6445459387717;6.44319390915911;AUVERGNE-RHôNE-ALPES;Disponible;Poste pas concernée par des contraintes locales de réseau;Poste pas concernée par des contraintes locales de réseau
BAULE;LA BAULE;47.2892935750761;-2.38778017101408;PAYS DE LA LOIRE;Disponible;Poste en zones de soutirage HTA;Poste en zones de soutirage HTA et HTB
BXCO5;LA BEAUCOURSIERE;45.9059728933755;-1.26009756196215;NOUVELLE-AQUITAINE;Disponible;Poste en zones de soutirage HTA;Poste en zones de soutirage HTA et HTB
BEDOU;LA BEDOULE;43.2513265100314;5.5805681336091;PROVENCE-ALPES-CôTE D’AZUR;Disponible;Poste en zones de soutirage HTA;Poste en zones de soutirage HTA et HTB
BERG7;LA BERGERIE (SNCF);43.4534604954277;6.68408428777605;PROVENCE-ALPES-CôTE D’AZUR;Disponible;Poste pas concernée par des contraintes locales de réseau;Poste pas concernée par des contraintes locales de réseau
BOCCA;LA BOCCA;43.5529368681571;6.95957906916791;PROVENCE-ALPES-CôTE D’AZUR;Disponible;Poste en zones de soutirage HTA;Poste en zones de soutirage HTA et HTB
BOISS;LA BOISSE;45.838047814147;5.02104156273168;AUVERGNE-RHôNE-ALPES;Disponible;Poste pas concernée par des contraintes locales de réseau;Poste en zones de soutirage HTB
BORIE;LA BORIETTE;45.164367169879;1.55102821081832;NOUVELLE-AQUITAINE;Disponible;Poste pas concernée par des contraintes locales de réseau;Poste pas concernée par des contraintes locales de réseau
BOUBL;LA BOUBLE;46.1427037642021;2.82598758091009;AUVERGNE-RHôNE-ALPES;Disponible;Poste en zones d'injection photovoltaïque HTA;Poste en zones d'injection photovoltaïque HTA et HTB
BOULE;LA BOULE;48.8906039025064;2.2088879367749;ÎLE-DE-FRANCE;Disponible;Poste en zones de soutirage HTA;Poste en zones de soutirage HTA et HTB
BZNE;LA BOURNE;45.0806161288517;5.4884081612253;AUVERGNE-RHôNE-ALPES;Disponible;Poste pas concernée par des contraintes locales de réseau;Poste pas concernée par des contraintes locales de réseau
BRILL;LA BRILLANNE;43.8767602729519;5.86362266232732;PROVENCE-ALPES-CôTE D’AZUR;Disponible;Poste en zones d'injection photovoltaïque HTA;Poste en zones d'injection photovoltaïque HTA et HTB
BRONS;LA BRONSONNIERE;45.206122740174;6.54874788566565;AUVERGNE-RHôNE-ALPES;Disponible;Poste pas concernée par des contraintes locales de réseau;Poste pas concernée par des contraintes locales de réseau
CHAI5;LA CHAINEAU;47.4184776742058;2.06419900757774;CENTRE-VAL DE LOIRE;Disponible;Poste en zones d'injection photovoltaïque HTA;Poste en zones d'injection photovoltaïque HTA et HTB
CHAP5;LA CHAPELLE;47.3042428464277;0.40410448691354;CENTRE-VAL DE LOIRE;Disponible;Poste pas concernée par des contraintes locales de réseau;Poste pas concernée par des contraintes locales de réseau
C.BAR;LA CHAPELLE DU BARD;45.4302567534461;6.09996493973563;AUVERGNE-RHôNE-ALPES;Disponible;Poste en zones de soutirage HTA;Poste en zones de soutirage HTA et HTB
L.ROU;La Chapelle Sous Rougemont;47.718850779636;7.03283284278767;BOURGOGNE-FRANCHE-COMTé;En construction (déduit selon data Capareseau);Poste pas concernée par des contraintes locales de réseau;Poste pas concernée par des contraintes locales de réseau
C.CHA;LA CHAPELLE-DU-CHATELARD;46.0688695509545;5.02460358524109;AUVERGNE-RHôNE-ALPES;Disponible;Poste en zones de soutirage HTA;Poste en zones de soutirage HTA et HTB
C.REA;LA CHAPELLE-REANVILLE;49.1056205112011;1.41051327977944;NORMANDIE;Disponible;Poste en zones de soutirage HTA;Poste en zones de soutirage HTA et HTB
C.LO6;LA CHARITE-SUR-LOIRE;47.1881624668757;3.02905107347643;BOURGOGNE-FRANCHE-COMTé;Saturé;Poste en zones de soutirage HTA;Poste en zones de soutirage HTA et HTB
CHAT6;LA CHATAIGNERAIE;46.6478802638125;-0.725758946585425;PAYS DE LA LOIRE;Disponible;Poste pas concernée par des contraintes locales de réseau;Poste pas concernée par des contraintes locales de réseau
CHATR;LA CHATRE;45.9793412563256;1.57727265979787;NOUVELLE-AQUITAINE;Disponible;Poste pas concernée par des contraintes locales de réseau;Poste pas concernée par des contraintes locales de réseau
CXME;LA CHAUME;46.5835716480769;1.97155739277397;CENTRE-VAL DE LOIRE;Disponible;Poste en zones d'injection photovoltaïque HTA;Poste en zones d'injection photovoltaïque HTA et HTB
CXSSE;LA CHAUSSEE;48.8387896580674;4.51172762252951;GRAND EST;Disponible;Poste en zones d'injection photovoltaïque HTA;Poste en zones d'injection photovoltaïque HTA et HTB
CXS.E;LA CHAUSSEE EST;48.870043157561;4.56828652804166;GRAND EST;En construction (déduit selon data Capareseau);Poste pas concernée par des contraintes locales de réseau;Poste pas concernée par des contraintes locales de réseau
CXS.O;LA CHAUSSEE OUEST;48.8010526644134;4.48573074694624;GRAND EST;En construction (déduit selon data Capareseau);Poste pas concernée par des contraintes locales de réseau;Poste pas concernée par des contraintes locales de réseau
CIOTA;LA CIOTAT;43.1854636137421;5.59882012077009;PROVENCE-ALPES-CôTE D’AZUR;Disponible;Poste pas concernée par des contraintes locales de réseau;Poste pas concernée par des contraintes locales de réseau
CLAYE;LA CLAYETTE;46.296697357581;4.29947478655393;BOURGOGNE-FRANCHE-COMTé;Disponible;Poste pas concernée par des contraintes locales de réseau;Poste pas concernée par des contraintes locales de réseau
CLUS5;LA CLUSE;46.17418779574;5.56828103925545;AUVERGNE-RHôNE-ALPES;Disponible;Poste pas concernée par des contraintes locales de réseau;Poste pas concernée par des contraintes locales de réseau
COMB6;LA COMBE;43.9508511296437;2.22161100707143;OCCITANIE;Disponible;Poste en zones de soutirage HTA;Poste en zones de soutirage HTA et HTB
COMMA;LA COMMANDERIE;47.4259578482275;0.989920329327104;CENTRE-VAL DE LOIRE;Disponible;Poste en zones de soutirage HTA;Poste en zones de soutirage HTA et HTB
CONCE;LA CONCEPTION;43.2928172275325;5.39712096446922;PROVENCE-ALPES-CôTE D’AZUR;Disponible;Poste en zones de soutirage HTA;Poste en zones de soutirage HTA et HTB
CONRA;LA CONRAIE;47.2711338521277;-1.62419606092142;PAYS DE LA LOIRE;Disponible;Poste en zones de soutirage HTA;Poste en zones de soutirage HTA et HTB
COTE;LA COTE;46.2471358326413;1.48652007969441;NOUVELLE-AQUITAINE;Disponible;Poste pas concernée par des contraintes locales de réseau;Poste pas concernée par des contraintes locales de réseau
C.AND;LA COTE-ST-ANDRE;45.3834565311417;5.25933960171981;AUVERGNE-RHôNE-ALPES;Disponible;Poste en zones de soutirage HTA;Poste en zones de soutirage HTA et HTB
COUR;LA COUR;46.2334250805685;0.237144400441603;NOUVELLE-AQUITAINE;Disponible;Poste pas concernée par des contraintes locales de réseau;Poste pas concernée par des contraintes locales de réseau
CZBAI;LA COURBAISSE;43.9197986275994;7.16389973794644;PROVENCE-ALPES-CôTE D’AZUR;Disponible;Poste pas concernée par des contraintes locales de réseau;Poste pas concernée par des contraintes locales de réseau
CZTIL;LA COURTILLERE;45.2753331329302;0.0471628893423725;NOUVELLE-AQUITAINE;Disponible;Poste en zones de soutirage HTA;Poste en zones de soutirage HTA et HTB
C.GIB;LA CROIX GIBAT;48.4806676657162;-2.70182483667494;BRETAGNE;Disponible;Poste pas concernée par des contraintes locales de réseau;Poste pas concernée par des contraintes locales de réseau
C.BAP;LA CROIX-BAPTISTE (SICAE DE VALLEE DU SAUSSERON);49.1310259656619;2.14858955295362;ÎLE-DE-FRANCE;Disponible;Poste pas concernée par des contraintes locales de réseau;Poste pas concernée par des contraintes locales de réseau
DANCE;LA DANCE;47.691084353331;6.04909065763506;BOURGOGNE-FRANCHE-COMTé;Disponible;Poste en zones de soutirage HTA;Poste en zones de soutirage HTA et HTB
DURRE;LA DURRE;46.386844495132;2.59090316114615;AUVERGNE-RHôNE-ALPES;Disponible;Poste en zones d'injection photovoltaïque HTA;Poste en zones d'injection photovoltaïque HTA et HTB
FERRA;LA FERRANDE;46.6314004119507;1.0404483711236;CENTRE-VAL DE LOIRE;Disponible;Poste en zones d'injection photovoltaïque HTA;Poste en zones d'injection photovoltaïque HTA et HTB
F.BER;LA FERTE-BERNARD;48.197426116735;0.638759849727349;PAYS DE LA LOIRE;Disponible;Poste en zones de soutirage HTA;Poste en zones de soutirage HTA et HTB
F.JOU;LA FERTE-SOUS-JOUARRE;48.9507003242351;3.13756262441794;ÎLE-DE-FRANCE;Disponible;Poste en zones de soutirage HTA;Poste en zones de soutirage HTA et HTB
FLECH;LA FLECHE;47.702218429151;-0.0920985677506334;PAYS DE LA LOIRE;Disponible;Poste en zones de soutirage HTA;Poste en zones de soutirage HTA et HTB
FONT;LA FONT;46.1588585471182;3.47185352355537;AUVERGNE-RHôNE-ALPES;En construction (déduit selon data Capareseau);Poste pas concernée par des contraintes locales de réseau;Poste en zones d'injection photovoltaïque HTB
FORTA;LA FORTAIE;47.5021721658488;2.88300750485947;CENTRE-VAL DE LOIRE;Disponible;Poste pas concernée par des contraintes locales de réseau;Poste pas concernée par des contraintes locales de réseau
FOUCA;LA FOUCAUDIERE;48.0035186798862;0.200180432449894;PAYS DE LA LOIRE;Disponible;Poste pas concernée par des contraintes locales de réseau;Poste pas concernée par des contraintes locales de réseau
GENTI;LA GENTILLE;43.0969722496567;0.784725030428947;OCCITANIE;Disponible;Poste pas concernée par des contraintes locales de réseau;Poste en zones d'injection photovoltaïque HTB
GIROT;LA GIROTTE;45.7557775248089;6.65500964200179;AUVERGNE-RHôNE-ALPES;Disponible;Poste pas concernée par des contraintes locales de réseau;Poste pas concernée par des contraintes locales de réseau
GLACI;LA GLACIERE;44.8376588086756;-0.611537224478386;NOUVELLE-AQUITAINE;Disponible;Poste en zones de soutirage HTA;Poste en zones de soutirage HTA et HTB
G.HAY;LA GRANDE-HAYE;48.123558740988;-1.18292605935746;BRETAGNE;Disponible;Poste en zones de soutirage HTA;Poste en zones de soutirage HTA et HTB
H.PUI;LA HAYE-DU-PUITS;49.2880258568113;-1.5446732379188;NORMANDIE;Disponible;Poste pas concernée par des contraintes locales de réseau;Poste pas concernée par des contraintes locales de réseau
JOURD;LA JOURDANIE;44.0179636484263;2.71276143942923;OCCITANIE;Disponible;Poste pas concernée par des contraintes locales de réseau;Poste pas concernée par des contraintes locales de réseau
LOUPE;LA LOUPE;48.469530332944;0.995668053295254;CENTRE-VAL DE LOIRE;Disponible;Poste pas concernée par des contraintes locales de réseau;Poste pas concernée par des contraintes locales de réseau
MAIE;LA MAIE;50.5192409959199;2.48128813156338;HAUTS-DE-FRANCE;Disponible;Poste pas concernée par des contraintes locales de réseau;Poste pas concernée par des contraintes locales de réseau
M.CAM;LA MAL CAMPEE;49.7887215239727;4.67433911150999;GRAND EST;Disponible;Poste en zones de soutirage HTA;Poste en zones de soutirage HTA et HTB
MALAD;LA MALADIERE;48.2913316196121;4.01914577469109;GRAND EST;Disponible;Poste pas concernée par des contraintes locales de réseau;Poste pas concernée par des contraintes locales de réseau
MAME;LA MAME;45.1821443027478;-0.0109051712472371;NOUVELLE-AQUITAINE;Disponible;Poste pas concernée par des contraintes locales de réseau;Poste pas concernée par des contraintes locales de réseau
MQISA;LA MARQUISANE;43.1292805634451;5.89199855393977;PROVENCE-ALPES-CôTE D’AZUR;Disponible;Poste pas concernée par des contraintes locales de réseau;Poste pas concernée par des contraintes locales de réseau
MRNIE;LA MARTINIERE;44.2825781297542;4.7373992235401;PROVENCE-ALPES-CôTE D’AZUR;Disponible;Poste en zones d'injection photovoltaïque HTA;Poste en zones d'injection photovoltaïque HTA et en zone soutirage HTB
MEDE;LA MEDE (EDF-CRD);43.3938032122374;5.12018246068132;PROVENCE-ALPES-CôTE D’AZUR;Disponible;Poste en zones de soutirage HTA;Poste en zones de soutirage HTA et HTB
MOLE;LA MOLE;45.3934800118536;2.35633732590104;NOUVELLE-AQUITAINE;Disponible;Poste pas concernée par des contraintes locales de réseau;Poste en zones d'injection photovoltaïque HTB
M.HER;LA MOTHE ST HERAY;46.3514639943846;-0.119240981710642;NOUVELLE-AQUITAINE;Disponible;Poste pas concernée par des contraintes locales de réseau;Poste pas concernée par des contraintes locales de réseau
MOTT5;LA MOTTE;43.9891068124319;4.82739347845202;OCCITANIE;Disponible;Poste pas concernée par des contraintes locales de réseau;Poste en zones de soutirage HTB
M.JUL;LA MOTTE JULIENNE;50.3879323444138;3.06477601848651;HAUTS-DE-FRANCE;Disponible;Poste pas concernée par des contraintes locales de réseau;Poste pas concernée par des contraintes locales de réseau
M.SER;LA MOTTE SERVOLEX;45.5997473006596;5.88796307414084;AUVERGNE-RHôNE-ALPES;Disponible;Poste en zones de soutirage HTA;Poste en zones de soutirage HTA et HTB
MOTTE;LA MOTTELETTE;50.8671608327251;2.00587953966914;HAUTS-DE-FRANCE;Disponible;Poste pas concernée par des contraintes locales de réseau;Poste pas concernée par des contraintes locales de réseau
MOUIL;LA MOUILLONNE;43.3471029575217;1.44582101337354;OCCITANIE;Disponible;Poste en zones de soutirage HTA;Poste en zones de soutirage HTA et HTB
MOULI;LA MOULINELLE;49.1708166815083;5.89341155567566;GRAND EST;Disponible;Poste pas concernée par des contraintes locales de réseau;Poste pas concernée par des contraintes locales de réseau
MURE5;LA MURE;44.9137962659122;5.78344915065786;AUVERGNE-RHôNE-ALPES;Disponible;Poste pas concernée par des contraintes locales de réseau;Poste pas concernée par des contraintes locales de réseau
NACEL;LA NACELLE;48.6518135747601;3.96670773232939;GRAND EST;En construction (déduit selon data Capareseau);Poste pas concernée par des contraintes locales de réseau;Poste pas concernée par des contraintes locales de réseau
NEGRE;LA NEGRESSE;43.4587796557592;-1.53507761601833;NOUVELLE-AQUITAINE;Disponible;Poste en zones de soutirage HTA;Poste en zones de soutirage HTA et HTB
NICER;LA NICERIE;45.6781233280941;-0.321923822570483;NOUVELLE-AQUITAINE;Disponible;Poste en zones de soutirage HTA;Poste en zones de soutirage HTA et HTB
PALIS;LA PALISSE;44.7815904011919;4.10755467242978;AUVERGNE-RHôNE-ALPES;Disponible;Poste pas concernée par des contraintes locales de réseau;Poste pas concernée par des contraintes locales de réseau
PALLI;LA PALLICE;46.1610250894098;-1.20702352037338;NOUVELLE-AQUITAINE;Disponible;Poste en zones de soutirage HTA;Poste en zones de soutirage HTA et HTB
PALUD;LA PALUD;44.3188926834856;4.69740430884237;PROVENCE-ALPES-CôTE D’AZUR;Disponible;Poste pas concernée par des contraintes locales de réseau;Poste pas concernée par des contraintes locales de réseau
PANO5;LA PANOUSE;44.7265899656433;3.59169105086725;OCCITANIE;En construction (déduit selon data Capareseau);Poste en zones d'injection photovoltaïque HTA;Poste en zones d'injection photovoltaïque HTA et HTB
PELOU;LA PELOUSE;47.4312158389431;0.674305687887757;CENTRE-VAL DE LOIRE;Disponible;Poste en zones de soutirage HTA;Poste en zones de soutirage HTA et HTB
PENNE;LA PENNE (SNCF);43.285204155563;5.50810914809946;PROVENCE-ALPES-CôTE D’AZUR;Disponible;Poste pas concernée par des contraintes locales de réseau;Poste pas concernée par des contraintes locales de réseau
PERCH;LA PERCHE;42.4950344736735;2.09143878847707;OCCITANIE;Disponible;Poste pas concernée par des contraintes locales de réseau;Poste pas concernée par des contraintes locales de réseau
PINED;LA PINEDE;43.543943669976;6.96236308275756;PROVENCE-ALPES-CôTE D’AZUR;Disponible;Poste pas concernée par des contraintes locales de réseau;Poste pas concernée par des contraintes locales de réseau
PINT5;LA PINTERIE;46.5520090459328;0.277488257688802;NOUVELLE-AQUITAINE;Disponible;Poste pas concernée par des contraintes locales de réseau;Poste pas concernée par des contraintes locales de réseau
PLAGN;LA PLAGNE;45.5116551297775;6.69485081081246;AUVERGNE-RHôNE-ALPES;Disponible;Poste en zones de soutirage HTA;Poste en zones de soutirage HTA et HTB
PLAN5;LA PLANCHE;46.4411397717633;0.285877974848437;NOUVELLE-AQUITAINE;Disponible;Poste pas concernée par des contraintes locales de réseau;Poste pas concernée par des contraintes locales de réseau
PLUMA;LA PLUMASSERIE;48.0024328944439;0.176796445567723;PAYS DE LA LOIRE;Disponible;Poste en zones de soutirage HTA;Poste en zones de soutirage HTA et HTB
PRAD5;LA PRADE;44.3587435641852;2.60711021996245;OCCITANIE;Disponible;Poste pas concernée par des contraintes locales de réseau;Poste pas concernée par des contraintes locales de réseau
RABIN;LA RABINE;47.8332486538625;-2.58405470834465;BRETAGNE;Disponible;Poste pas concernée par des contraintes locales de réseau;Poste pas concernée par des contraintes locales de réseau
RAPEE;LA RAPEE-RFF;48.823837354857;2.38001303269597;ÎLE-DE-FRANCE;Disponible;Poste pas concernée par des contraintes locales de réseau;Poste pas concernée par des contraintes locales de réseau
REOLE;LA REOLE;44.5924987847041;-0.032399406544869;NOUVELLE-AQUITAINE;Disponible;Poste en zones de soutirage HTA;Poste en zones de soutirage HTA et HTB
REPAS;LA REPASSE;43.8310925992769;5.77653134315829;PROVENCE-ALPES-CôTE D’AZUR;Disponible;Poste en zones d'injection photovoltaïque HTA;Poste en zones d'injection photovoltaïque HTA et HTB
RIVAR;LA RIVARDIERE;46.6330520442262;0.347431204240126;NOUVELLE-AQUITAINE;Disponible;Poste pas concernée par des contraintes locales de réseau;Poste pas concernée par des contraintes locales de réseau
ROCH7;LA ROCHEFOUCAULD;45.7271942496955;0.390868764263448;NOUVELLE-AQUITAINE;Disponible;Poste pas concernée par des contraintes locales de réseau;Poste pas concernée par des contraintes locales de réseau
R.YON;LA ROCHE-SUR-YON;46.6894569025503;-1.43348747753445;PAYS DE LA LOIRE;Disponible;Poste en zones de soutirage HTA;Poste en zones de soutirage HTA et HTB
RODE;LA RODE;43.1146026960681;5.9403118816348;PROVENCE-ALPES-CôTE D’AZUR;Disponible;Poste en zones de soutirage HTA;Poste en zones de soutirage HTA et HTB
ROSER;LA ROSERAIE;47.4429410921308;-0.555155009410165;PAYS DE LA LOIRE;Disponible;Poste en zones de soutirage HTA;Poste en zones de soutirage HTA et HTB
RUFFE;LA RUFFE;43.6854841544356;3.17830483522821;OCCITANIE;Disponible;Poste pas concernée par des contraintes locales de réseau;Poste pas concernée par des contraintes locales de réseau
SAISS;LA SAISSE;46.5797073436552;5.69289376128854;BOURGOGNE-FRANCHE-COMTé;Disponible;Poste pas concernée par des contraintes locales de réseau;Poste pas concernée par des contraintes locales de réseau
SAULC;LA SAULCE-SUR-RHONE;44.7036112955978;4.78596649487119;AUVERGNE-RHôNE-ALPES;Disponible;Poste pas concernée par des contraintes locales de réseau;Poste pas concernée par des contraintes locales de réseau
SAUVE;LA SAUVETAT;44.6485286572857;0.340380382430259;NOUVELLE-AQUITAINE;Saturé;Poste en zones d'injection photovoltaïque HTA;Poste en zones d'injection photovoltaïque HTA et en zone soutirage HTB
SEYNE;LA SEYNE;43.0990204801619;5.88716703060738;PROVENCE-ALPES-CôTE D’AZUR;Disponible;Poste en zones de soutirage HTA;Poste en zones de soutirage HTA et HTB
SIAGN;LA SIAGNE;43.6724030149169;6.76063878356218;PROVENCE-ALPES-CôTE D’AZUR;Disponible;Poste pas concernée par des contraintes locales de réseau;Poste pas concernée par des contraintes locales de réseau
SOURD;LA SOURDRIE;47.359362134939;-0.999958707735469;PAYS DE LA LOIRE;Disponible;Poste pas concernée par des contraintes locales de réseau;Poste pas concernée par des contraintes locales de réseau
SOUTE;LA SOUTERRAINE;46.246374363577;1.49327530162862;NOUVELLE-AQUITAINE;Disponible;Poste en zones d'injection photovoltaïque HTA;Poste en zones d'injection photovoltaïque HTA et HTB
SUZE;LA SUZE;47.8835110803426;0.0232361183941599;PAYS DE LA LOIRE;Disponible;Poste en zones de soutirage HTA;Poste en zones de soutirage HTA et HTB
TAUPE;LA TAUPE;45.394145408887;3.34029493794576;AUVERGNE-RHôNE-ALPES;Disponible;Poste en zones de soutirage HTA;Poste en zones de soutirage HTA et HTB
T.PIN;LA TOUR-DU-PIN;45.5685082753129;5.43166142619911;AUVERGNE-RHôNE-ALPES;Disponible;Poste pas concernée par des contraintes locales de réseau;Poste pas concernée par des contraintes locales de réseau
TRAVE;LA TRAVERSE;45.6088844561943;1.22703559693132;NOUVELLE-AQUITAINE;Disponible;Poste pas concernée par des contraintes locales de réseau;Poste pas concernée par des contraintes locales de réseau
TRINI;LA TRINITE;44.7764750596968;5.99201636697336;PROVENCE-ALPES-CôTE D’AZUR;Disponible;Poste en zones de soutirage HTA;Poste en zones de soutirage HTA et HTB
VALIN;LA VALINIERE;45.9412177477327;-1.32712761053805;NOUVELLE-AQUITAINE;Disponible;Poste en zones de soutirage HTA;Poste en zones de soutirage HTA et HTB
VALLE;LA VALLEE;49.2161963240075;0.215678154830444;NORMANDIE;Disponible;Poste en zones de soutirage HTA;Poste en zones de soutirage HTA et HTB
VANEL;LA VANELLE;45.0351430394999;4.98306381710633;AUVERGNE-RHôNE-ALPES;Disponible;Poste pas concernée par des contraintes locales de réseau;Poste pas concernée par des contraintes locales de réseau
VAUPA;LA VAUPALIERE;49.4835429637944;1.00919344064692;NORMANDIE;Disponible;Poste pas concernée par des contraintes locales de réseau;Poste en zones de soutirage HTB
VERN8;LA VERNELLE;45.8632922802627;3.3569133114972;AUVERGNE-RHôNE-ALPES;Disponible;Poste en zones de soutirage HTA;Poste en zones de soutirage HTA et HTB
VERPI;LA VERPILLIERE;45.6304757323047;5.13828096472324;AUVERGNE-RHôNE-ALPES;Disponible;Poste en zones de soutirage HTA;Poste en zones de soutirage HTA et HTB
VERRI;LA VERRIERE (SNCF);48.7549115858473;1.94061228658553;ÎLE-DE-FRANCE;Disponible;Poste pas concernée par des contraintes locales de réseau;Poste pas concernée par des contraintes locales de réseau
VEYTI;LA VEYTISOU;45.7328709079792;1.6712190314131;NOUVELLE-AQUITAINE;Disponible;Poste pas concernée par des contraintes locales de réseau;Poste pas concernée par des contraintes locales de réseau
VICOG;LA VICOGNE;50.0953462251048;2.34400801094565;HAUTS-DE-FRANCE;Disponible;Poste pas concernée par des contraintes locales de réseau;Poste pas concernée par des contraintes locales de réseau
VIGNE;LA VIGNE;47.6336765654633;3.89222157948754;BOURGOGNE-FRANCHE-COMTé;Saturé;Poste pas concernée par des contraintes locales de réseau;Poste pas concernée par des contraintes locales de réseau
V.GRA;LA VILLE-SOUS-GRANGE;46.0673881797182;1.43702923908714;NOUVELLE-AQUITAINE;Disponible;Poste en zones d'injection photovoltaïque HTA;Poste en zones d'injection photovoltaïque HTA
VOULT;LA VOULTE;44.8162456905403;4.79323748590604;AUVERGNE-RHôNE-ALPES;Disponible;Poste en zones de soutirage HTA;Poste en zones de soutirage HTA et HTB
LABAR;LABARDE;45.023114427045;-0.642231625090644;NOUVELLE-AQUITAINE;Disponible;Poste pas concernée par des contraintes locales de réseau;Poste pas concernée par des contraintes locales de réseau
LABOU;LABOUHEYRE;44.2017666984276;-0.921100480682422;NOUVELLE-AQUITAINE;Disponible;Poste en zones d'injection photovoltaïque HTA;Poste en zones d'injection photovoltaïque HTA et HTB
LACAB;LACABAREDE;43.4696901004149;2.56492067233046;OCCITANIE;Disponible;Poste pas concernée par des contraintes locales de réseau;Poste pas concernée par des contraintes locales de réseau
LACAN;LACANAU;44.9821596312869;-1.0542874952291;NOUVELLE-AQUITAINE;Disponible;Poste en zones de soutirage HTA;Poste en zones de soutirage HTA et HTB
LACAU;LACAUNE;43.7103447763632;2.68267066866273;OCCITANIE;Disponible;Poste pas concernée par des contraintes locales de réseau;Poste pas concernée par des contraintes locales de réseau
L.MOR;LAC-MORT;45.0463413953326;5.79170762028292;AUVERGNE-RHôNE-ALPES;Disponible;Poste pas concernée par des contraintes locales de réseau;Poste pas concernée par des contraintes locales de réseau
LAFOU;LAFOURGUETTE;43.5670628867447;1.42128394948831;OCCITANIE;Disponible;Poste en zones de soutirage HTA;Poste en zones de soutirage HTA et HTB
GAVOT;LAGAVOTTE;43.3819380179324;5.34899874960564;PROVENCE-ALPES-CôTE D’AZUR;Disponible;Poste en zones de soutirage HTA;Poste en zones de soutirage HTA et HTB
LAGUI;LAGUIAN;43.423517556311;0.265658595501284;OCCITANIE;Disponible;Poste en zones d'injection photovoltaïque HTA;Poste en zones d'injection photovoltaïque HTA et en zone soutirage HTB
LAIRO;LAIRON;48.5763711549059;-1.11098271389151;NORMANDIE;Disponible;Poste en zones de soutirage HTA;Poste en zones de soutirage HTA et HTB
LALBE;LALBENQUE;44.3564013887912;1.53099491289184;OCCITANIE;Disponible;Poste en zones de soutirage HTA;Poste en zones de soutirage HTA et HTB
LALIN;LALINDE;44.8326812908823;0.715048844030356;NOUVELLE-AQUITAINE;Disponible;Poste pas concernée par des contraintes locales de réseau;Poste pas concernée par des contraintes locales de réseau
LAMAS;LAMASTRE;44.97719974885;4.56262314678671;AUVERGNE-RHôNE-ALPES;Disponible;Poste en zones d'injection photovoltaïque HTA;Poste en zones d'injection photovoltaïque HTA et HTB
LAMBA;LAMBALLE;48.4803401492434;-2.52984165456135;BRETAGNE;Disponible;Poste pas concernée par des contraintes locales de réseau;Poste pas concernée par des contraintes locales de réseau
LAMB5;LAMBESC;43.6482803492726;5.25351054772139;PROVENCE-ALPES-CôTE D’AZUR;Disponible;Poste en zones de soutirage HTA;Poste en zones de soutirage HTA et HTB
LAMOR;LAMORUE;48.9081824249149;2.21178253058578;ÎLE-DE-FRANCE;Disponible;Poste pas concernée par des contraintes locales de réseau;Poste pas concernée par des contraintes locales de réseau
L.BEU;LAMOTTE-BEUVRON;47.6063797161287;2.03868015122125;CENTRE-VAL DE LOIRE;Disponible;Poste en zones de soutirage HTA;Poste en zones de soutirage HTA et HTB
MUR.B;LA-MURE-BIS;44.9340313482072;5.79347981036502;AUVERGNE-RHôNE-ALPES;Disponible;Poste pas concernée par des contraintes locales de réseau;Poste pas concernée par des contraintes locales de réseau
LANDE;LANDERNEAU;48.4604302176339;-4.23660887309683;BRETAGNE;Disponible;Poste pas concernée par des contraintes locales de réseau;Poste pas concernée par des contraintes locales de réseau
L.ARM;LANDES D'ARMAGNAC;44.0106604806941;-0.488883444679693;NOUVELLE-AQUITAINE;En construction (déduit selon data Capareseau);Poste pas concernée par des contraintes locales de réseau;Poste pas concernée par des contraintes locales de réseau
L.GAS;LANDES DE GASCOGNE;44.1917645440821;-0.0235060480512153;NOUVELLE-AQUITAINE;En construction (déduit selon data Capareseau);Poste pas concernée par des contraintes locales de réseau;Poste pas concernée par des contraintes locales de réseau
L.GIR;LANDES GIRONDINES;44.4213751696933;-0.637530183479806;NOUVELLE-AQUITAINE;En construction (déduit selon data Capareseau);Poste pas concernée par des contraintes locales de réseau;Poste pas concernée par des contraintes locales de réseau
LANDI;LANDIVISIAU;48.5133277253579;-4.0515464118169;BRETAGNE;Disponible;Poste pas concernée par des contraintes locales de réseau;Poste pas concernée par des contraintes locales de réseau
LANDR;LANDRES;49.3074630188036;5.77453160819139;GRAND EST;Disponible;Poste en zones de soutirage HTA;Poste en zones de soutirage HTA et HTB
LAND5;LANDROFF;48.9572138949106;6.61099073925608;GRAND EST;Disponible;Poste en zones d'injection photovoltaïque HTA;Poste en zones d'injection photovoltaïque HTA
LANEU;LANEUVEVILLE;48.648939361796;6.23432862885342;GRAND EST;Disponible;Poste en zones de soutirage HTA;Poste en zones de soutirage HTA et HTB
LANFA;LANFAINS;48.3682216286953;-2.92132315374664;BRETAGNE;Disponible;Poste pas concernée par des contraintes locales de réseau;Poste pas concernée par des contraintes locales de réseau
LANGE;LANGEAC;45.1151097088196;3.4981492938377;AUVERGNE-RHôNE-ALPES;Disponible;Poste en zones d'injection photovoltaïque HTA;Poste en zones d'injection photovoltaïque HTA et HTB
LANG6;LANGLOIS;48.8413740161742;2.65990987542452;ÎLE-DE-FRANCE;Disponible;Poste en zones de soutirage HTA;Poste en zones de soutirage HTA et HTB
LANG8;LANGOGNE;44.7376407013574;3.85339283338905;OCCITANIE;Disponible;Poste en zones d'injection photovoltaïque HTA;Poste en zones d'injection photovoltaïque HTA et HTB
LANGO;LANGON;44.5354584394422;-0.242149905348237;NOUVELLE-AQUITAINE;Disponible;Poste en zones de soutirage HTA;Poste en zones de soutirage HTA et HTB
LANG5;LANGONNET;48.0940738292528;-3.49101457145949;BRETAGNE;Disponible;Poste en zones de soutirage HTA;Poste en zones de soutirage HTA et HTB
LANME;LANMEUR;48.6562510456292;-3.69519432209574;BRETAGNE;Disponible;Poste pas concernée par des contraintes locales de réseau;Poste pas concernée par des contraintes locales de réseau
LANNE;LANNEMEZAN;43.1131383686392;0.392752533925082;OCCITANIE;Disponible;Poste en zones d'injection photovoltaïque HTA;Poste en zones d'injection photovoltaïque HTA et HTB
LANN6;LANNILIS;48.5438704709792;-4.54592604562477;BRETAGNE;Disponible;Poste pas concernée par des contraintes locales de réseau;Poste pas concernée par des contraintes locales de réseau
LANNI;LANNION;48.7182515628327;-3.45414325826484;BRETAGNE;Disponible;Poste pas concernée par des contraintes locales de réseau;Poste pas concernée par des contraintes locales de réseau
LANOB;LANOBRE;45.4165223139351;2.50406983977715;AUVERGNE-RHôNE-ALPES;Disponible;Poste en zones d'injection photovoltaïque HTA;Poste en zones d'injection photovoltaïque HTA et HTB
LANSL;LANSLEBOURG;45.2860956671909;6.88627512900921;AUVERGNE-RHôNE-ALPES;Disponible;Poste pas concernée par des contraintes locales de réseau;Poste pas concernée par des contraintes locales de réseau
LANTO;LANTON;44.74014014538;-1.02466334035366;NOUVELLE-AQUITAINE;Disponible;Poste pas concernée par des contraintes locales de réseau;Poste pas concernée par des contraintes locales de réseau
LAON;LAON;49.5817921183303;3.60802513813971;HAUTS-DE-FRANCE;Disponible;Poste pas concernée par des contraintes locales de réseau;Poste pas concernée par des contraintes locales de réseau
LAOS;LAOS;48.8489435077008;2.29941530728996;ÎLE-DE-FRANCE;Disponible;Poste en zones de soutirage HTA;Poste en zones de soutirage HTA et HTB
LAPOU;LAPOUTROIE;48.1425902188138;7.1822823246747;GRAND EST;Disponible;Poste en zones de soutirage HTA;Poste en zones de soutirage HTA et HTB
LARAG;LARAGNAIS;44.3444684820933;5.88657887946156;PROVENCE-ALPES-CôTE D’AZUR;Disponible;Poste pas concernée par des contraintes locales de réseau;Poste pas concernée par des contraintes locales de réseau
LARCA;LARCAY;47.3517278699128;0.768345665220202;CENTRE-VAL DE LOIRE;Disponible;Poste pas concernée par des contraintes locales de réseau;Poste en zones de soutirage HTB
LARDI;LARDIT;44.6621743290857;2.58353488057564;OCCITANIE;Disponible;Poste en zones d'injection photovoltaïque HTA;Poste en zones d'injection photovoltaïque HTA et HTB
LARZA;Larzac Est;43.9493093058066;3.20944865939719;OCCITANIE;Disponible;Poste pas concernée par des contraintes locales de réseau;Poste pas concernée par des contraintes locales de réseau
LASSA;LASSAY;48.4276134016003;-0.525602169934736;PAYS DE LA LOIRE;Disponible;Poste pas concernée par des contraintes locales de réseau;Poste pas concernée par des contraintes locales de réseau
LATEN;LATENA;49.65744721578;2.93663622335007;HAUTS-DE-FRANCE;Disponible;Poste pas concernée par des contraintes locales de réseau;Poste pas concernée par des contraintes locales de réseau
L.CAR;LATOUR-DE-CAROL;42.4590946293516;1.90100070201491;OCCITANIE;Disponible;Poste pas concernée par des contraintes locales de réseau;Poste pas concernée par des contraintes locales de réseau
L.BAL;LAU-BALAGNAS;42.9978537859232;-0.100171765518681;OCCITANIE;Disponible;Poste pas concernée par des contraintes locales de réseau;Poste pas concernée par des contraintes locales de réseau
LAUNA;LAUNAY;48.5633747110765;-1.26182764140917;NORMANDIE;Disponible;Poste pas concernée par des contraintes locales de réseau;Poste en zones de soutirage HTB
L.MON;LAURAC-MONTREAL;44.5051826841362;4.3088468126688;AUVERGNE-RHôNE-ALPES;Disponible;Poste pas concernée par des contraintes locales de réseau;Poste pas concernée par des contraintes locales de réseau
LAUR5;LAURAGAIS;43.4469704818137;1.67862539591156;OCCITANIE;Disponible;Poste en zones de soutirage HTA;Poste en zones de soutirage HTA et HTB
LAURA;LAURAS;43.9750172347658;2.96103255730388;OCCITANIE;Disponible;Poste en zones d'injection photovoltaïque HTA;Poste en zones d'injection photovoltaïque HTA et HTB
LAURE;LAURE;43.3767760826578;5.19910915848758;PROVENCE-ALPES-CôTE D’AZUR;Disponible;Poste en zones de soutirage HTA;Poste en zones de soutirage HTA et HTB
LAUSS;LAUSSONNE;44.9571076823566;4.02671042117981;AUVERGNE-RHôNE-ALPES;Disponible;Poste en zones de soutirage HTA;Poste en zones de soutirage HTA et HTB
LAUTE;LAUTERBOURG;48.9539851500067;8.1782520032589;GRAND EST;Disponible;Poste pas concernée par des contraintes locales de réseau;Poste pas concernée par des contraintes locales de réseau
LAUZE;LAUZERTE;44.2665090813928;1.10165329814864;OCCITANIE;Disponible;Poste en zones de soutirage HTA;Poste en zones de soutirage HTA et HTB
LAVAG;LAVAGNAC;43.5119697708043;3.49339800628054;OCCITANIE;Disponible;Poste pas concernée par des contraintes locales de réseau;Poste pas concernée par des contraintes locales de réseau
LAVAL;LAVAL;48.0509899146136;-0.792945411364341;PAYS DE LA LOIRE;Disponible;Poste en zones de soutirage HTA;Poste en zones de soutirage HTA et HTB
L.CE1;LAVAL-DE-CERE I;44.953405588563;1.9485793183594;NOUVELLE-AQUITAINE;Disponible;Poste pas concernée par des contraintes locales de réseau;Poste en zones d'injection photovoltaïque HTB
LAVA5;LAVALDUC;43.4813295742523;4.95630974634985;PROVENCE-ALPES-CôTE D’AZUR;Disponible;Poste pas concernée par des contraintes locales de réseau;Poste pas concernée par des contraintes locales de réseau
LAVAU;LAVAUD;46.1500612034685;1.89591381897671;NOUVELLE-AQUITAINE;Disponible;Poste pas concernée par des contraintes locales de réseau;Poste pas concernée par des contraintes locales de réseau
LAVA2;LAVAUR II;44.9414241927763;1.91658584291769;OCCITANIE;Disponible;Poste en zones d'injection photovoltaïque HTA;Poste en zones d'injection photovoltaïque HTA et HTB
LAVEL;LAVELANET;42.9220834445326;1.83379421337323;OCCITANIE;Disponible;Poste pas concernée par des contraintes locales de réseau;Poste pas concernée par des contraintes locales de réseau
LAVE5;LAVELINE;48.1780124072431;6.75371785872403;GRAND EST;Disponible;Poste en zones de soutirage HTA;Poste en zones de soutirage HTA et HTB
LAVER;LAVERA;43.382990237069;5.02357308566675;PROVENCE-ALPES-CôTE D’AZUR;Disponible;Poste en zones de soutirage HTA;Poste en zones de soutirage HTA et HTB
LAVEY;LAVEYRUNE;44.6205527738054;3.89990215859724;AUVERGNE-RHôNE-ALPES;Disponible;Poste pas concernée par des contraintes locales de réseau;Poste pas concernée par des contraintes locales de réseau
LAV.B;LAVEYRUNE-BIS;44.6199400786453;3.89996095680593;AUVERGNE-RHôNE-ALPES;En construction (déduit selon data Capareseau);Poste pas concernée par des contraintes locales de réseau;Poste pas concernée par des contraintes locales de réseau
LAVOI;LAVOIR;47.3266631389666;5.0316001535327;BOURGOGNE-FRANCHE-COMTé;Disponible;Poste en zones de soutirage HTA;Poste en zones de soutirage HTA et HTB
LAVO5;LAVOISIER;47.7557186843949;7.32260752348583;GRAND EST;Disponible;Poste en zones de soutirage HTA;Poste en zones de soutirage HTA et HTB
LAXOU;LAXOU;48.6943126272769;6.12558570713956;GRAND EST;Disponible;Poste en zones de soutirage HTA;Poste en zones de soutirage HTA et HTB
HOURA;LE  HOURAT;42.9806240177776;-0.431895537274618;NOUVELLE-AQUITAINE;Disponible;Poste pas concernée par des contraintes locales de réseau;Poste pas concernée par des contraintes locales de réseau
BEC;LE BEC;45.389933945595;4.31021617654597;AUVERGNE-RHôNE-ALPES;Disponible;Poste en zones de soutirage HTA;Poste en zones de soutirage HTA et HTB
BOUCA;LE BOUCAU;43.5341702032412;-1.4951049316431;NOUVELLE-AQUITAINE;Disponible;Poste en zones de soutirage HTA;Poste en zones de soutirage HTA et HTB
BOUHE;LE BOUHET;43.1358557030222;0.309210427500671;OCCITANIE;Disponible;Poste pas concernée par des contraintes locales de réseau;Poste pas concernée par des contraintes locales de réseau
BOURG;LE BOURG;47.3163974982637;2.04512445261976;CENTRE-VAL DE LOIRE;Disponible;Poste en zones d'injection photovoltaïque HTA;Poste en zones d'injection photovoltaïque HTA et HTB
BRADA;LE BRADASCOU;45.4298416677114;1.55025841339735;NOUVELLE-AQUITAINE;Disponible;Poste pas concernée par des contraintes locales de réseau;Poste pas concernée par des contraintes locales de réseau
BREJO;LE BREJOU;45.7552356980326;1.28879803166498;NOUVELLE-AQUITAINE;Disponible;Poste pas concernée par des contraintes locales de réseau;Poste pas concernée par des contraintes locales de réseau
CAMP;LE CAMP;43.8250033186922;5.04705687656559;PROVENCE-ALPES-CôTE D’AZUR;Disponible;Poste pas concernée par des contraintes locales de réseau;Poste pas concernée par des contraintes locales de réseau
CATEA;LE CATEAU;50.1127584279411;3.5382718343332;HAUTS-DE-FRANCE;Disponible;Poste pas concernée par des contraintes locales de réseau;Poste pas concernée par des contraintes locales de réseau
CHAFF;LE CHAFFARD;45.6620228499049;5.12229570504138;AUVERGNE-RHôNE-ALPES;Disponible;Poste pas concernée par des contraintes locales de réseau;Poste en zones de soutirage HTB
CHAPO;LE CHAPON;48.9720106483994;5.23953373581684;GRAND EST;Disponible;Poste en zones d'injection photovoltaïque HTA;Poste en zones d'injection photovoltaïque HTA
CTAU;LE CHATEAU;43.5891851463076;1.4379160255111;OCCITANIE;Disponible;Poste en zones de soutirage HTA;Poste en zones de soutirage HTA et HTB
CHESN;LE CHESNOY;48.3888349245715;2.86532983145645;ÎLE-DE-FRANCE;Disponible;Poste pas concernée par des contraintes locales de réseau;Poste en zones de soutirage HTB
CHEYL;LE CHEYLARD;44.9119226662776;4.44324878966042;AUVERGNE-RHôNE-ALPES;Disponible;Poste en zones de soutirage HTA;Poste en zones de soutirage HTA et HTB
COL;LE COL;45.1872043738944;6.43613026861737;AUVERGNE-RHôNE-ALPES;Disponible;Poste pas concernée par des contraintes locales de réseau;Poste pas concernée par des contraintes locales de réseau
CORB8;LE CORBIER;45.240392157392;6.27090893054651;AUVERGNE-RHôNE-ALPES;Disponible;Poste pas concernée par des contraintes locales de réseau;Poste pas concernée par des contraintes locales de réseau
COUDO;LE COUDO;43.1576539042952;5.97261465573744;PROVENCE-ALPES-CôTE D’AZUR;Disponible;Poste pas concernée par des contraintes locales de réseau;Poste en zones de soutirage HTB
CREUS;LE CREUSOT;46.8068622419504;4.41491124850022;BOURGOGNE-FRANCHE-COMTé;Disponible;Poste en zones de soutirage HTA;Poste en zones de soutirage HTA et HTB
CROIS;LE CROISSANT (SNCF);49.2192195582839;0.223114307630917;NORMANDIE;Disponible;Poste pas concernée par des contraintes locales de réseau;Poste pas concernée par des contraintes locales de réseau
CRUCH;LE CRUCHET;48.0316455271953;0.145305811775196;PAYS DE LA LOIRE;Disponible;Poste en zones de soutirage HTA;Poste en zones de soutirage HTA et HTB
CRUEL;LE CRUEL;48.2277139397409;-1.72625892528893;BRETAGNE;Disponible;Poste en zones de soutirage HTA;Poste en zones de soutirage HTA et HTB
DONJO;LE DONJON;46.3625645595911;3.79838287627974;AUVERGNE-RHôNE-ALPES;Disponible;Poste en zones d'injection photovoltaïque HTA;Poste en zones d'injection photovoltaïque HTA et HTB
FESC;LE FESC;44.2009678599679;4.04354557876776;OCCITANIE;Disponible;Poste en zones de soutirage HTA;Poste en zones de soutirage HTA et HTB
GAUCH;LE GAUCHET;45.2383139100547;1.49554668203741;NOUVELLE-AQUITAINE;Disponible;Poste pas concernée par des contraintes locales de réseau;Poste pas concernée par des contraintes locales de réseau
GOURA;LE GOURAY;48.3042639617087;-2.50517771433592;BRETAGNE;Disponible;Poste pas concernée par des contraintes locales de réseau;Poste pas concernée par des contraintes locales de réseau
GUISL;LE GUISLAIN;48.9728027342041;-1.22646239694373;NORMANDIE;Disponible;Poste en zones de soutirage HTA;Poste en zones de soutirage HTA et HTB
H.VER;LE HAUT-VERNET;42.7348662626716;2.8970070796588;OCCITANIE;Disponible;Poste en zones d'injection photovoltaïque HTA;Poste en zones d'injection photovoltaïque HTA et HTB
HAVR5;LE HAVRE;49.4771257073465;0.148201436861615;NORMANDIE;Disponible;Poste pas concernée par des contraintes locales de réseau;Poste pas concernée par des contraintes locales de réseau
LAITI;LE LAITIER;46.3427643685285;0.308290300001542;NOUVELLE-AQUITAINE;En construction (déduit selon data Capareseau);Poste pas concernée par des contraintes locales de réseau;Poste pas concernée par des contraintes locales de réseau
LARGU;LE LARGUE;43.8544904142142;5.85813765702131;PROVENCE-ALPES-CôTE D’AZUR;Disponible;Poste pas concernée par des contraintes locales de réseau;Poste pas concernée par des contraintes locales de réseau
LAVAN;LE LAVANDOU;43.1406814023371;6.35748230515403;PROVENCE-ALPES-CôTE D’AZUR;Disponible;Poste en zones de soutirage HTA;Poste en zones de soutirage HTA et HTB
LIMOU;LE LIMOUZAT;45.96565664487;3.71113838894603;AUVERGNE-RHôNE-ALPES;Disponible;Poste en zones de soutirage HTA;Poste en zones de soutirage HTA et HTB
L.CHA;LE LONG CHAMP;49.3432619097823;3.47829277636808;HAUTS-DE-FRANCE;En construction (déduit selon data Capareseau);Poste pas concernée par des contraintes locales de réseau;Poste pas concernée par des contraintes locales de réseau
LOUP;LE LOUP;43.7207996801731;6.99238785723404;PROVENCE-ALPES-CôTE D’AZUR;Disponible;Poste en zones de soutirage HTA;Poste en zones de soutirage HTA et HTB
LUC;LE LUC;44.1166144151302;1.12119820357708;OCCITANIE;Disponible;Poste en zones de soutirage HTA;Poste en zones de soutirage HTA et HTB
LUDE;LE LUDE;47.6515548830192;0.151426369331352;PAYS DE LA LOIRE;Disponible;Poste en zones de soutirage HTA;Poste en zones de soutirage HTA et HTB
MADRO;LE MADRON;46.8003450601821;1.67878355795149;CENTRE-VAL DE LOIRE;Disponible;Poste pas concernée par des contraintes locales de réseau;Poste pas concernée par des contraintes locales de réseau
MARAI;LE MARAIS;49.1028041046857;1.46612914137528;NORMANDIE;Disponible;Poste en zones de soutirage HTA;Poste en zones de soutirage HTA et HTB
MQIS;LE MARQUIS;45.0173493254947;-0.550674829982206;NOUVELLE-AQUITAINE;Disponible;Poste en zones de soutirage HTA;Poste en zones de soutirage HTA et HTB
MAURE;LE MAUREIX;45.926018255483;1.46358669876559;NOUVELLE-AQUITAINE;En construction (déduit selon data Capareseau);Poste pas concernée par des contraintes locales de réseau;Poste en zones d'injection photovoltaïque HTB
MONAS;LE MONASTIER;44.5094806807224;3.25356515276091;OCCITANIE;Disponible;Poste en zones d'injection photovoltaïque HTA;Poste en zones d'injection photovoltaïque HTA et HTB
PALAN;LE PALANT;45.8266518634739;0.126401234791976;NOUVELLE-AQUITAINE;Disponible;Poste pas concernée par des contraintes locales de réseau;Poste pas concernée par des contraintes locales de réseau
PAS;LE PAS;47.8858449905674;-1.47574006095239;BRETAGNE;Disponible;Poste pas concernée par des contraintes locales de réseau;Poste pas concernée par des contraintes locales de réseau
PECQ;LE PECQ;48.8999595959674;2.10512748709707;ÎLE-DE-FRANCE;Disponible;Poste en zones de soutirage HTA;Poste en zones de soutirage HTA et HTB
P.MED;LE PIAN-MEDOC;44.9486723181797;-0.626287930167649;NOUVELLE-AQUITAINE;Disponible;Poste en zones de soutirage HTA;Poste en zones de soutirage HTA et HTB
PINIE;LE PINIER;45.7514545267475;-0.666128593640158;NOUVELLE-AQUITAINE;Disponible;Poste pas concernée par des contraintes locales de réseau;Poste pas concernée par des contraintes locales de réseau
PTET;LE PONTET;43.9852341991189;4.86666087809546;PROVENCE-ALPES-CôTE D’AZUR;Disponible;Poste pas concernée par des contraintes locales de réseau;Poste pas concernée par des contraintes locales de réseau
POTEA;LE POTEAU;48.8383524513201;4.51286979358286;GRAND EST;Disponible;Poste en zones d'injection photovoltaïque HTA;Poste en zones d'injection photovoltaïque HTA et HTB
POUZI;LE POUZIN;44.7499967945736;4.75131217906778;AUVERGNE-RHôNE-ALPES;Disponible;Poste pas concernée par des contraintes locales de réseau;Poste pas concernée par des contraintes locales de réseau
PRAUD;LE PRAUD;47.2656475985565;-1.31306699691809;PAYS DE LA LOIRE;Disponible;Poste pas concernée par des contraintes locales de réseau;Poste pas concernée par des contraintes locales de réseau
PRIE5;LE PRIEURE;46.7848165389522;0.526985099860714;NOUVELLE-AQUITAINE;Disponible;Poste pas concernée par des contraintes locales de réseau;Poste pas concernée par des contraintes locales de réseau
PRIEU;LE PRIEURE;49.0907668591198;3.76362063087784;GRAND EST;Disponible;Poste pas concernée par des contraintes locales de réseau;Poste pas concernée par des contraintes locales de réseau
PUY;LE PUY;45.0488924701648;3.90777625710782;AUVERGNE-RHôNE-ALPES;Disponible;Poste en zones de soutirage HTA;Poste en zones de soutirage HTA et HTB
QUES5;LE QUESNOY;50.2648353896963;3.65009590580537;HAUTS-DE-FRANCE;Disponible;Poste en zones de soutirage HTA;Poste en zones de soutirage HTA et HTB
RECRE;LE RECREDY;46.7929298744558;-1.43261888357804;PAYS DE LA LOIRE;Disponible;Poste en zones de soutirage HTA;Poste en zones de soutirage HTA et HTB
REDET;LE REDET;48.1722880613664;-2.87695538971984;BRETAGNE;Disponible;Poste pas concernée par des contraintes locales de réseau;Poste pas concernée par des contraintes locales de réseau
REPAI;LE REPAIRE;45.6050785589082;1.48623200025578;NOUVELLE-AQUITAINE;Disponible;Poste pas concernée par des contraintes locales de réseau;Poste pas concernée par des contraintes locales de réseau
RIVI5;LE RIVIER;45.2047715125396;6.04309560950426;AUVERGNE-RHôNE-ALPES;Disponible;Poste pas concernée par des contraintes locales de réseau;Poste pas concernée par des contraintes locales de réseau
ROCH4;LE ROCHEREAU;46.6963244239826;0.128705305711684;NOUVELLE-AQUITAINE;Disponible;Poste pas concernée par des contraintes locales de réseau;Poste pas concernée par des contraintes locales de réseau
SAILL;LE SAILLANT;45.2848119763168;1.46508441968424;NOUVELLE-AQUITAINE;Disponible;Poste pas concernée par des contraintes locales de réseau;Poste pas concernée par des contraintes locales de réseau
SELO5;LE SELONNET;44.3776144141426;6.32609099039338;PROVENCE-ALPES-CôTE D’AZUR;Disponible;Poste pas concernée par des contraintes locales de réseau;Poste pas concernée par des contraintes locales de réseau
TEICH;LE TEICH;42.7186040224483;1.84130564547185;OCCITANIE;Disponible;Poste pas concernée par des contraintes locales de réseau;Poste pas concernée par des contraintes locales de réseau
TEIL;LE TEIL;44.5397011266148;4.69183334997345;AUVERGNE-RHôNE-ALPES;Disponible;Poste pas concernée par des contraintes locales de réseau;Poste pas concernée par des contraintes locales de réseau
TEMPL;LE TEMPLE;44.3920182583736;0.497515862342217;NOUVELLE-AQUITAINE;Disponible;Poste pas concernée par des contraintes locales de réseau;Poste en zones d'injection photovoltaïque HTB
THEIL;LE THEIL (EDF-SNCF);48.267094922182;0.695783182261164;NORMANDIE;Disponible;Poste en zones de soutirage HTA;Poste en zones de soutirage HTA et HTB
THILL;LE THILLOT;47.8866988632349;6.75245437847053;GRAND EST;Disponible;Poste pas concernée par des contraintes locales de réseau;Poste pas concernée par des contraintes locales de réseau
THOR;LE THOR;43.9238234071888;4.96782956520491;PROVENCE-ALPES-CôTE D’AZUR;Disponible;Poste pas concernée par des contraintes locales de réseau;Poste pas concernée par des contraintes locales de réseau
THOU;LE THOU;46.1005860768043;-0.946992711175065;NOUVELLE-AQUITAINE;Disponible;Poste en zones de soutirage HTA;Poste en zones de soutirage HTA et HTB
TREPO;LE TREPORT;50.0598544714904;1.39547110382629;NORMANDIE;Disponible;Poste pas concernée par des contraintes locales de réseau;Poste pas concernée par des contraintes locales de réseau
TUQUE;LE TUQUET;45.63550814695;1.42142523923712;NOUVELLE-AQUITAINE;Disponible;Poste pas concernée par des contraintes locales de réseau;Poste pas concernée par des contraintes locales de réseau
VAL;LE VAL;43.4352723281071;6.07178897249649;PROVENCE-ALPES-CôTE D’AZUR;Disponible;Poste pas concernée par des contraintes locales de réseau;Poste pas concernée par des contraintes locales de réseau
VERN7;LE VERNEY;45.1496436845402;6.04703811397026;AUVERGNE-RHôNE-ALPES;Disponible;Poste pas concernée par des contraintes locales de réseau;Poste pas concernée par des contraintes locales de réseau
LECER;LECERF;49.3799983506171;1.37308450253738;NORMANDIE;Disponible;Poste en zones de soutirage HTA;Poste en zones de soutirage HTA et HTB
LECTO;LECTOURE;43.9359956692785;0.602979107059528;OCCITANIE;Disponible;Poste en zones d'injection photovoltaïque HTA;Poste en zones d'injection photovoltaïque HTA et HTB
LEDAR;LEDAR;42.9793008766394;1.12603618704268;OCCITANIE;Disponible;Poste en zones d'injection photovoltaïque HTA;Poste en zones d'injection photovoltaïque HTA et HTB
LEDEN;LEDENON;43.8962899248651;4.52849370192299;OCCITANIE;Disponible;Poste pas concernée par des contraintes locales de réseau;Poste pas concernée par des contraintes locales de réseau
LEGE;LEGE;44.7915751869334;-1.16908171050883;NOUVELLE-AQUITAINE;Disponible;Poste pas concernée par des contraintes locales de réseau;Poste pas concernée par des contraintes locales de réseau
LEGUE;LEGUEVIN;43.601955703164;1.27806707332748;OCCITANIE;Disponible;Poste en zones de soutirage HTA;Poste en zones de soutirage HTA et HTB
LEGUG;LEGUGNON;43.2083093177433;-0.634677641408783;NOUVELLE-AQUITAINE;Disponible;Poste pas concernée par des contraintes locales de réseau;Poste pas concernée par des contraintes locales de réseau
LENCL;LENCLOITRE;46.8140433673042;0.338147255425421;NOUVELLE-AQUITAINE;Disponible;Poste en zones d'injection photovoltaïque HTA;Poste en zones d'injection photovoltaïque HTA et HTB
ENSOL;L'ENSOLEILLE;43.5182040179583;5.42727065042897;PROVENCE-ALPES-CôTE D’AZUR;Disponible;Poste en zones de soutirage HTA;Poste en zones de soutirage HTA et HTB
LENT5;LENTIGNY;45.9877468647242;3.97958942759599;AUVERGNE-RHôNE-ALPES;Disponible;Poste pas concernée par des contraintes locales de réseau;Poste pas concernée par des contraintes locales de réseau
PAIRE;LEPAIREUX;46.0901056098321;5.3052698266608;AUVERGNE-RHôNE-ALPES;Disponible;Poste pas concernée par des contraintes locales de réseau;Poste pas concernée par des contraintes locales de réseau
LERE;LERE;44.1631265925661;1.5306540388401;OCCITANIE;Disponible;Poste en zones de soutirage HTA;Poste en zones de soutirage HTA et HTB
ABERS;LES ABERS;48.51555155266;-4.6862021454922;BRETAGNE;Disponible;Poste pas concernée par des contraintes locales de réseau;Poste pas concernée par des contraintes locales de réseau
ANCIZ;LES ANCIZES;45.921336043175;2.8353615488724;AUVERGNE-RHôNE-ALPES;Disponible;Poste en zones d'injection photovoltaïque HTA;Poste en zones d'injection photovoltaïque HTA et HTB
ANDE5;LES ANDELYS;49.2448218991726;1.41226037335836;NORMANDIE;Disponible;Poste en zones de soutirage HTA;Poste en zones de soutirage HTA et HTB
ATTAQ;LES ATTAQUES;50.9214145273274;1.91313249580669;HAUTS-DE-FRANCE;Disponible;Poste pas concernée par des contraintes locales de réseau;Poste pas concernée par des contraintes locales de réseau
AUBES;LES AUBES (SNCF);43.6718211350493;5.08135028997713;PROVENCE-ALPES-CôTE D’AZUR;Disponible;Poste pas concernée par des contraintes locales de réseau;Poste pas concernée par des contraintes locales de réseau
AUBRE;LES AUBREAUX;45.6100013744173;0.0638336369131404;NOUVELLE-AQUITAINE;Disponible;Poste pas concernée par des contraintes locales de réseau;Poste pas concernée par des contraintes locales de réseau
AYDES;LES AYDES;47.9367001666907;1.89034062319242;CENTRE-VAL DE LOIRE;Disponible;Poste en zones de soutirage HTA;Poste en zones de soutirage HTA et HTB
BABLO;LES BABLONS;48.5210008777238;3.91763564851431;GRAND EST;Disponible;Poste pas concernée par des contraintes locales de réseau;Poste pas concernée par des contraintes locales de réseau
BXMET;LES BEAUMETTES;43.8574205839017;5.19854176668345;PROVENCE-ALPES-CôTE D’AZUR;Disponible;Poste pas concernée par des contraintes locales de réseau;Poste pas concernée par des contraintes locales de réseau
BUIS;LES BUIS;46.9876112911856;2.23772815195177;CENTRE-VAL DE LOIRE;Disponible;Poste en zones d'injection photovoltaïque HTA;Poste en zones d'injection photovoltaïque HTA et HTB
CADAL;LES CADALLES;46.2080830776439;5.21164095345983;AUVERGNE-RHôNE-ALPES;Disponible;Poste pas concernée par des contraintes locales de réseau;Poste pas concernée par des contraintes locales de réseau
CAMPE;LES CAMPEAUX;49.5286097821673;0.951365066024523;NORMANDIE;Disponible;Poste pas concernée par des contraintes locales de réseau;Poste pas concernée par des contraintes locales de réseau
CASSE;LES CASSEAUX;45.8320377678844;1.27542596842035;NOUVELLE-AQUITAINE;Disponible;Poste pas concernée par des contraintes locales de réseau;Poste pas concernée par des contraintes locales de réseau
CHAB5;LES CHABAUDS;43.4235184386089;5.39059766241199;PROVENCE-ALPES-CôTE D’AZUR;Disponible;Poste en zones de soutirage HTA;Poste en zones de soutirage HTA et HTB
CHAIL;LES CHAILLOTS;48.2153445286937;3.31471133163083;BOURGOGNE-FRANCHE-COMTé;Disponible;Poste en zones de soutirage HTA;Poste en zones de soutirage HTA et HTB
COLUM;LES COLUMEAUX;48.1097666430906;2.78209880641993;CENTRE-VAL DE LOIRE;Disponible;Poste en zones d'injection photovoltaïque HTA;Poste en zones d'injection photovoltaïque HTA et HTB
ECHEL;LES ECHELLES;45.4428872190656;5.74453191690091;AUVERGNE-RHôNE-ALPES;Disponible;Poste en zones de soutirage HTA;Poste en zones de soutirage HTA et HTB
FINS;LES FINS;47.085463902744;6.63919478386577;BOURGOGNE-FRANCHE-COMTé;Disponible;Poste pas concernée par des contraintes locales de réseau;Poste pas concernée par des contraintes locales de réseau
FTAI8;LES FONTAINES (REGIE DE DREUX);48.7443347753677;1.38065567565464;CENTRE-VAL DE LOIRE;Disponible;Poste pas concernée par des contraintes locales de réseau;Poste pas concernée par des contraintes locales de réseau
GARD9;LES GARDES;47.1059838609645;0.645966410359114;CENTRE-VAL DE LOIRE;Disponible;Poste en zones d'injection photovoltaïque HTA;Poste en zones d'injection photovoltaïque HTA et HTB
GRIBO;LES GRIBOUZY;47.6764849768459;1.44725011635691;CENTRE-VAL DE LOIRE;Disponible;Poste en zones de soutirage HTA;Poste en zones de soutirage HTA et HTB
GROSE;LES GROSEILLERS;49.7110997854226;2.16144935540731;HAUTS-DE-FRANCE;Disponible;Poste pas concernée par des contraintes locales de réseau;Poste pas concernée par des contraintes locales de réseau
GROUX;LES GROUX;49.0944062036588;1.57021572023645;NORMANDIE;Disponible;Poste en zones de soutirage HTA;Poste en zones de soutirage HTA et HTB
GRUES;LES GRUES;46.3718442698943;-1.31919281590584;PAYS DE LA LOIRE;Disponible;Poste en zones de soutirage HTA;Poste en zones de soutirage HTA et HTB
HERBI;LES HERBIERS;46.8818899542699;-1.01956299291751;PAYS DE LA LOIRE;Disponible;Poste en zones de soutirage HTA;Poste en zones de soutirage HTA et HTB
TON.N;LES HOQUINS;49.8367321513569;4.20436007237051;HAUTS-DE-FRANCE;Disponible;Poste pas concernée par des contraintes locales de réseau;Poste pas concernée par des contraintes locales de réseau
JAUME;LES JAUMES;46.431625035336;0.89203890307096;NOUVELLE-AQUITAINE;Disponible;Poste pas concernée par des contraintes locales de réseau;Poste pas concernée par des contraintes locales de réseau
LARRI;LES LARRIS (SNCF);48.2783686553433;2.68185051446382;ÎLE-DE-FRANCE;Disponible;Poste pas concernée par des contraintes locales de réseau;Poste pas concernée par des contraintes locales de réseau
LICES;LES LICES;43.1265744659767;5.9364809506245;PROVENCE-ALPES-CôTE D’AZUR;Disponible;Poste en zones de soutirage HTA;Poste en zones de soutirage HTA et HTB
MARTR;LES MARTRAITS (SNCF MONOPHASE);48.981719947689;1.72014600853049;ÎLE-DE-FRANCE;Disponible;Poste pas concernée par des contraintes locales de réseau;Poste pas concernée par des contraintes locales de réseau
MENUI;LES MENUIRES;45.3236969804223;6.53469743516438;AUVERGNE-RHôNE-ALPES;Disponible;Poste en zones de soutirage HTA;Poste en zones de soutirage HTA et HTB
MEUN5;LES MEUNIERS;46.5986315991487;0.393924409511931;NOUVELLE-AQUITAINE;Disponible;Poste en zones de soutirage HTA;Poste en zones de soutirage HTA et HTB
MINIE;LES MINIERES;46.3757927097535;0.209802495852227;NOUVELLE-AQUITAINE;Disponible;Poste pas concernée par des contraintes locales de réseau;Poste pas concernée par des contraintes locales de réseau
MOUR5;LES MOURETTES;44.8896871259851;4.88406984452839;AUVERGNE-RHôNE-ALPES;Disponible;Poste en zones de soutirage HTA;Poste en zones de soutirage HTA et HTB
OLIVE;LES OLIVETTES;43.8243686658186;4.69273047400751;PROVENCE-ALPES-CôTE D’AZUR;Disponible;Poste pas concernée par des contraintes locales de réseau;Poste pas concernée par des contraintes locales de réseau
ORCH5;LES ORCHIDEES;47.050429437547;2.30688550201635;CENTRE-VAL DE LOIRE;Disponible;Poste en zones d'injection photovoltaïque HTA;Poste en zones d'injection photovoltaïque HTA et HTB
ORME5;LES ORMES;48.4653513405923;3.22548273702007;ÎLE-DE-FRANCE;Disponible;Poste en zones de soutirage HTA;Poste en zones de soutirage HTA et HTB
PAYOL;LES PAYOLLES;47.8477942744658;2.73426615231544;CENTRE-VAL DE LOIRE;Disponible;Poste en zones d'injection photovoltaïque HTA;Poste en zones d'injection photovoltaïque HTA et HTB
PERRO;LES PERROTINS;45.3618059145344;0.113037253343996;NOUVELLE-AQUITAINE;Disponible;Poste pas concernée par des contraintes locales de réseau;Poste pas concernée par des contraintes locales de réseau
PLESS;LES PLESSES;46.4935263091845;-1.72573359453872;PAYS DE LA LOIRE;Disponible;Poste en zones de soutirage HTA;Poste en zones de soutirage HTA et HTB
POINT;LES POINTES;48.6576147769997;3.96681494038688;GRAND EST;En construction (déduit selon data Capareseau);Poste pas concernée par des contraintes locales de réseau;Poste pas concernée par des contraintes locales de réseau
POURP;LES POURPRISES;48.3174724450586;3.14504309048554;BOURGOGNE-FRANCHE-COMTé;Disponible;Poste en zones de soutirage HTA;Poste en zones de soutirage HTA et HTB
PRE.B;LES PRELES BIS;47.8037624430737;3.618529423881;BOURGOGNE-FRANCHE-COMTé;En construction (déduit selon data Capareseau);Poste pas concernée par des contraintes locales de réseau;Poste pas concernée par des contraintes locales de réseau
ROQUE;LES ROQUES (SNCF);43.5283201462746;5.07298335682081;PROVENCE-ALPES-CôTE D’AZUR;Disponible;Poste pas concernée par des contraintes locales de réseau;Poste pas concernée par des contraintes locales de réseau
RUBLO;LES RUBLOTS;47.6476999779201;3.05694281838492;BOURGOGNE-FRANCHE-COMTé;Disponible;Poste pas concernée par des contraintes locales de réseau;Poste pas concernée par des contraintes locales de réseau
SAISI;LES SAISIES;45.762833203691;6.53423395121121;AUVERGNE-RHôNE-ALPES;Disponible;Poste pas concernée par des contraintes locales de réseau;Poste pas concernée par des contraintes locales de réseau
SALEL;LES SALELLES;44.4264959678241;4.10977036219519;AUVERGNE-RHôNE-ALPES;Disponible;Poste pas concernée par des contraintes locales de réseau;Poste pas concernée par des contraintes locales de réseau
SEGON;LES SEGONNAUX;43.752085319923;4.64410712935258;PROVENCE-ALPES-CôTE D’AZUR;Disponible;Poste pas concernée par des contraintes locales de réseau;Poste pas concernée par des contraintes locales de réseau
SUISS;LES SUISSES (SNCF);48.8031856971521;2.299106797658;ÎLE-DE-FRANCE;Disponible;Poste pas concernée par des contraintes locales de réseau;Poste en zones de soutirage HTB
TACHE;LES TACHES;45.8398942480531;5.26507905995337;AUVERGNE-RHôNE-ALPES;Disponible;Poste en zones de soutirage HTA;Poste en zones de soutirage HTA et HTB
TALUS;LES TALUS;48.1394014967359;-1.71108261413302;BRETAGNE;Disponible;Poste en zones de soutirage HTA;Poste en zones de soutirage HTA et HTB
VAROI;LES VAROILLES;47.3684818452192;6.67431893018686;BOURGOGNE-FRANCHE-COMTé;Disponible;Poste en zones de soutirage HTA;Poste en zones de soutirage HTA et HTB
VNES;LES VIGNES;46.4442314153752;1.55613006230006;CENTRE-VAL DE LOIRE;Disponible;Poste pas concernée par des contraintes locales de réseau;Poste pas concernée par des contraintes locales de réseau
LESCA;LESCAR;43.3013112059277;-0.431897936208688;NOUVELLE-AQUITAINE;Disponible;Poste en zones de soutirage HTA;Poste en zones de soutirage HTA et HTB
LESNE;LESNEVEN;48.573409819783;-4.29481395501405;BRETAGNE;Disponible;Poste pas concernée par des contraintes locales de réseau;Poste pas concernée par des contraintes locales de réseau
LESPA;LESPARAT;45.1772358911995;0.75450537606215;NOUVELLE-AQUITAINE;Disponible;Poste en zones de soutirage HTA;Poste en zones de soutirage HTA et HTB
LESP5;LESPARRE;45.30433632785;-0.947698902335104;NOUVELLE-AQUITAINE;Disponible;Poste pas concernée par des contraintes locales de réseau;Poste pas concernée par des contraintes locales de réseau
MEDOC;LESPARRE MEDOC;45.2971576675439;-0.945590781606368;NOUVELLE-AQUITAINE;Disponible;Poste en zones de soutirage HTA;Poste en zones de soutirage HTA et HTB
LESP6;LESPINET;43.5537055130392;1.48005844522482;OCCITANIE;Disponible;Poste pas concernée par des contraintes locales de réseau;Poste pas concernée par des contraintes locales de réseau
LESQU;LESQUIVE;43.8177664832811;1.27368863797188;OCCITANIE;Disponible;Poste pas concernée par des contraintes locales de réseau;Poste en zones de soutirage HTB
LESQ2;Lesquive 2;43.8177664832811;1.27368863797188;OCCITANIE;Disponible;Poste pas concernée par des contraintes locales de réseau;Poste pas concernée par des contraintes locales de réseau
ESTAQ;L'ESTAQUE (SNCF);43.3639078079224;5.32475708777124;PROVENCE-ALPES-CôTE D’AZUR;Disponible;Poste pas concernée par des contraintes locales de réseau;Poste pas concernée par des contraintes locales de réseau
LESTE;LESTELLE;43.1133488436871;0.902554230113985;OCCITANIE;Disponible;Poste pas concernée par des contraintes locales de réseau;Poste en zones d'injection photovoltaïque HTB
LESUR;LESURCQ;48.6334338664036;2.56143772001707;ÎLE-DE-FRANCE;Disponible;Poste en zones de soutirage HTA;Poste en zones de soutirage HTA et HTB
ETANG;L'ETANG (SNCF);43.5053362053189;5.17263404191118;PROVENCE-ALPES-CôTE D’AZUR;Disponible;Poste pas concernée par des contraintes locales de réseau;Poste pas concernée par des contraintes locales de réseau
ETAN5;L'ETANG (VERNEUIL);48.6437045125615;2.81241626453006;ÎLE-DE-FRANCE;Disponible;Poste en zones de soutirage HTA;Poste en zones de soutirage HTA et HTB
LEVAL;LEVALLOIS;48.893437442459;2.28101710401637;ÎLE-DE-FRANCE;Disponible;Poste en zones de soutirage HTA;Poste en zones de soutirage HTA et HTB
LEVRO;LEVROUX;46.9727543405874;1.59906161989214;CENTRE-VAL DE LOIRE;Disponible;Poste en zones d'injection photovoltaïque HTA;Poste en zones d'injection photovoltaïque HTA et HTB
LEYGU;LEYGUES;44.7077742032597;2.43080483599124;AUVERGNE-RHôNE-ALPES;Disponible;Poste en zones d'injection photovoltaïque HTA;Poste en zones d'injection photovoltaïque HTA
LEZIG;LEZIGNAN;43.2017339146531;2.77965296120992;OCCITANIE;Disponible;Poste en zones d'injection photovoltaïque HTA;Poste en zones d'injection photovoltaïque HTA et HTB
LEZ.N;Lezignan Nord;43.2073204677248;2.79129337242075;OCCITANIE;En construction (déduit selon data Capareseau);Poste pas concernée par des contraintes locales de réseau;Poste pas concernée par des contraintes locales de réseau
HOSPI;L'HOSPITALET;42.5948959862124;1.79284320430984;OCCITANIE;En construction (déduit selon data Capareseau);Poste pas concernée par des contraintes locales de réseau;Poste pas concernée par des contraintes locales de réseau
LIART;LIART;49.7733749432866;4.34506241446724;GRAND EST;Disponible;Poste pas concernée par des contraintes locales de réseau;Poste pas concernée par des contraintes locales de réseau
LIAR2;LIART 2;49.8315421547144;4.2314930899479;GRAND EST;Disponible;Poste pas concernée par des contraintes locales de réseau;Poste pas concernée par des contraintes locales de réseau
L.ATH;LICQ-ATHEREY;43.0473647115937;-0.886810436627332;NOUVELLE-AQUITAINE;Disponible;Poste pas concernée par des contraintes locales de réseau;Poste pas concernée par des contraintes locales de réseau
LIEBV;LIEBVILLERS;47.3222297528512;6.79811844775348;BOURGOGNE-FRANCHE-COMTé;Disponible;Poste pas concernée par des contraintes locales de réseau;Poste pas concernée par des contraintes locales de réseau
LIERS;LIERS;48.6271689728932;2.34988215941846;ÎLE-DE-FRANCE;Disponible;Poste en zones de soutirage HTA;Poste en zones de soutirage HTA et HTB
LIESS;LIESSE;49.0375537266874;2.12388298460217;ÎLE-DE-FRANCE;Disponible;Poste pas concernée par des contraintes locales de réseau;Poste pas concernée par des contraintes locales de réseau
LIEUS;LIEUSAINT (SNCF);48.6014748898084;2.58170755555779;ÎLE-DE-FRANCE;Disponible;Poste pas concernée par des contraintes locales de réseau;Poste pas concernée par des contraintes locales de réseau
LIEVE;LIEVE;45.7820057070132;3.10081067672214;AUVERGNE-RHôNE-ALPES;Disponible;Poste en zones de soutirage HTA;Poste en zones de soutirage HTA et HTB
LIGNA;LIGNAT;45.7196191846626;3.26495902429721;AUVERGNE-RHôNE-ALPES;Disponible;Poste pas concernée par des contraintes locales de réseau;Poste en zones de soutirage HTB
L.BAR;LIGNY-EN-BARROIS;48.680525501046;5.33167003544101;GRAND EST;Disponible;Poste pas concernée par des contraintes locales de réseau;Poste pas concernée par des contraintes locales de réseau
LIMAN;LIMANS;44.002369770016;5.74167633854943;PROVENCE-ALPES-CôTE D’AZUR;Disponible;Poste pas concernée par des contraintes locales de réseau;Poste pas concernée par des contraintes locales de réseau
LIMAY;LIMAY;48.9906364983538;1.75083367867159;ÎLE-DE-FRANCE;Disponible;Poste en zones de soutirage HTA;Poste en zones de soutirage HTA et HTB
LIMEU;LIMEUX;50.0167979390137;1.80811035990616;HAUTS-DE-FRANCE;Disponible;Poste pas concernée par des contraintes locales de réseau;Poste pas concernée par des contraintes locales de réseau
LIMON;LIMONY;45.3633445323622;4.75539013269072;AUVERGNE-RHôNE-ALPES;Disponible;Poste pas concernée par des contraintes locales de réseau;Poste pas concernée par des contraintes locales de réseau
LIMO5;LIMOUX;43.0615811709799;2.23054737986531;OCCITANIE;Disponible;Poste pas concernée par des contraintes locales de réseau;Poste pas concernée par des contraintes locales de réseau
LIM.B;LIMOUZAT-BIS;45.9755933434504;3.68494424078157;AUVERGNE-RHôNE-ALPES;Disponible;Poste pas concernée par des contraintes locales de réseau;Poste pas concernée par des contraintes locales de réseau
LINGO;LINGOSTIERE;43.719254683447;7.18756621240351;PROVENCE-ALPES-CôTE D’AZUR;Disponible;Poste en zones de soutirage HTA;Poste en zones de soutirage HTA et HTB
LINGU;LINGUET;49.2678721965079;4.06561869108792;GRAND EST;Disponible;Poste pas concernée par des contraintes locales de réseau;Poste pas concernée par des contraintes locales de réseau
LINXE;LINXE;43.9073560378711;-1.23280221922257;NOUVELLE-AQUITAINE;Disponible;Poste en zones de soutirage HTA;Poste en zones de soutirage HTA et HTB
L.OR;LION D OR;47.1888448888559;-1.51536662684735;PAYS DE LA LOIRE;Disponible;Poste pas concernée par des contraintes locales de réseau;Poste pas concernée par des contraintes locales de réseau
LIORA;LIORAN;45.0912957256827;2.75504582753863;AUVERGNE-RHôNE-ALPES;Disponible;Poste en zones d'injection photovoltaïque HTA;Poste en zones d'injection photovoltaïque HTA et HTB
LISIE;LISIEUX;49.1419211772135;0.221543684286958;NORMANDIE;Disponible;Poste en zones de soutirage HTA;Poste en zones de soutirage HTA et HTB
LISLE;LISLET;49.6831735424191;4.01364817374946;HAUTS-DE-FRANCE;Disponible;Poste pas concernée par des contraintes locales de réseau;Poste pas concernée par des contraintes locales de réseau
THUE3;LISLET 3;49.7596568107825;4.07601530350005;HAUTS-DE-FRANCE;En construction (déduit selon data Capareseau);Poste pas concernée par des contraintes locales de réseau;Poste pas concernée par des contraintes locales de réseau
LISL5;LISLET2;49.7008009495871;3.98562025896668;HAUTS-DE-FRANCE;En construction (déduit selon data Capareseau);Poste pas concernée par des contraintes locales de réseau;Poste pas concernée par des contraintes locales de réseau
LISLO;LISLOCH;47.8519540187962;-3.58439914213743;BRETAGNE;Disponible;Poste en zones de soutirage HTA;Poste en zones de soutirage HTA et HTB
LIVAR;LIVAROT;49.0110121117638;0.152491824254422;NORMANDIE;Disponible;Poste en zones de soutirage HTA;Poste en zones de soutirage HTA et HTB
LIVET;LIVET;45.1094436006249;5.93945386147851;AUVERGNE-RHôNE-ALPES;Disponible;Poste pas concernée par des contraintes locales de réseau;Poste pas concernée par des contraintes locales de réseau
LIVIE;LIVIERE;43.1969381193622;2.9818494812164;OCCITANIE;Disponible;Poste en zones d'injection photovoltaïque HTA;Poste en zones d'injection photovoltaïque HTA et HTB
LIZY;LIZY-SUR-OURCQ;49.0282769882559;3.01319805869651;ÎLE-DE-FRANCE;Disponible;Poste en zones de soutirage HTA;Poste en zones de soutirage HTA et HTB
LOCHE;LOCHES;47.1419241612639;0.989405201342754;CENTRE-VAL DE LOIRE;Disponible;Poste en zones de soutirage HTA;Poste en zones de soutirage HTA et HTB
LOCMA;LOCMALO;48.0623332012292;-3.15431784381636;BRETAGNE;Disponible;Poste pas concernée par des contraintes locales de réseau;Poste pas concernée par des contraintes locales de réseau
LOCQU;LOCQUELTAS;47.749102125194;-2.74391599484973;BRETAGNE;Disponible;Poste en zones de soutirage HTA;Poste en zones de soutirage HTA et HTB
LODEV;LODEVE;43.7231801711928;3.31295850022417;OCCITANIE;Disponible;Poste pas concernée par des contraintes locales de réseau;Poste pas concernée par des contraintes locales de réseau
LOGEL;LOGELBACH;48.0835130400704;7.30652886838243;GRAND EST;Disponible;Poste en zones de soutirage HTA;Poste en zones de soutirage HTA et HTB
LOGER;LOGERIE;49.1105454364403;0.594819928906771;NORMANDIE;Disponible;Poste en zones de soutirage HTA;Poste en zones de soutirage HTA et HTB
LOGES;LOGES (LES);48.5826209708408;2.28663744039492;ÎLE-DE-FRANCE;Disponible;Poste en zones de soutirage HTA;Poste en zones de soutirage HTA et HTB
L.NEU;LOGIS-NEUF;44.6743863038125;4.79118531562191;AUVERGNE-RHôNE-ALPES;Disponible;Poste pas concernée par des contraintes locales de réseau;Poste en zones de soutirage HTB
LOING;LOING;48.3923616132143;2.79865664128558;ÎLE-DE-FRANCE;Disponible;Poste en zones de soutirage HTA;Poste en zones de soutirage HTA et HTB
LOIR1;LOIRET 1;48.1350740243025;2.25999892107705;CENTRE-VAL DE LOIRE;Disponible;Poste pas concernée par des contraintes locales de réseau;Poste pas concernée par des contraintes locales de réseau
LOISI;LOISIVIERE;48.584690501902;-0.374234620381857;NORMANDIE;Disponible;Poste pas concernée par des contraintes locales de réseau;Poste pas concernée par des contraintes locales de réseau
LONG4;LONGCHAMP;48.8650337847617;2.28585562221875;ÎLE-DE-FRANCE;Disponible;Poste en zones de soutirage HTA;Poste en zones de soutirage HTA et HTB
LONGC;LONGCHAMP;46.0261637717396;0.180815484985295;NOUVELLE-AQUITAINE;Disponible;Poste pas concernée par des contraintes locales de réseau;Poste pas concernée par des contraintes locales de réseau
LONG6;LONGEFAN;45.2844287500058;6.35817046381833;AUVERGNE-RHôNE-ALPES;Disponible;Poste pas concernée par des contraintes locales de réseau;Poste pas concernée par des contraintes locales de réseau
LONGE;LONGERAY;46.1135941676374;5.88763155816652;AUVERGNE-RHôNE-ALPES;Disponible;Poste pas concernée par des contraintes locales de réseau;Poste pas concernée par des contraintes locales de réseau
LONG7;LONGEVILLE;46.4334017252316;-1.48801303773368;PAYS DE LA LOIRE;Disponible;Poste en zones de soutirage HTA;Poste en zones de soutirage HTA et HTB
LONG8;LONGUE;47.366144440565;-0.0881956340050785;PAYS DE LA LOIRE;Disponible;Poste en zones de soutirage HTA;Poste en zones de soutirage HTA et HTB
LONGU;LONGUEIL;49.3442251327674;2.7316815669494;HAUTS-DE-FRANCE;Disponible;Poste pas concernée par des contraintes locales de réseau;Poste pas concernée par des contraintes locales de réseau
LONG9;LONGUENESSE;50.7447422838127;2.22848174407341;HAUTS-DE-FRANCE;Disponible;Poste pas concernée par des contraintes locales de réseau;Poste pas concernée par des contraintes locales de réseau
LONG5;LONGUYON;49.4418653909413;5.60296098782752;GRAND EST;Disponible;Poste pas concernée par des contraintes locales de réseau;Poste pas concernée par des contraintes locales de réseau
L.SAU;LONS-LE-SAUNIER;46.6921122889594;5.5630140638098;BOURGOGNE-FRANCHE-COMTé;Disponible;Poste pas concernée par des contraintes locales de réseau;Poste pas concernée par des contraintes locales de réseau
LORIE;LORIENT;47.7561790087225;-3.35576954500395;BRETAGNE;Disponible;Poste en zones de soutirage HTA;Poste en zones de soutirage HTA et HTB
LORIO;LORIOL;44.7575211464316;4.81946839862312;AUVERGNE-RHôNE-ALPES;Disponible;Poste en zones de soutirage HTA;Poste en zones de soutirage HTA et HTB
LORRI;LORRIS;47.8873919144556;2.52645325728874;CENTRE-VAL DE LOIRE;Disponible;Poste en zones d'injection photovoltaïque HTA;Poste en zones d'injection photovoltaïque HTA et HTB
LOSCO;LOSCOAT;48.4253116246145;-4.49702200500778;BRETAGNE;Disponible;Poste pas concernée par des contraintes locales de réseau;Poste pas concernée par des contraintes locales de réseau
LOUBE;LOUBERT;45.8917140459454;0.568489697027196;NOUVELLE-AQUITAINE;Saturé;Poste en zones d'injection photovoltaïque HTA;Poste en zones d'injection photovoltaïque HTA et HTB
LOUDE;LOUDEAC;48.1682247419893;-2.7483488830651;BRETAGNE;Disponible;Poste pas concernée par des contraintes locales de réseau;Poste pas concernée par des contraintes locales de réseau
LOUD7;LOUDENVIELLE;42.7855745254603;0.410462409186924;OCCITANIE;Disponible;Poste en zones d'injection photovoltaïque HTA;Poste en zones d'injection photovoltaïque HTA et HTB
LOUD6;LOUDES;45.108766102217;3.78336092999817;AUVERGNE-RHôNE-ALPES;Disponible;Poste en zones de soutirage HTA;Poste en zones de soutirage HTA et HTB
LOUDU;LOUDUN;47.0032375800101;0.0761826149027913;NOUVELLE-AQUITAINE;Disponible;Poste en zones d'injection photovoltaïque HTA;Poste en zones d'injection photovoltaïque HTA et HTB
LOUE;LOUE;47.9916529796797;-0.133268307083417;PAYS DE LA LOIRE;Disponible;Poste en zones de soutirage HTA;Poste en zones de soutirage HTA et HTB
LOUHA;LOUHANS;46.6189693534113;5.21359791109379;BOURGOGNE-FRANCHE-COMTé;Disponible;Poste en zones de soutirage HTA;Poste en zones de soutirage HTA et HTB
LOUIS;LOUISFERT;47.6804692039065;-1.44095185123004;PAYS DE LA LOIRE;Disponible;Poste pas concernée par des contraintes locales de réseau;Poste en zones d'injection photovoltaïque HTB
LOUPI;LOUPIAN;43.4654418897396;3.60674801455657;OCCITANIE;Disponible;Poste en zones de soutirage HTA;Poste en zones de soutirage HTA et HTB
LOUSL;LOUSLITGES;43.5839806833878;0.16109610171999;OCCITANIE;Disponible;Poste en zones d'injection photovoltaïque HTA;Poste en zones d'injection photovoltaïque HTA et HTB
LOUVE;LOUVECIENNES;48.849919998199;2.11008476738448;ÎLE-DE-FRANCE;Disponible;Poste en zones de soutirage HTA;Poste en zones de soutirage HTA et HTB
LOUV5;LOUVET;49.3499093093655;0.383115161999939;NORMANDIE;Disponible;Poste en zones de soutirage HTA;Poste en zones de soutirage HTA et HTB
LUBER;LUBERSAC;45.4291570318674;1.40307465969913;NOUVELLE-AQUITAINE;Disponible;Poste pas concernée par des contraintes locales de réseau;Poste pas concernée par des contraintes locales de réseau
L.OO;LUCHON-LAC D OO;42.7928986005526;0.5824667295617;OCCITANIE;Disponible;Poste pas concernée par des contraintes locales de réseau;Poste pas concernée par des contraintes locales de réseau
LUCON;LUCON;46.4698893653217;-1.17395885816215;PAYS DE LA LOIRE;Disponible;Poste en zones de soutirage HTA;Poste en zones de soutirage HTA et HTB
LUCY;LUCY;46.6663323661568;4.34944248569558;BOURGOGNE-FRANCHE-COMTé;Disponible;Poste en zones de soutirage HTA;Poste en zones de soutirage HTA et HTB
LUDRE;LUDRES;48.6110080425793;6.19144725199413;GRAND EST;Disponible;Poste en zones de soutirage HTA;Poste en zones de soutirage HTA et HTB
LUGRA;LUGRA;43.1836989607929;0.236762079781516;OCCITANIE;Disponible;Poste pas concernée par des contraintes locales de réseau;Poste pas concernée par des contraintes locales de réseau
LUISA;LUISANT;48.4279197681649;1.46926296621715;CENTRE-VAL DE LOIRE;Disponible;Poste pas concernée par des contraintes locales de réseau;Poste pas concernée par des contraintes locales de réseau
LUMBR;LUMBRES;50.7004907178995;2.107952112356;HAUTS-DE-FRANCE;Disponible;Poste pas concernée par des contraintes locales de réseau;Poste pas concernée par des contraintes locales de réseau
LUMES;LUMES;49.7477668971814;4.79629405988568;GRAND EST;Disponible;Poste pas concernée par des contraintes locales de réseau;Poste en zones de soutirage HTB
L.VIE;LUNEL-VIEL;43.6805631360733;4.08851630905749;OCCITANIE;Disponible;Poste en zones de soutirage HTA;Poste en zones de soutirage HTA et HTB
LUNES;LUNES;43.1693434391538;3.0038593987033;OCCITANIE;Disponible;Poste en zones d'injection photovoltaïque HTA;Poste en zones d'injection photovoltaïque HTA et HTB
LURE;LURE;47.6739605163853;6.50535703074924;BOURGOGNE-FRANCHE-COMTé;Disponible;Poste en zones de soutirage HTA;Poste en zones de soutirage HTA et HTB
LUSIG;LUSIGNAN (REGIE DE LA VIENNE);46.4262914852262;0.107221501559249;NOUVELLE-AQUITAINE;Disponible;Poste pas concernée par des contraintes locales de réseau;Poste pas concernée par des contraintes locales de réseau
LUTTE;LUTTERBACH;47.7524342706216;7.25707509260594;GRAND EST;Disponible;Poste en zones de soutirage HTA;Poste en zones de soutirage HTA et HTB
LUTZE;LUTZELHOUSE;48.5204993457133;7.29715267950177;GRAND EST;Disponible;Poste pas concernée par des contraintes locales de réseau;Poste pas concernée par des contraintes locales de réseau
LUXE;LUXE;45.8974880103929;0.116908118641976;NOUVELLE-AQUITAINE;Disponible;Poste pas concernée par des contraintes locales de réseau;Poste pas concernée par des contraintes locales de réseau
LUXEU;LUXEUIL;47.8151557593236;6.3924065725206;BOURGOGNE-FRANCHE-COMTé;Disponible;Poste pas concernée par des contraintes locales de réseau;Poste pas concernée par des contraintes locales de réseau
LUXEY;LUXEY;44.2401119890069;-0.519017443139356;NOUVELLE-AQUITAINE;Disponible;Poste en zones de soutirage HTA;Poste en zones de soutirage HTA et HTB
LUZ;LUZ;42.870931474449;-0.0133575962443382;OCCITANIE;Disponible;Poste pas concernée par des contraintes locales de réseau;Poste pas concernée par des contraintes locales de réseau
LUZEC;LUZECH;44.481272768399;1.28458125654373;OCCITANIE;Disponible;Poste pas concernée par des contraintes locales de réseau;Poste pas concernée par des contraintes locales de réseau
LUZI1;LUZIERES I;43.6655626027559;2.41687274079391;OCCITANIE;Disponible;Poste pas concernée par des contraintes locales de réseau;Poste pas concernée par des contraintes locales de réseau
MACHE;MACHECOUL;46.9583786558928;-1.83332869895383;PAYS DE LA LOIRE;Disponible;Poste en zones d'injection photovoltaïque HTA;Poste en zones d'injection photovoltaïque HTA
MACON;MACON;46.28759523957;4.77297652216909;BOURGOGNE-FRANCHE-COMTé;Disponible;Poste pas concernée par des contraintes locales de réseau;Poste en zones de soutirage HTB
MAC.S;MACON-SUD;46.2866016634048;4.812065272752;BOURGOGNE-FRANCHE-COMTé;Disponible;Poste en zones de soutirage HTA;Poste en zones de soutirage HTA et HTB
MADIE;MADIERES;43.8562746997091;3.55824949604328;OCCITANIE;Disponible;Poste pas concernée par des contraintes locales de réseau;Poste pas concernée par des contraintes locales de réseau
MAGEN;MAGENTA;48.876177991934;2.35333189875774;ÎLE-DE-FRANCE;Disponible;Poste en zones de soutirage HTA;Poste en zones de soutirage HTA et HTB
MAGNA;MAGNANVILLE;48.9739232088681;1.69556925195658;ÎLE-DE-FRANCE;Disponible;Poste en zones de soutirage HTA;Poste en zones de soutirage HTA et HTB
MAGN5;MAGNAZEIX;46.3178816194334;1.25357843075293;NOUVELLE-AQUITAINE;Disponible;Poste en zones d'injection photovoltaïque HTA;Poste en zones d'injection photovoltaïque HTA et HTB
MAGRE;MAGRE;45.8036230630389;1.27706808409569;NOUVELLE-AQUITAINE;Disponible;Poste pas concernée par des contraintes locales de réseau;Poste pas concernée par des contraintes locales de réseau
MAICH;MAICHE;47.2478109834839;6.78529384745387;BOURGOGNE-FRANCHE-COMTé;Disponible;Poste pas concernée par des contraintes locales de réseau;Poste pas concernée par des contraintes locales de réseau
MAIGN;MAIGNELAY;49.5546454578823;2.52799067156802;HAUTS-DE-FRANCE;Disponible;Poste pas concernée par des contraintes locales de réseau;Poste pas concernée par des contraintes locales de réseau
MAILL;MAILLY;47.6054819270422;3.64413597615966;BOURGOGNE-FRANCHE-COMTé;Saturé;Poste en zones d'injection photovoltaïque HTA;Poste en zones d'injection photovoltaïque HTA et HTB
MAINT;MAINTENON;48.5764896458935;1.59482749237274;CENTRE-VAL DE LOIRE;Disponible;Poste pas concernée par des contraintes locales de réseau;Poste pas concernée par des contraintes locales de réseau
MAINV;MAINVILLIERS;48.4570954207664;1.45776297625673;CENTRE-VAL DE LOIRE;Disponible;Poste pas concernée par des contraintes locales de réseau;Poste pas concernée par des contraintes locales de réseau
MALAG;MALAGUAY;48.4406102278526;1.52023064755043;CENTRE-VAL DE LOIRE;Disponible;Poste pas concernée par des contraintes locales de réseau;Poste pas concernée par des contraintes locales de réseau
MALA6;MALASSIS;48.8709922630842;2.43389790925725;ÎLE-DE-FRANCE;Disponible;Poste en zones de soutirage HTA;Poste en zones de soutirage HTA et HTB
MALAU;MALAUNAY;49.5246250586555;1.03296178788981;NORMANDIE;Disponible;Poste pas concernée par des contraintes locales de réseau;Poste pas concernée par des contraintes locales de réseau
MALEB;MALEBARGE (SNCF);43.4109542551797;4.79579369013429;PROVENCE-ALPES-CôTE D’AZUR;Disponible;Poste pas concernée par des contraintes locales de réseau;Poste pas concernée par des contraintes locales de réseau
MALEC;MALECOT;48.5162493345907;2.58914254352831;ÎLE-DE-FRANCE;Disponible;Poste en zones de soutirage HTA;Poste en zones de soutirage HTA et HTB
MALES;MALESHERBES;48.2830986013706;2.40044707590603;CENTRE-VAL DE LOIRE;Disponible;Poste pas concernée par des contraintes locales de réseau;Poste pas concernée par des contraintes locales de réseau
MALE5;MALESTROIT;47.808831598783;-2.36992404661563;BRETAGNE;Disponible;Poste pas concernée par des contraintes locales de réseau;Poste pas concernée par des contraintes locales de réseau
MALGO;MALGOVERT;45.619110460338;6.79095468929567;AUVERGNE-RHôNE-ALPES;Disponible;Poste en zones de soutirage HTA;Poste en zones de soutirage HTA et HTB
MALIN;MALINTRAT;45.8088601053073;3.19553400708194;AUVERGNE-RHôNE-ALPES;Disponible;Poste pas concernée par des contraintes locales de réseau;Poste en zones de soutirage HTB
MALL6;MALLEMORT;43.7299625945788;5.1864363590949;PROVENCE-ALPES-CôTE D’AZUR;Disponible;Poste en zones de soutirage HTA;Poste en zones de soutirage HTA et HTB
MALLE;MALLEMORT;43.7157004985087;5.20511171132874;PROVENCE-ALPES-CôTE D’AZUR;Disponible;Poste pas concernée par des contraintes locales de réseau;Poste pas concernée par des contraintes locales de réseau
MALMA;MALMAISON;48.8907306250824;1.43820871449934;NORMANDIE;Disponible;Poste en zones de soutirage HTA;Poste en zones de soutirage HTA et HTB
MALPL;MALPLAQUET;50.7766006961969;3.11456448855602;HAUTS-DE-FRANCE;Disponible;Poste en zones de soutirage HTA;Poste en zones de soutirage HTA et HTB
MALVI;MALVILLERS;47.742768654223;5.78251430107349;BOURGOGNE-FRANCHE-COMTé;En construction (déduit selon data Capareseau);Poste pas concernée par des contraintes locales de réseau;Poste pas concernée par des contraintes locales de réseau
MAMBE;MAMBELIN;47.3672064847916;6.66376970663532;BOURGOGNE-FRANCHE-COMTé;Disponible;Poste pas concernée par des contraintes locales de réseau;Poste en zones de soutirage HTB
MAMER;MAMERS;48.3462073821949;0.357376974517592;PAYS DE LA LOIRE;Disponible;Poste pas concernée par des contraintes locales de réseau;Poste pas concernée par des contraintes locales de réseau
MANCI;MANCIOUX;43.1574522056649;0.956041793843627;OCCITANIE;Disponible;Poste en zones d'injection photovoltaïque HTA;Poste en zones d'injection photovoltaïque HTA et HTB
MANDA;MANDARINS;50.9028360151041;1.78339910486733;HAUTS-DE-FRANCE;En construction (déduit selon data Capareseau);Poste pas concernée par des contraintes locales de réseau;Poste pas concernée par des contraintes locales de réseau
MANEG;MANEGUEN;47.7805940793265;-3.32281811877276;BRETAGNE;Disponible;Poste en zones de soutirage HTA;Poste en zones de soutirage HTA et HTB
MANOI;MANOIR (LE);49.3175163545283;1.2179233365572;NORMANDIE;Disponible;Poste en zones de soutirage HTA;Poste en zones de soutirage HTA et HTB
MANO7;MANOIRE;45.1204259011909;0.987899823060625;NOUVELLE-AQUITAINE;Disponible;Poste en zones d'injection photovoltaïque HTA;Poste en zones d'injection photovoltaïque HTA et en zone soutirage HTB
MANO5;MANOISE;49.5839787710886;3.66983269602219;HAUTS-DE-FRANCE;Disponible;Poste pas concernée par des contraintes locales de réseau;Poste pas concernée par des contraintes locales de réseau
MANOM;MANOM;49.3682908895122;6.17633161676647;GRAND EST;Disponible;Poste pas concernée par des contraintes locales de réseau;Poste pas concernée par des contraintes locales de réseau
MANSA;MANSAT;45.9641391156791;1.78616739934835;NOUVELLE-AQUITAINE;Disponible;Poste en zones d'injection photovoltaïque HTA;Poste en zones d'injection photovoltaïque HTA et HTB
MANSL;MANSLE;45.8764960972979;0.160462984728438;NOUVELLE-AQUITAINE;Disponible;Poste en zones d'injection photovoltaïque HTA;Poste en zones d'injection photovoltaïque HTA
MARA7;MARANS;46.2992698545175;-0.985656417723011;NOUVELLE-AQUITAINE;Disponible;Poste en zones de soutirage HTA;Poste en zones de soutirage HTA et HTB
MARCH;MARCHAIS;47.9100206286292;1.86374602702101;CENTRE-VAL DE LOIRE;Disponible;Poste en zones de soutirage HTA;Poste en zones de soutirage HTA et HTB
M.LIM;MARCHE LIMOUSINE;46.0905912641161;1.08216365069953;NOUVELLE-AQUITAINE;En construction (déduit selon data Capareseau);Poste pas concernée par des contraintes locales de réseau;Poste pas concernée par des contraintes locales de réseau
MARCI;MARCIGNY;46.2713727036758;4.04539588077636;BOURGOGNE-FRANCHE-COMTé;Disponible;Poste en zones d'injection photovoltaïque HTA;Poste en zones d'injection photovoltaïque HTA
MARC5;MARCILLAC;45.2152281962752;2.03758482423354;NOUVELLE-AQUITAINE;Disponible;Poste pas concernée par des contraintes locales de réseau;Poste pas concernée par des contraintes locales de réseau
MARC6;MARCILLY;47.5133437473554;5.13461302385838;BOURGOGNE-FRANCHE-COMTé;Disponible;Poste en zones de soutirage HTA;Poste en zones de soutirage HTA et HTB
MARCK;MARCKOLSHEIM;48.1536620403045;7.5878008736363;GRAND EST;Disponible;Poste en zones d'injection photovoltaïque HTA;Poste en zones d'injection photovoltaïque HTA
MARCL;MARCLAZ;46.3480940214081;6.44945581994839;AUVERGNE-RHôNE-ALPES;Disponible;Poste pas concernée par des contraintes locales de réseau;Poste pas concernée par des contraintes locales de réseau
MARCO;MARCOULE;44.1466300669422;4.7053360711716;OCCITANIE;Disponible;Poste pas concernée par des contraintes locales de réseau;Poste pas concernée par des contraintes locales de réseau
MAREN;MARENNES;45.8262802673363;-1.12294153368952;NOUVELLE-AQUITAINE;Disponible;Poste en zones de soutirage HTA;Poste en zones de soutirage HTA et HTB
MARG5;MARGATS;48.8103420272177;3.10118021752462;ÎLE-DE-FRANCE;Disponible;Poste pas concernée par des contraintes locales de réseau;Poste pas concernée par des contraintes locales de réseau
MARGA;MARGAUX;45.0433584323973;-0.684136242662187;NOUVELLE-AQUITAINE;Disponible;Poste en zones de soutirage HTA;Poste en zones de soutirage HTA et HTB
MARGE;MARGERIDE;44.7914156669191;3.28131265843605;OCCITANIE;Disponible;Poste pas concernée par des contraintes locales de réseau;Poste en zones d'injection photovoltaïque HTB
MARGU;MARGUAND (SNCF);48.6938421526208;1.85709867230381;ÎLE-DE-FRANCE;Disponible;Poste pas concernée par des contraintes locales de réseau;Poste pas concernée par des contraintes locales de réseau
MARI6;MARIE;45.0442347690394;5.01669413645924;AUVERGNE-RHôNE-ALPES;Disponible;Poste en zones d'injection photovoltaïque HTA;Poste en zones d'injection photovoltaïque HTA et HTB
M.LOU;MARIE-LOUISE;47.8307556003165;7.27279520885401;GRAND EST;Disponible;Poste en zones de soutirage HTA;Poste en zones de soutirage HTA et HTB
MARIE;MARIENAU;49.1741497209121;6.86618759352417;GRAND EST;Disponible;Poste pas concernée par des contraintes locales de réseau;Poste en zones de soutirage HTB
MARLE;MARLE;49.7509839523451;3.76735660185001;HAUTS-DE-FRANCE;Disponible;Poste pas concernée par des contraintes locales de réseau;Poste pas concernée par des contraintes locales de réseau
MARL6;MARLENHEIM;48.6118970824094;7.52636760139263;GRAND EST;Disponible;Poste pas concernée par des contraintes locales de réseau;Poste en zones de soutirage HTB
MARL8;MARLY;49.0833832089359;6.14638501688111;GRAND EST;Disponible;Poste pas concernée par des contraintes locales de réseau;Poste pas concernée par des contraintes locales de réseau
MARMA;MARMAGNE;47.1019828063227;2.26026411751319;CENTRE-VAL DE LOIRE;En construction (déduit selon data Capareseau);Poste pas concernée par des contraintes locales de réseau;Poste en zones d'injection photovoltaïque HTB
MARM5;MARMANDE;44.513700017263;0.168517622395444;NOUVELLE-AQUITAINE;Saturé;Poste en zones de soutirage HTA;Poste en zones de soutirage HTA et HTB
MARNA;MARNAVAL;48.6276618333636;4.99083263411833;GRAND EST;Disponible;Poste pas concernée par des contraintes locales de réseau;Poste pas concernée par des contraintes locales de réseau
MARN5;MARNIERE;49.0089805861242;1.40596113504276;NORMANDIE;Disponible;Poste en zones de soutirage HTA;Poste en zones de soutirage HTA et HTB
MARNI;MARNISE (LA);45.7280186497153;5.69621882034969;AUVERGNE-RHôNE-ALPES;Disponible;Poste pas concernée par des contraintes locales de réseau;Poste en zones de soutirage HTB
MAROL;MAROLLES;48.7193869353758;4.61282672017212;GRAND EST;Disponible;Poste en zones d'injection photovoltaïque HTA;Poste en zones d'injection photovoltaïque HTA et HTB
MARO2;MAROLLES 2;48.7058134624525;4.76761675017754;GRAND EST;En construction (déduit selon data Capareseau);Poste pas concernée par des contraintes locales de réseau;Poste pas concernée par des contraintes locales de réseau
MQION;MARQUION;50.215978013308;3.06951206847062;HAUTS-DE-FRANCE;Disponible;Poste pas concernée par des contraintes locales de réseau;Poste pas concernée par des contraintes locales de réseau
MQISE;MARQUISE;50.8066792099959;1.72021404778449;HAUTS-DE-FRANCE;Disponible;Poste pas concernée par des contraintes locales de réseau;Poste pas concernée par des contraintes locales de réseau
MARSA;MARSAC;45.1920540872998;0.665377091442636;NOUVELLE-AQUITAINE;Disponible;Poste en zones de soutirage HTA;Poste en zones de soutirage HTA et HTB
MARSI;MARSILLON;43.3850425076496;-0.593907658453919;NOUVELLE-AQUITAINE;Disponible;Poste pas concernée par des contraintes locales de réseau;Poste pas concernée par des contraintes locales de réseau
MRGUE;MARTIGUES;43.4095670024729;5.04717180848408;PROVENCE-ALPES-CôTE D’AZUR;Disponible;Poste pas concernée par des contraintes locales de réseau;Poste pas concernée par des contraintes locales de réseau
MRLLA;MARTILLAC;44.7221367814401;-0.52541813244843;NOUVELLE-AQUITAINE;Disponible;Poste en zones de soutirage HTA;Poste en zones de soutirage HTA et HTB
MRLOQ;MARTILOQUE;44.4973745070585;0.945613670394529;NOUVELLE-AQUITAINE;Disponible;Poste en zones d'injection photovoltaïque HTA;Poste en zones d'injection photovoltaïque HTA et HTB
M.VEY;MARTRES DE VEYRE;45.679055204273;3.20273692465606;AUVERGNE-RHôNE-ALPES;Disponible;Poste en zones de soutirage HTA;Poste en zones de soutirage HTA et HTB
MARTY;MARTYRE (LA);48.4441064440964;-4.19346953167134;BRETAGNE;Disponible;Poste pas concernée par des contraintes locales de réseau;Poste pas concernée par des contraintes locales de réseau
MARZA;MARZAN;47.5319891730107;-2.32787930983638;BRETAGNE;Disponible;Poste en zones de soutirage HTA;Poste en zones de soutirage HTA et HTB
MARZE;MARZENS;43.6690922892636;1.79644539546399;OCCITANIE;Disponible;Poste pas concernée par des contraintes locales de réseau;Poste pas concernée par des contraintes locales de réseau
M.BRU;MAS-BRUNO;42.696142771437;2.85882059476261;OCCITANIE;Disponible;Poste pas concernée par des contraintes locales de réseau;Poste pas concernée par des contraintes locales de réseau
M.GOU;MAS-DE-GOUIN;43.6249524749666;4.80581469241894;PROVENCE-ALPES-CôTE D’AZUR;Disponible;Poste en zones d'injection photovoltaïque HTA;Poste en zones d'injection photovoltaïque HTA
MASEV;MASEVAUX;47.7766762556275;6.99793408221073;GRAND EST;Disponible;Poste en zones de soutirage HTA;Poste en zones de soutirage HTA et HTB
M.NOU;MAS-NOU;42.8021721851081;2.8917445185676;OCCITANIE;Disponible;Poste en zones d'injection photovoltaïque HTA;Poste en zones d'injection photovoltaïque HTA et HTB
M.POI;MAS-POINTU;43.5947226050525;4.91988364806445;PROVENCE-ALPES-CôTE D’AZUR;Disponible;Poste pas concernée par des contraintes locales de réseau;Poste pas concernée par des contraintes locales de réseau
MASQU;MASQUET;44.6192313550878;-0.941336958709314;NOUVELLE-AQUITAINE;En construction (déduit selon data Capareseau);Poste pas concernée par des contraintes locales de réseau;Poste en zones de soutirage HTB
MASSI;MASSIAC;45.2510973651938;3.14749288157208;AUVERGNE-RHôNE-ALPES;Disponible;Poste en zones d'injection photovoltaïque HTA;Poste en zones d'injection photovoltaïque HTA et HTB
MASSY;MASSY;48.7230044706448;2.28146557366502;ÎLE-DE-FRANCE;Disponible;Poste en zones de soutirage HTA;Poste en zones de soutirage HTA et HTB
MASTA;MASTAING;50.2972905232439;3.29149916543938;HAUTS-DE-FRANCE;Disponible;Poste pas concernée par des contraintes locales de réseau;Poste pas concernée par des contraintes locales de réseau
MATEL;MATEL;46.0535484072537;4.09831079030384;AUVERGNE-RHôNE-ALPES;Disponible;Poste pas concernée par des contraintes locales de réseau;Poste pas concernée par des contraintes locales de réseau
MATHA;MATHA;45.8710519494205;-0.327154433631939;NOUVELLE-AQUITAINE;Disponible;Poste pas concernée par des contraintes locales de réseau;Poste pas concernée par des contraintes locales de réseau
MATRA;MATRAS;44.0381902418867;1.36572562864068;OCCITANIE;Disponible;Poste en zones de soutirage HTA;Poste en zones de soutirage HTA et HTB
MAUBE;MAUBEUGE;50.2632053546846;3.92893109004622;HAUTS-DE-FRANCE;Disponible;Poste pas concernée par des contraintes locales de réseau;Poste pas concernée par des contraintes locales de réseau
MAUBO;MAUBOURGUET;43.4678763014847;0.0219885142002525;OCCITANIE;Disponible;Poste en zones de soutirage HTA;Poste en zones de soutirage HTA et HTB
MAUGE;MAUGES (LES);47.2673585469633;-0.942963447529874;PAYS DE LA LOIRE;Disponible;Poste pas concernée par des contraintes locales de réseau;Poste pas concernée par des contraintes locales de réseau
MAUGU;MAUGUIO;43.6262990423111;4.00355092749254;OCCITANIE;Disponible;Poste en zones de soutirage HTA;Poste en zones de soutirage HTA et HTB
MAULE;MAULEON;46.9310855907067;-0.722550339513061;NOUVELLE-AQUITAINE;Disponible;Poste pas concernée par des contraintes locales de réseau;Poste pas concernée par des contraintes locales de réseau
MAUPA;MAUPAS (A CONTEAULT);48.9127435187122;4.80628535719265;GRAND EST;Disponible;Poste pas concernée par des contraintes locales de réseau;Poste pas concernée par des contraintes locales de réseau
MAURI;MAURIAC;45.2183798048529;2.34864144024059;AUVERGNE-RHôNE-ALPES;Disponible;Poste en zones d'injection photovoltaïque HTA;Poste en zones d'injection photovoltaïque HTA et HTB
MAURS;MAURS;44.6994747196644;2.20585289546999;AUVERGNE-RHôNE-ALPES;Disponible;Poste en zones d'injection photovoltaïque HTA;Poste en zones d'injection photovoltaïque HTA et HTB
MAUZA;MAUZAC;44.8543517015396;0.806758515427258;NOUVELLE-AQUITAINE;Disponible;Poste pas concernée par des contraintes locales de réseau;Poste pas concernée par des contraintes locales de réseau
MAYEN;MAYENNE;48.2892001935798;-0.618538339469564;PAYS DE LA LOIRE;Disponible;Poste pas concernée par des contraintes locales de réseau;Poste pas concernée par des contraintes locales de réseau
MAYET;MAYET;45.0274529227146;0.339607475349809;NOUVELLE-AQUITAINE;Disponible;Poste en zones de soutirage HTA;Poste en zones de soutirage HTA et HTB
MAZAM;MAZAMET;43.5120341288156;2.36422763157476;OCCITANIE;Disponible;Poste pas concernée par des contraintes locales de réseau;Poste pas concernée par des contraintes locales de réseau
MAZAR;MAZARGUES;43.2542210079568;5.40386163999287;PROVENCE-ALPES-CôTE D’AZUR;Disponible;Poste en zones de soutirage HTA;Poste en zones de soutirage HTA et HTB
MAZE;MAZE;47.435379622307;-0.267833039469764;PAYS DE LA LOIRE;Disponible;Poste en zones de soutirage HTA;Poste en zones de soutirage HTA et HTB
MAZIE;MAZIERES;47.0658192965545;2.3912948233493;CENTRE-VAL DE LOIRE;Disponible;Poste en zones d'injection photovoltaïque HTA;Poste en zones d'injection photovoltaïque HTA et HTB
MAZUR;MAZURES;49.9054761685914;4.62592180807862;GRAND EST;Disponible;Poste pas concernée par des contraintes locales de réseau;Poste en zones de soutirage HTB
MEDIT;MEDITERRANEE;43.5808353466166;1.47699241387818;OCCITANIE;Disponible;Poste pas concernée par des contraintes locales de réseau;Poste pas concernée par des contraintes locales de réseau
M.ATL;MEDOC ATLANTIQUE;45.2339406737939;-0.957177226706464;NOUVELLE-AQUITAINE;Disponible;Poste pas concernée par des contraintes locales de réseau;Poste pas concernée par des contraintes locales de réseau
MEDOQ;MEDOQUINE;44.8172704394843;-0.598006213369467;NOUVELLE-AQUITAINE;Disponible;Poste pas concernée par des contraintes locales de réseau;Poste pas concernée par des contraintes locales de réseau
MEDUL;MEDULLIENNE;44.8725047009086;-0.909608234294486;NOUVELLE-AQUITAINE;En construction (déduit selon data Capareseau);Poste pas concernée par des contraintes locales de réseau;Poste pas concernée par des contraintes locales de réseau
MEGEV;MEGEVE;45.8579736518982;6.61290867477025;AUVERGNE-RHôNE-ALPES;Disponible;Poste en zones de soutirage HTA;Poste en zones de soutirage HTA et HTB
MEHUN;MEHUN-SUR-YEVRE;47.1534986124957;2.19654234715858;CENTRE-VAL DE LOIRE;Disponible;Poste en zones d'injection photovoltaïque HTA;Poste en zones d'injection photovoltaïque HTA et HTB
MEINA;MEINAU;48.5594245133112;7.73543350084856;GRAND EST;Disponible;Poste pas concernée par des contraintes locales de réseau;Poste pas concernée par des contraintes locales de réseau
MELGV;MELGVEN;47.9104346499971;-3.83308950824828;BRETAGNE;Disponible;Poste en zones de soutirage HTA;Poste en zones de soutirage HTA et HTB
MELI5;MELINCOLS;46.9482455702563;5.86087725786601;BOURGOGNE-FRANCHE-COMTé;Disponible;Poste en zones de soutirage HTA;Poste en zones de soutirage HTA et HTB
MELLE;MELLE;46.2136942247538;-0.142056453464136;NOUVELLE-AQUITAINE;Disponible;Poste pas concernée par des contraintes locales de réseau;Poste pas concernée par des contraintes locales de réseau
CDCMP;MELLOIS EN POITOU;45.9494987900631;-0.0699610415448574;NOUVELLE-AQUITAINE;En construction (déduit selon data Capareseau);Poste pas concernée par des contraintes locales de réseau;Poste pas concernée par des contraintes locales de réseau
MELUN;MELUN (SNCF);48.5171246755168;2.66771076151187;ÎLE-DE-FRANCE;Disponible;Poste pas concernée par des contraintes locales de réseau;Poste pas concernée par des contraintes locales de réseau
MENDE;MENDE;44.5285374612687;3.49736014040615;OCCITANIE;Disponible;Poste en zones d'injection photovoltaïque HTA;Poste en zones d'injection photovoltaïque HTA et HTB
MENES;MENESPLET;45.0090700365602;0.128314325504692;NOUVELLE-AQUITAINE;Disponible;Poste en zones de soutirage HTA;Poste en zones de soutirage HTA et HTB
MENTO;MENTON;43.7840868335405;7.49396633402151;PROVENCE-ALPES-CôTE D’AZUR;Disponible;Poste en zones de soutirage HTA;Poste en zones de soutirage HTA et HTB
MENUS;MENUS;48.8473978963251;2.23501836952053;ÎLE-DE-FRANCE;Disponible;Poste en zones de soutirage HTA;Poste en zones de soutirage HTA et HTB
MERAN;MERANTAIS;48.7507008085768;2.06313746078573;ÎLE-DE-FRANCE;Disponible;Poste en zones de soutirage HTA;Poste en zones de soutirage HTA et HTB
MERDR;MERDRIGNAC;48.184687603322;-2.41775412288046;BRETAGNE;Disponible;Poste pas concernée par des contraintes locales de réseau;Poste pas concernée par des contraintes locales de réseau
MEREN;MERENS;42.6425026279021;1.83146512756139;OCCITANIE;Disponible;Poste pas concernée par des contraintes locales de réseau;Poste pas concernée par des contraintes locales de réseau
MERIE;MERIE;47.8301769388845;1.96915703946112;CENTRE-VAL DE LOIRE;Disponible;Poste en zones de soutirage HTA;Poste en zones de soutirage HTA et HTB
MERIG;MERIGNAC;44.8495710348768;-0.670650011786454;NOUVELLE-AQUITAINE;Disponible;Poste en zones de soutirage HTA;Poste en zones de soutirage HTA et HTB
MERLA;MERLATIERE;46.7762152853691;-1.3299202794641;PAYS DE LA LOIRE;En construction (déduit selon data Capareseau);Poste pas concernée par des contraintes locales de réseau;Poste en zones de soutirage HTB
MERMO;MERMOZ;45.7378779716518;4.87089220523349;AUVERGNE-RHôNE-ALPES;Disponible;Poste pas concernée par des contraintes locales de réseau;Poste pas concernée par des contraintes locales de réseau
MERON;MERON;47.1146210771929;-0.121269228563961;PAYS DE LA LOIRE;Disponible;Poste pas concernée par des contraintes locales de réseau;Poste pas concernée par des contraintes locales de réseau
M.SEI;MERY-SUR-SEINE;48.5198213344197;3.91834981628767;GRAND EST;Disponible;Poste pas concernée par des contraintes locales de réseau;Poste pas concernée par des contraintes locales de réseau
MESLA;MESLAY;47.9430853987595;-0.549489629198366;PAYS DE LA LOIRE;Disponible;Poste en zones de soutirage HTA;Poste en zones de soutirage HTA et HTB
MESNI;MESNIL;49.0721484957517;-1.02746364842594;NORMANDIE;Disponible;Poste en zones de soutirage HTA;Poste en zones de soutirage HTA et HTB
MESSA;MESSAC;47.8295561792658;-1.78671474591578;BRETAGNE;Disponible;Poste en zones d'injection photovoltaïque HTA;Poste en zones d'injection photovoltaïque HTA et HTB
MESSI;MESSIMY;45.6976579547746;4.67437490508235;AUVERGNE-RHôNE-ALPES;Disponible;Poste en zones de soutirage HTA;Poste en zones de soutirage HTA et HTB
METZ6;METZANGE (USINOR);49.3614687560965;6.10042906831718;GRAND EST;Disponible;Poste en zones de soutirage HTA;Poste en zones de soutirage HTA et HTB
MEUNI;MEUNIERES(LES);45.922359024154;4.87172435693938;AUVERGNE-RHôNE-ALPES;Disponible;Poste pas concernée par des contraintes locales de réseau;Poste pas concernée par des contraintes locales de réseau
MEXIM;MEXIMIEUX;45.9066673290516;5.21499788802285;AUVERGNE-RHôNE-ALPES;Disponible;Poste en zones de soutirage HTA;Poste en zones de soutirage HTA et HTB
MEXY;MEXY;49.5037485384624;5.76849667778192;GRAND EST;Disponible;Poste pas concernée par des contraintes locales de réseau;Poste pas concernée par des contraintes locales de réseau
MEYLA;MEYLAN;45.2061416408623;5.78773139949667;AUVERGNE-RHôNE-ALPES;Disponible;Poste en zones de soutirage HTA;Poste en zones de soutirage HTA et HTB
MEYME;MEYMES;44.5024633751147;1.17428411359708;OCCITANIE;Disponible;Poste en zones d'injection photovoltaïque HTA;Poste en zones d'injection photovoltaïque HTA et HTB
MEYRA;MEYRARGUES;43.6435793027966;5.51367896730816;PROVENCE-ALPES-CôTE D’AZUR;Disponible;Poste pas concernée par des contraintes locales de réseau;Poste pas concernée par des contraintes locales de réseau
MEYSS;MEYSSE;44.6133309359151;4.72994086384176;AUVERGNE-RHôNE-ALPES;Disponible;Poste pas concernée par des contraintes locales de réseau;Poste pas concernée par des contraintes locales de réseau
MEYTH;MEYTHET;45.9175037057769;6.10178716056161;AUVERGNE-RHôNE-ALPES;Disponible;Poste pas concernée par des contraintes locales de réseau;Poste pas concernée par des contraintes locales de réseau
MEYZI;MEYZIEU;45.7616677328478;5.02670322347256;AUVERGNE-RHôNE-ALPES;Disponible;Poste en zones de soutirage HTA;Poste en zones de soutirage HTA et HTB
MEZEA;MEZEAUX;46.5271095160287;0.304833487235586;NOUVELLE-AQUITAINE;Disponible;Poste pas concernée par des contraintes locales de réseau;Poste pas concernée par des contraintes locales de réseau
MEZEL;MEZEL;45.7454227489471;3.23663017318119;AUVERGNE-RHôNE-ALPES;Disponible;Poste en zones de soutirage HTA;Poste en zones de soutirage HTA et HTB
MEZE5;MEZEROLLES;48.9333968926391;1.74302540761017;ÎLE-DE-FRANCE;Disponible;Poste pas concernée par des contraintes locales de réseau;Poste en zones de soutirage HTB
MEZIN;MEZIN;44.054616426095;0.270267260513335;NOUVELLE-AQUITAINE;Saturé;Poste pas concernée par des contraintes locales de réseau;Poste pas concernée par des contraintes locales de réseau
MIDOU;MIDOUR;43.7555163446459;-0.0263694442781965;OCCITANIE;Disponible;Poste pas concernée par des contraintes locales de réseau;Poste pas concernée par des contraintes locales de réseau
MIEGE;MIEGEBAT;42.9327569752048;-0.444156415859004;NOUVELLE-AQUITAINE;Disponible;Poste pas concernée par des contraintes locales de réseau;Poste pas concernée par des contraintes locales de réseau
MIGEN;MIGENNES;47.9595508622981;3.54436255238685;BOURGOGNE-FRANCHE-COMTé;Disponible;Poste en zones de soutirage HTA;Poste en zones de soutirage HTA et HTB
MIGNA;MIGNALOUX;46.5517179332007;0.400752747408975;NOUVELLE-AQUITAINE;Disponible;Poste pas concernée par des contraintes locales de réseau;Poste pas concernée par des contraintes locales de réseau
MILLA;MILLAU;44.0931095610021;3.07049626299606;OCCITANIE;Disponible;Poste en zones d'injection photovoltaïque HTA;Poste en zones d'injection photovoltaïque HTA et HTB
MILL5;MILLERY;45.6485002081396;4.77136505708103;AUVERGNE-RHôNE-ALPES;Disponible;Poste en zones de soutirage HTA;Poste en zones de soutirage HTA et HTB
MILLE;MILLERY;48.8067865918597;6.11953163806429;GRAND EST;Disponible;Poste pas concernée par des contraintes locales de réseau;Poste pas concernée par des contraintes locales de réseau
MIMIZ;MIMIZAN;44.1945269827782;-1.22930100140659;NOUVELLE-AQUITAINE;Disponible;Poste en zones d'injection photovoltaïque HTA;Poste en zones d'injection photovoltaïque HTA et HTB
MINIH;MINIHY;48.7661442260871;-3.24942070937073;BRETAGNE;Disponible;Poste pas concernée par des contraintes locales de réseau;Poste pas concernée par des contraintes locales de réseau
MINIM;MINIMES;46.1481990270919;-1.15101767911792;NOUVELLE-AQUITAINE;Disponible;Poste en zones de soutirage HTA;Poste en zones de soutirage HTA et HTB
MIOLL;MIOLLES;43.8802866073468;2.55463335756153;OCCITANIE;Disponible;Poste pas concernée par des contraintes locales de réseau;Poste pas concernée par des contraintes locales de réseau
MIONN;MIONNAY;45.8817124776289;4.90223495017662;AUVERGNE-RHôNE-ALPES;Disponible;Poste pas concernée par des contraintes locales de réseau;Poste pas concernée par des contraintes locales de réseau
MIONS;MIONS;45.6741748010378;4.97524220393933;AUVERGNE-RHôNE-ALPES;Disponible;Poste en zones de soutirage HTA;Poste en zones de soutirage HTA et HTB
MIRAM;MIRAMAS;43.5792320659382;5.01338045041478;PROVENCE-ALPES-CôTE D’AZUR;Disponible;Poste en zones d'injection photovoltaïque HTA;Poste en zones d'injection photovoltaïque HTA et HTB
M.SEN;MIRAMONT-SENSACQ;43.5929014184361;-0.306119726008689;NOUVELLE-AQUITAINE;Disponible;Poste en zones d'injection photovoltaïque HTA;Poste en zones d'injection photovoltaïque HTA et en zone soutirage HTB
MIRAN;MIRANDE;43.5206034145336;0.41854766576134;OCCITANIE;Disponible;Poste en zones d'injection photovoltaïque HTA;Poste en zones d'injection photovoltaïque HTA et HTB
MIREB;MIREBEAU;46.7774622045878;0.187819958606796;NOUVELLE-AQUITAINE;Disponible;Poste pas concernée par des contraintes locales de réseau;Poste pas concernée par des contraintes locales de réseau
MIREC;MIRECOURT;48.3028067884802;6.14625152495453;GRAND EST;Disponible;Poste pas concernée par des contraintes locales de réseau;Poste pas concernée par des contraintes locales de réseau
MIREP;MIREPOIX;43.0897085913594;1.8606537856877;OCCITANIE;Disponible;Poste en zones d'injection photovoltaïque HTA;Poste en zones d'injection photovoltaïque HTA et HTB
MIRIB;MIRIBEL;45.827695531176;4.97045507414713;AUVERGNE-RHôNE-ALPES;Disponible;Poste en zones de soutirage HTA;Poste en zones de soutirage HTA et HTB
MIST5;MISTROU;44.5190409925797;2.7845225222254;OCCITANIE;Disponible;Poste pas concernée par des contraintes locales de réseau;Poste pas concernée par des contraintes locales de réseau
M.MOR;MITRY-MORY;48.9668879757417;2.63101913876346;ÎLE-DE-FRANCE;Disponible;Poste en zones de soutirage HTA;Poste en zones de soutirage HTA et HTB
M.MO5;MITRY-MORY (SNCF);48.9665248452829;2.62990450647542;ÎLE-DE-FRANCE;Disponible;Poste pas concernée par des contraintes locales de réseau;Poste pas concernée par des contraintes locales de réseau
MOFFL;MOFFLAINES;50.2930706411145;2.81549140958646;HAUTS-DE-FRANCE;Disponible;Poste pas concernée par des contraintes locales de réseau;Poste pas concernée par des contraintes locales de réseau
MOHET;MOHET;49.9109842695517;2.91467300328553;HAUTS-DE-FRANCE;Disponible;Poste pas concernée par des contraintes locales de réseau;Poste pas concernée par des contraintes locales de réseau
MOHON;MOHON;49.7527848339924;4.73656442432757;GRAND EST;Disponible;Poste en zones de soutirage HTA;Poste en zones de soutirage HTA et HTB
MOIMO;MOIMONT;49.0912158048286;2.52861939687349;ÎLE-DE-FRANCE;Disponible;Poste en zones de soutirage HTA;Poste en zones de soutirage HTA et HTB
MOING;MOINGT;45.5962326468215;4.08005855044712;AUVERGNE-RHôNE-ALPES;Disponible;Poste en zones de soutirage HTA;Poste en zones de soutirage HTA et HTB
MOIRA;MOIRANS;45.3286045201663;5.55290326651855;AUVERGNE-RHôNE-ALPES;Disponible;Poste en zones de soutirage HTA;Poste en zones de soutirage HTA et HTB
MOISE;MOISENAY;48.5694319737142;2.75139052521366;ÎLE-DE-FRANCE;Disponible;Poste pas concernée par des contraintes locales de réseau;Poste pas concernée par des contraintes locales de réseau
MOISS;MOISSAC;44.1018697703742;1.07363394478857;OCCITANIE;Disponible;Poste pas concernée par des contraintes locales de réseau;Poste pas concernée par des contraintes locales de réseau
MOISY;MOISY;47.9035729487631;1.30813638007287;CENTRE-VAL DE LOIRE;Disponible;Poste en zones d'injection photovoltaïque HTA;Poste en zones d'injection photovoltaïque HTA et en zone soutirage HTB
MOLIE;MOLIERE;47.8809128450134;-0.337085267652065;PAYS DE LA LOIRE;Disponible;Poste pas concernée par des contraintes locales de réseau;Poste en zones de soutirage HTB
MOLIN;MOLINONS;48.224660478677;3.53126566383657;BOURGOGNE-FRANCHE-COMTé;Disponible;Poste en zones de soutirage HTA;Poste en zones de soutirage HTA et HTB
MOLLE;MOLLEPIERRE;46.9025163344842;4.75075526042767;BOURGOGNE-FRANCHE-COMTé;Disponible;Poste en zones de soutirage HTA;Poste en zones de soutirage HTA et HTB
MOLSH;MOLSHEIM;48.5323635769105;7.48899128197364;GRAND EST;Disponible;Poste pas concernée par des contraintes locales de réseau;Poste pas concernée par des contraintes locales de réseau
M.VIR;MONCEAUX-LA-VIROLE;45.5756297473577;1.83968944682211;NOUVELLE-AQUITAINE;Disponible;Poste en zones d'injection photovoltaïque HTA;Poste en zones d'injection photovoltaïque HTA et HTB
MONCO;MONCOUTANT;46.7425264798045;-0.596270077043123;NOUVELLE-AQUITAINE;Disponible;Poste pas concernée par des contraintes locales de réseau;Poste pas concernée par des contraintes locales de réseau
MOND5;MONDELANGE;49.2618259817318;6.17601499370911;GRAND EST;Disponible;Poste en zones de soutirage HTA;Poste en zones de soutirage HTA et HTB
MONDO;MONDOUBLEAU;47.9856978062493;0.908311765562567;CENTRE-VAL DE LOIRE;Disponible;Poste pas concernée par des contraintes locales de réseau;Poste pas concernée par des contraintes locales de réseau
MONDR;MONDRAGON;44.2302565190113;4.71296959048624;PROVENCE-ALPES-CôTE D’AZUR;Disponible;Poste pas concernée par des contraintes locales de réseau;Poste pas concernée par des contraintes locales de réseau
M.ALL;MONISTROL-D ALLIER;44.968028895496;3.64530648280195;AUVERGNE-RHôNE-ALPES;Disponible;Poste pas concernée par des contraintes locales de réseau;Poste pas concernée par des contraintes locales de réseau
MONLO;MONLOO;43.0739723082308;0.155573794320901;OCCITANIE;Disponible;Poste pas concernée par des contraintes locales de réseau;Poste pas concernée par des contraintes locales de réseau
MONNA;MONNAIE;47.5241585357039;0.781962772080466;CENTRE-VAL DE LOIRE;Disponible;Poste en zones de soutirage HTA;Poste en zones de soutirage HTA et HTB
M.PIN;Mont Pinson;49.4533274278113;4.43557366979002;GRAND EST;Disponible;Poste pas concernée par des contraintes locales de réseau;Poste pas concernée par des contraintes locales de réseau
M.HLA;Montagnes du Haut-Languedoc;43.6268174494339;2.82186898535892;OCCITANIE;En construction (déduit selon data Capareseau);Poste pas concernée par des contraintes locales de réseau;Poste pas concernée par des contraintes locales de réseau
MTAG5;MONTAGNETTE;43.8301381817692;4.73992581426224;PROVENCE-ALPES-CôTE D’AZUR;Disponible;Poste pas concernée par des contraintes locales de réseau;Poste pas concernée par des contraintes locales de réseau
MTAGN;MONTAGNY (LES BEAUNE);47.0012312581212;4.84535499350392;BOURGOGNE-FRANCHE-COMTé;Disponible;Poste en zones de soutirage HTA;Poste en zones de soutirage HTA et HTB
M.LAN;MONTAGNY-LES-LANCHES;45.8653364113327;6.05689992724156;AUVERGNE-RHôNE-ALPES;Disponible;Poste pas concernée par des contraintes locales de réseau;Poste pas concernée par des contraintes locales de réseau
MTAHU;MONTAHUT;43.5702124056878;2.94023638499123;OCCITANIE;Disponible;Poste pas concernée par des contraintes locales de réseau;Poste pas concernée par des contraintes locales de réseau
M.BL6;MONTAIGUT-LE-BLANC;45.573771021918;3.08739636840818;AUVERGNE-RHôNE-ALPES;Disponible;Poste en zones de soutirage HTA;Poste en zones de soutirage HTA et HTB
MTALI;MONTALIEU;45.8073617340102;5.40244719816897;AUVERGNE-RHôNE-ALPES;Disponible;Poste en zones de soutirage HTA;Poste en zones de soutirage HTA et HTB
MTAUB;MONTAUBAN;44.0079412558874;1.34163993186405;OCCITANIE;Disponible;Poste en zones de soutirage HTA;Poste en zones de soutirage HTA et HTB
MTAU5;MONTAUBAN SNCF;43.9846995873117;1.32136400994219;OCCITANIE;Disponible;Poste pas concernée par des contraintes locales de réseau;Poste pas concernée par des contraintes locales de réseau
MTBAR;MONTBARD;47.6204210779605;4.3227666109096;BOURGOGNE-FRANCHE-COMTé;Disponible;Poste en zones d'injection photovoltaïque HTA;Poste en zones d'injection photovoltaïque HTA et HTB
MTBOU;MONTBOUCONS;47.2565866979994;5.99552671422982;BOURGOGNE-FRANCHE-COMTé;Disponible;Poste en zones de soutirage HTA;Poste en zones de soutirage HTA et HTB
MTBRO;MONTBRON;45.6735803715817;0.492928244542954;NOUVELLE-AQUITAINE;Disponible;Poste pas concernée par des contraintes locales de réseau;Poste pas concernée par des contraintes locales de réseau
MTBRU;MONTBRUN;43.5044085032327;-1.49576792763237;NOUVELLE-AQUITAINE;Disponible;Poste en zones de soutirage HTA;Poste en zones de soutirage HTA et HTB
MTCRO;MONTCROISETTE;50.449967607111;2.80311191837485;HAUTS-DE-FRANCE;Disponible;Poste en zones de soutirage HTA;Poste en zones de soutirage HTA et HTB
MTDAU;MONTDAUPHIN;44.657923664938;6.61580709510502;PROVENCE-ALPES-CôTE D’AZUR;Disponible;Poste en zones d'injection photovoltaïque HTA;Poste en zones d'injection photovoltaïque HTA et HTB
M.MAR;MONT-DE-MARSAN;43.8846570483625;-0.491358001342674;NOUVELLE-AQUITAINE;Disponible;Poste pas concernée par des contraintes locales de réseau;Poste pas concernée par des contraintes locales de réseau
MTELI;MONTELIMAR;44.561790084243;4.73957528528933;AUVERGNE-RHôNE-ALPES;Disponible;Poste pas concernée par des contraintes locales de réseau;Poste pas concernée par des contraintes locales de réseau
MTEND;MONTENDRE;45.2947131828088;-0.394543124822361;NOUVELLE-AQUITAINE;Disponible;Poste en zones de soutirage HTA;Poste en zones de soutirage HTA et HTB
MTFO5;MONTFORT;48.1484837850351;-1.94767050397237;BRETAGNE;Disponible;Poste en zones de soutirage HTA;Poste en zones de soutirage HTA et HTB
MTFOR;MONTFORT-L'AMAURY;48.7825109203265;1.81007615726049;ÎLE-DE-FRANCE;Disponible;Poste en zones de soutirage HTA;Poste en zones de soutirage HTA et HTB
MTGRO;MONTGROS;44.7985017378861;3.72204518346403;OCCITANIE;En construction (déduit selon data Capareseau);Poste pas concernée par des contraintes locales de réseau;Poste en zones d'injection photovoltaïque HTB
MTGUY;MONTGUYON;45.2027617952262;-0.217761350402997;NOUVELLE-AQUITAINE;Disponible;Poste en zones d'injection photovoltaïque HTA;Poste en zones d'injection photovoltaïque HTA et en zone soutirage HTB
MTIGN;MONTIGNAC;45.062042787637;1.1902699336042;NOUVELLE-AQUITAINE;Disponible;Poste pas concernée par des contraintes locales de réseau;Poste pas concernée par des contraintes locales de réseau
M.ROI;MONTIGNY-LE-ROI;47.9976457087468;5.48555509590931;GRAND EST;Disponible;Poste pas concernée par des contraintes locales de réseau;Poste pas concernée par des contraintes locales de réseau
MTIVI;MONTIVILLIERS;49.5378215950991;0.20560696535301;NORMANDIE;Disponible;Poste pas concernée par des contraintes locales de réseau;Poste pas concernée par des contraintes locales de réseau
MTJAY;MONTJAY;48.677746529411;2.17311878492233;ÎLE-DE-FRANCE;Disponible;Poste en zones de soutirage HTA;Poste en zones de soutirage HTA et HTB
MTJOY;MONTJOYER;44.4761106110743;4.86425497918226;AUVERGNE-RHôNE-ALPES;Disponible;Poste pas concernée par des contraintes locales de réseau;Poste pas concernée par des contraintes locales de réseau
M.LAR;MONT-LARRON;45.8195824195923;1.71401441927602;NOUVELLE-AQUITAINE;Disponible;Poste en zones d'injection photovoltaïque HTA;Poste en zones d'injection photovoltaïque HTA et HTB
MTLU5;MONTLUC;47.2754853303197;-1.72866649047012;PAYS DE LA LOIRE;Disponible;Poste pas concernée par des contraintes locales de réseau;Poste pas concernée par des contraintes locales de réseau
MTLUC;MONTLUCON;46.3203745695482;2.60468304996466;AUVERGNE-RHôNE-ALPES;Disponible;Poste en zones d'injection photovoltaïque HTA;Poste en zones d'injection photovoltaïque HTA et HTB
MTLUE;MONTLUEL;45.8488655257625;5.08746067684677;AUVERGNE-RHôNE-ALPES;Disponible;Poste pas concernée par des contraintes locales de réseau;Poste pas concernée par des contraintes locales de réseau
MTMAR;MONTMARTEL;44.3939451653447;4.9773067386392;PROVENCE-ALPES-CôTE D’AZUR;Disponible;Poste pas concernée par des contraintes locales de réseau;Poste pas concernée par des contraintes locales de réseau
MTMEL;MONTMELIAN;45.5046848666617;6.03944775628032;AUVERGNE-RHôNE-ALPES;Disponible;Poste pas concernée par des contraintes locales de réseau;Poste pas concernée par des contraintes locales de réseau
MTMIR;MONTMIRAIL;48.8709987734993;3.55414059891338;GRAND EST;Disponible;Poste pas concernée par des contraintes locales de réseau;Poste pas concernée par des contraintes locales de réseau
MTMI2;MONTMIRAIL BIS;48.8800836760186;3.56053815512572;GRAND EST;Disponible;Poste pas concernée par des contraintes locales de réseau;Poste pas concernée par des contraintes locales de réseau
MTMOR;MONTMORILLON;46.4328248594476;0.878275195225237;NOUVELLE-AQUITAINE;Disponible;Poste en zones d'injection photovoltaïque HTA;Poste en zones d'injection photovoltaïque HTA et HTB
MTOIS;MONTOIS;49.2132279819804;6.01097829694644;GRAND EST;Disponible;Poste en zones de soutirage HTA;Poste en zones de soutirage HTA et HTB
MTPEL;MONTPELLIER;43.5910484038335;3.8395962098381;OCCITANIE;Disponible;Poste en zones de soutirage HTA;Poste en zones de soutirage HTA et HTB
MTPE5;MONTPEZAT;44.2714631075562;1.5046378453716;OCCITANIE;Disponible;Poste pas concernée par des contraintes locales de réseau;Poste en zones de soutirage HTB
MTPEZ;MONTPEZAT;44.7027841429712;4.22950995449248;AUVERGNE-RHôNE-ALPES;Disponible;Poste pas concernée par des contraintes locales de réseau;Poste pas concernée par des contraintes locales de réseau
MTREA;MONTREAL;43.9544343638613;0.198658613224313;OCCITANIE;Disponible;Poste pas concernée par des contraintes locales de réseau;Poste pas concernée par des contraintes locales de réseau
MTREU;MONTREUIL-SUR-LOIR;47.5764128994429;-0.392236275151215;PAYS DE LA LOIRE;Disponible;Poste en zones de soutirage HTA;Poste en zones de soutirage HTA et HTB
MTREV;MONTREVEL;46.3318853057228;5.12083312250532;AUVERGNE-RHôNE-ALPES;Disponible;Poste en zones de soutirage HTA;Poste en zones de soutirage HTA et HTB
MTRI5;MONTRICHARD;47.3445550234128;1.15133508833172;CENTRE-VAL DE LOIRE;Disponible;Poste en zones de soutirage HTA;Poste en zones de soutirage HTA et HTB
MTRON;MONTROND;45.6386983828428;4.24733506689056;AUVERGNE-RHôNE-ALPES;Disponible;Poste en zones de soutirage HTA;Poste en zones de soutirage HTA et HTB
MTVER;MONTVERDUN;45.7146658504948;4.05920730142729;AUVERGNE-RHôNE-ALPES;Disponible;Poste en zones de soutirage HTA;Poste en zones de soutirage HTA et HTB
MTVIC;MONTVICQ;46.3059312258465;2.82102482112879;AUVERGNE-RHôNE-ALPES;Disponible;Poste pas concernée par des contraintes locales de réseau;Poste en zones d'injection photovoltaïque HTB
MORBR;MORBRAS;48.7792779250412;2.64619952826138;ÎLE-DE-FRANCE;Disponible;Poste pas concernée par des contraintes locales de réseau;Poste en zones de soutirage HTB
MORB5;MORBRAS(POSTESOURCE);48.7784979207827;2.65163001708022;ÎLE-DE-FRANCE;Disponible;Poste en zones de soutirage HTA;Poste en zones de soutirage HTA et HTB
MORCH;MORCHIES;50.1201969887948;2.96403204757189;HAUTS-DE-FRANCE;Disponible;Poste pas concernée par des contraintes locales de réseau;Poste pas concernée par des contraintes locales de réseau
MOREA;MOREAU;43.2113011228699;2.39032648423826;OCCITANIE;Disponible;Poste pas concernée par des contraintes locales de réseau;Poste pas concernée par des contraintes locales de réseau
MORES;MORESTEL;45.6934562491843;5.48077279254753;AUVERGNE-RHôNE-ALPES;Disponible;Poste pas concernée par des contraintes locales de réseau;Poste pas concernée par des contraintes locales de réseau
MOREZ;MOREZ;46.5016355793063;6.02735226498882;BOURGOGNE-FRANCHE-COMTé;Disponible;Poste pas concernée par des contraintes locales de réseau;Poste pas concernée par des contraintes locales de réseau
MORIG;MORIGNY;48.4332085405913;2.18291946446427;ÎLE-DE-FRANCE;Disponible;Poste en zones de soutirage HTA;Poste en zones de soutirage HTA et HTB
MORIH;MORIHAN;47.9394380164135;-1.6405652677285;BRETAGNE;Disponible;Poste en zones de soutirage HTA;Poste en zones de soutirage HTA et HTB
MORIN;MORINANT;46.1903118998859;-1.36130635512939;NOUVELLE-AQUITAINE;Disponible;Poste en zones de soutirage HTA;Poste en zones de soutirage HTA et HTB
MORLA;MORLAIX;48.5892563970288;-3.84102381942413;BRETAGNE;Disponible;Poste pas concernée par des contraintes locales de réseau;Poste pas concernée par des contraintes locales de réseau
MORTA;MORTAIN;48.6633427030489;-0.974813534932732;NORMANDIE;Disponible;Poste pas concernée par des contraintes locales de réseau;Poste pas concernée par des contraintes locales de réseau
MORU;MORU;49.3111082519661;2.67461629640945;HAUTS-DE-FRANCE;Disponible;Poste en zones de soutirage HTA;Poste en zones de soutirage HTA et HTB
MORVE;MORVENT;49.0163206583865;1.56689044185968;ÎLE-DE-FRANCE;Disponible;Poste en zones de soutirage HTA;Poste en zones de soutirage HTA et HTB
MORZI;MORZINE;46.1901917773195;6.69311968094736;AUVERGNE-RHôNE-ALPES;Disponible;Poste en zones de soutirage HTA;Poste en zones de soutirage HTA et HTB
M.ACH;MOTHE ACHARD;46.6264230704743;-1.65169664217649;PAYS DE LA LOIRE;Disponible;Poste en zones de soutirage HTA;Poste en zones de soutirage HTA et HTB
MOTTA;MOTTARET;45.3757327131144;6.57258256418796;AUVERGNE-RHôNE-ALPES;En construction (déduit selon data Capareseau);Poste en zones de soutirage HTA;Poste en zones de soutirage HTA et HTB
MOTZ;MOTZ;45.9329813574433;5.84289072832572;AUVERGNE-RHôNE-ALPES;Disponible;Poste pas concernée par des contraintes locales de réseau;Poste pas concernée par des contraintes locales de réseau
MOUCH;MOUCHE (LA);45.7202235118593;4.84438425752586;AUVERGNE-RHôNE-ALPES;Disponible;Poste en zones de soutirage HTA;Poste en zones de soutirage HTA et HTB
MOUGI;MOUGINS;43.5840259161422;7.00781431697583;PROVENCE-ALPES-CôTE D’AZUR;Disponible;Poste en zones de soutirage HTA;Poste en zones de soutirage HTA et HTB
MOUGU;MOUGUERRE;43.4892295390758;-1.44266066900096;NOUVELLE-AQUITAINE;Disponible;Poste en zones de soutirage HTA;Poste en zones de soutirage HTA et HTB
MOUIS;MOUISSONNES;43.9217324344343;5.0221772119158;PROVENCE-ALPES-CôTE D’AZUR;Disponible;Poste pas concernée par des contraintes locales de réseau;Poste pas concernée par des contraintes locales de réseau
MOULA;MOULAINE;49.4843532532429;5.79384715178577;GRAND EST;Disponible;Poste pas concernée par des contraintes locales de réseau;Poste pas concernée par des contraintes locales de réseau
MOUL8;MOULINEAUX;48.8263511998445;2.26860465986395;ÎLE-DE-FRANCE;Disponible;Poste en zones de soutirage HTA;Poste en zones de soutirage HTA et HTB
MOUL5;MOULINOTTE;44.9320376794205;-0.460604366557472;NOUVELLE-AQUITAINE;Disponible;Poste pas concernée par des contraintes locales de réseau;Poste pas concernée par des contraintes locales de réseau
MOU.E;MOULINS-EST;46.5343702999861;3.38107404971581;AUVERGNE-RHôNE-ALPES;En construction (déduit selon data Capareseau);Poste pas concernée par des contraintes locales de réseau;Poste pas concernée par des contraintes locales de réseau
M.LIL;MOULINS-LILLE;50.6207278104152;3.06549428588213;HAUTS-DE-FRANCE;Disponible;Poste en zones de soutirage HTA;Poste en zones de soutirage HTA et HTB
MOUNE;MOUNEDE;43.56670616654;1.38086524918056;OCCITANIE;Disponible;Poste en zones de soutirage HTA;Poste en zones de soutirage HTA et HTB
MOUS6;MOUSSAC;43.983373154284;4.23538327559372;OCCITANIE;Disponible;Poste en zones de soutirage HTA;Poste en zones de soutirage HTA et HTB
MOUS5;MOUSSEAUX;46.8118079455296;1.72621267967268;CENTRE-VAL DE LOIRE;Disponible;Poste en zones d'injection photovoltaïque HTA;Poste en zones d'injection photovoltaïque HTA et HTB
MOUSS;MOUSSEROLLES;43.4842789292141;-1.46958061963779;NOUVELLE-AQUITAINE;Disponible;Poste pas concernée par des contraintes locales de réseau;Poste en zones de soutirage HTB
MOUTH;MOUTHIER;47.029168476874;6.28522007361928;BOURGOGNE-FRANCHE-COMTé;Disponible;Poste pas concernée par des contraintes locales de réseau;Poste pas concernée par des contraintes locales de réseau
MOUT5;MOUTHIERS;45.552255758709;0.122913959707045;NOUVELLE-AQUITAINE;Disponible;Poste pas concernée par des contraintes locales de réseau;Poste pas concernée par des contraintes locales de réseau
MOUTI;MOUTIERS;45.4820826921774;6.53572148557297;AUVERGNE-RHôNE-ALPES;Disponible;Poste en zones de soutirage HTA;Poste en zones de soutirage HTA et HTB
MOUX;MOUX;46.2765298841961;5.55396379127201;AUVERGNE-RHôNE-ALPES;Disponible;Poste pas concernée par des contraintes locales de réseau;Poste pas concernée par des contraintes locales de réseau
MOUZE;MOUZEUIL;46.4666342329675;-0.976798775441789;PAYS DE LA LOIRE;Disponible;Poste en zones de soutirage HTA;Poste en zones de soutirage HTA et HTB
M.MA5;MT-SAINT-MARTIN;49.5412640620625;5.76010346777402;GRAND EST;Disponible;Poste pas concernée par des contraintes locales de réseau;Poste pas concernée par des contraintes locales de réseau
MUETT;MUETTE;48.8562644570608;2.27231718045071;ÎLE-DE-FRANCE;Disponible;Poste en zones de soutirage HTA;Poste en zones de soutirage HTA et HTB
MULHO;MULHOUSE;47.7493217847206;7.3524243186841;GRAND EST;Disponible;Poste en zones de soutirage HTA;Poste en zones de soutirage HTA et HTB
MUNST;MUNSTER;48.036751822074;7.13042892448169;GRAND EST;Disponible;Poste en zones de soutirage HTA;Poste en zones de soutirage HTA et HTB
MUR;MUR-DE-BRETAGNE;48.1980503955229;-3.00503277956663;BRETAGNE;Disponible;Poste pas concernée par des contraintes locales de réseau;Poste pas concernée par des contraintes locales de réseau
MUREA;MUREAUX (LES);48.9924692446214;1.89502339779637;ÎLE-DE-FRANCE;Disponible;Poste en zones de soutirage HTA;Poste en zones de soutirage HTA et HTB
MUREM;MUREMONT;48.4425677064535;5.58988966000266;GRAND EST;Disponible;Poste pas concernée par des contraintes locales de réseau;Poste pas concernée par des contraintes locales de réseau
MURET;MURET;43.4479510798964;1.34126434353395;OCCITANIE;Disponible;Poste en zones de soutirage HTA;Poste en zones de soutirage HTA et HTB
MURIG;MURIGNY;49.2165688193065;4.01752655953387;GRAND EST;Disponible;Poste pas concernée par des contraintes locales de réseau;Poste pas concernée par des contraintes locales de réseau
MYANS;MYANS;45.51469;6.000049;AUVERGNE-RHôNE-ALPES;Disponible;Poste pas concernée par des contraintes locales de réseau;Poste pas concernée par des contraintes locales de réseau
NAINT;NAINTRE;46.7797501864978;0.528071656917414;NOUVELLE-AQUITAINE;Disponible;Poste pas concernée par des contraintes locales de réseau;Poste en zones d'injection photovoltaïque HTB
NANGI;NANGIS;48.5694263426819;3.00080308394782;ÎLE-DE-FRANCE;Disponible;Poste en zones de soutirage HTA;Poste en zones de soutirage HTA et HTB
NANTE;NANTERRE;48.9089646871648;2.20495588046242;ÎLE-DE-FRANCE;Disponible;Poste en zones de soutirage HTA;Poste en zones de soutirage HTA et HTB
NANT5;NANTET;45.6621027041256;6.42344176976626;AUVERGNE-RHôNE-ALPES;Disponible;Poste pas concernée par des contraintes locales de réseau;Poste pas concernée par des contraintes locales de réseau
NAOUT;NAOUTOT;43.8630253287052;-0.515301190122151;NOUVELLE-AQUITAINE;Disponible;Poste en zones d'injection photovoltaïque HTA;Poste en zones d'injection photovoltaïque HTA
NARBE;NARBEFONTAINE;49.1369176241867;6.54678009769284;GRAND EST;Disponible;Poste pas concernée par des contraintes locales de réseau;Poste pas concernée par des contraintes locales de réseau
NATI3;NATIONIII;48.853695026909;2.39649361272033;ÎLE-DE-FRANCE;Disponible;Poste en zones de soutirage HTA;Poste en zones de soutirage HTA et HTB
NAVA5;NAVAROSSE;44.4141097087755;-1.15297035038914;NOUVELLE-AQUITAINE;Disponible;Poste pas concernée par des contraintes locales de réseau;Poste pas concernée par des contraintes locales de réseau
NAVES;NAVES;45.3419407952439;1.74586709029367;NOUVELLE-AQUITAINE;Saturé;Poste pas concernée par des contraintes locales de réseau;Poste pas concernée par des contraintes locales de réseau
NEGR5;NEGREPELISSE;44.0658182666705;1.54407316412889;OCCITANIE;Disponible;Poste en zones de soutirage HTA;Poste en zones de soutirage HTA et HTB
NEMOU;NEMOURS;48.235070296651;2.68793873289582;ÎLE-DE-FRANCE;Disponible;Poste en zones de soutirage HTA;Poste en zones de soutirage HTA et HTB
NENEZ;NENEZ;48.5582755653215;-3.38318067894975;BRETAGNE;Disponible;Poste pas concernée par des contraintes locales de réseau;Poste pas concernée par des contraintes locales de réseau
NENTI;NENTILLA;42.7717002479919;2.21285889298329;OCCITANIE;Disponible;Poste pas concernée par des contraintes locales de réseau;Poste pas concernée par des contraintes locales de réseau
NEOUL;NEOULES;43.2772655880562;6.0217538263215;PROVENCE-ALPES-CôTE D’AZUR;Disponible;Poste pas concernée par des contraintes locales de réseau;Poste en zones de soutirage HTB
NEPEL;NEPELLIER;49.486220963326;4.29873222167488;GRAND EST;Disponible;Poste pas concernée par des contraintes locales de réseau;Poste pas concernée par des contraintes locales de réseau
NERAC;NERAC;44.1473582458555;0.323965187354717;NOUVELLE-AQUITAINE;Saturé;Poste en zones d'injection photovoltaïque HTA;Poste en zones d'injection photovoltaïque HTA
NERON;NERONDES;46.9574659567018;2.84659472378621;CENTRE-VAL DE LOIRE;Saturé;Poste en zones de soutirage HTA;Poste en zones de soutirage HTA et HTB
NEUBO;NEUBOURG;49.1462435595975;0.894840982867186;NORMANDIE;Disponible;Poste en zones de soutirage HTA;Poste en zones de soutirage HTA et HTB
NEUF5;NEUFCHATEL;49.7240635290841;1.42447848464176;NORMANDIE;Disponible;Poste pas concernée par des contraintes locales de réseau;Poste pas concernée par des contraintes locales de réseau
N.MAR;NEUILLY-SUR-MARNE;48.8546752319347;2.51958406270259;ÎLE-DE-FRANCE;Disponible;Poste en zones de soutirage HTA;Poste en zones de soutirage HTA et HTB
NEULI;NEULISE;45.910899784933;4.17896221704441;AUVERGNE-RHôNE-ALPES;Disponible;Poste en zones de soutirage HTA;Poste en zones de soutirage HTA et HTB
NEUSS;NEUSSARGUES;45.135751089311;2.98529038295786;AUVERGNE-RHôNE-ALPES;Disponible;Poste en zones d'injection photovoltaïque HTA;Poste en zones d'injection photovoltaïque HTA et HTB
NEVER;NEVERS;46.9981312944788;3.18346141882483;BOURGOGNE-FRANCHE-COMTé;Disponible;Poste pas concernée par des contraintes locales de réseau;Poste pas concernée par des contraintes locales de réseau
NIE.O;NIEVRE OUEST;47.4525544418708;2.9880557201561;BOURGOGNE-FRANCHE-COMTé;Disponible;Poste pas concernée par des contraintes locales de réseau;Poste pas concernée par des contraintes locales de réseau
NIE.S;NIEVRE SUD;46.8582956809217;3.65629771740571;BOURGOGNE-FRANCHE-COMTé;Disponible;Poste pas concernée par des contraintes locales de réseau;Poste pas concernée par des contraintes locales de réseau
NIME6;NIMES;43.8360238034258;4.37182798879181;OCCITANIE;Disponible;Poste pas concernée par des contraintes locales de réseau;Poste pas concernée par des contraintes locales de réseau
NIMES;NIMES-TALABOT;43.8359971777957;4.37179812986127;OCCITANIE;Disponible;Poste pas concernée par des contraintes locales de réseau;Poste en zones de soutirage HTB
NIORT;NIORT;46.3486448274806;-0.433156519769526;NOUVELLE-AQUITAINE;Disponible;Poste pas concernée par des contraintes locales de réseau;Poste pas concernée par des contraintes locales de réseau
NOAIL;NOAILLES;45.091198421423;1.51555047091284;NOUVELLE-AQUITAINE;Disponible;Poste pas concernée par des contraintes locales de réseau;Poste pas concernée par des contraintes locales de réseau
NOGEN;NOGENTEL;49.0240379565445;3.40646663023181;HAUTS-DE-FRANCE;Disponible;Poste pas concernée par des contraintes locales de réseau;Poste pas concernée par des contraintes locales de réseau
NOGE3;NOGENTEL 3;49.0849241522874;3.34015858308536;HAUTS-DE-FRANCE;Disponible;Poste pas concernée par des contraintes locales de réseau;Poste pas concernée par des contraintes locales de réseau
N.ROT;NOGENT-LE-ROTROU;48.328642231546;0.805315402760936;CENTRE-VAL DE LOIRE;Disponible;Poste pas concernée par des contraintes locales de réseau;Poste pas concernée par des contraintes locales de réseau
N.SEI;NOGENT-SUR-SEINE;48.4857620246158;3.51470220867383;GRAND EST;Disponible;Poste pas concernée par des contraintes locales de réseau;Poste pas concernée par des contraintes locales de réseau
NOILH;NOILHAN;43.5241833860029;0.939003429022029;OCCITANIE;Disponible;Poste en zones d'injection photovoltaïque HTA;Poste en zones d'injection photovoltaïque HTA et HTB
NOISY;NOISY;48.8959097835682;2.44484817817951;ÎLE-DE-FRANCE;Disponible;Poste pas concernée par des contraintes locales de réseau;Poste pas concernée par des contraintes locales de réseau
NONAN;NONANCOURT;48.7736996520936;1.2157062866395;NORMANDIE;Disponible;Poste pas concernée par des contraintes locales de réseau;Poste pas concernée par des contraintes locales de réseau
NONTR;NONTRON;45.5141415592702;0.64860668762573;NOUVELLE-AQUITAINE;Saturé;Poste en zones de soutirage HTA;Poste en zones de soutirage HTA et HTB
NOORD;NOORD-GRACHT;50.9999391681192;2.34744240164705;HAUTS-DE-FRANCE;Disponible;Poste en zones de soutirage HTA;Poste en zones de soutirage HTA et HTB
N.CRA;NORD-DE-CRAU;43.6094386038478;4.85772821957706;PROVENCE-ALPES-CôTE D’AZUR;Disponible;Poste pas concernée par des contraintes locales de réseau;Poste pas concernée par des contraintes locales de réseau
N.ATL;NORD-LOIRE-ATLANTIQUE;47.6613237821159;-1.70211344428397;PAYS DE LA LOIRE;Disponible;Poste pas concernée par des contraintes locales de réseau;Poste pas concernée par des contraintes locales de réseau
N.ERD;NORT-SUR-ERDRE;47.4546281559672;-1.51057009779333;PAYS DE LA LOIRE;Disponible;Poste en zones d'injection photovoltaïque HTA;Poste en zones d'injection photovoltaïque HTA et HTB
N.SEU;NOUE SEUIL;49.4535484547478;4.43323016726279;GRAND EST;Disponible;Poste pas concernée par des contraintes locales de réseau;Poste pas concernée par des contraintes locales de réseau
NOUET;NOUETTES;49.2270549138559;4.09765910079245;GRAND EST;Disponible;Poste pas concernée par des contraintes locales de réseau;Poste pas concernée par des contraintes locales de réseau
NOURO;NOUROTTES;48.9671898589864;2.01255589689548;ÎLE-DE-FRANCE;Disponible;Poste en zones de soutirage HTA;Poste en zones de soutirage HTA et HTB
NOUZO;NOUZONVILLE;49.8200944913407;4.7422429693251;GRAND EST;Disponible;Poste en zones de soutirage HTA;Poste en zones de soutirage HTA et HTB
NOVIO;NOVION;48.9141124163778;2.30456480478064;ÎLE-DE-FRANCE;Disponible;Poste en zones de soutirage HTA;Poste en zones de soutirage HTA et HTB
NOYA5;NOYAL;48.0797141071258;-1.66007998070387;BRETAGNE;Disponible;Poste en zones de soutirage HTA;Poste en zones de soutirage HTA et HTB
NOYAL;NOYALES;49.8988949837537;3.55764852736683;HAUTS-DE-FRANCE;Disponible;Poste pas concernée par des contraintes locales de réseau;Poste pas concernée par des contraintes locales de réseau
NOYON;NOYON;49.5716848099833;2.98707618588031;HAUTS-DE-FRANCE;Disponible;Poste pas concernée par des contraintes locales de réseau;Poste pas concernée par des contraintes locales de réseau
NUISE;NUISEMENT;48.7080001481647;1.38270061018894;CENTRE-VAL DE LOIRE;Disponible;Poste pas concernée par des contraintes locales de réseau;Poste pas concernée par des contraintes locales de réseau
N.GEO;NUITS-ST-GEORGES;47.1229744353513;4.96269518551749;BOURGOGNE-FRANCHE-COMTé;Disponible;Poste en zones de soutirage HTA;Poste en zones de soutirage HTA et HTB
NYONS;NYONS;44.3520395862832;5.11616305391775;AUVERGNE-RHôNE-ALPES;Disponible;Poste en zones de soutirage HTA;Poste en zones de soutirage HTA et HTB
OBER5;OBERNAI;48.4770883928444;7.51074458950391;GRAND EST;Disponible;Poste pas concernée par des contraintes locales de réseau;Poste pas concernée par des contraintes locales de réseau
ODON;ODON;49.1920864449407;-0.529599672683187;NORMANDIE;Disponible;Poste pas concernée par des contraintes locales de réseau;Poste pas concernée par des contraintes locales de réseau
OIRY;OIRY;49.0078624280753;4.03465173746247;GRAND EST;Disponible;Poste pas concernée par des contraintes locales de réseau;Poste pas concernée par des contraintes locales de réseau
OLLI5;OLLIERES;43.4724874709473;5.82512396949259;PROVENCE-ALPES-CôTE D’AZUR;Disponible;Poste pas concernée par des contraintes locales de réseau;Poste en zones d'injection photovoltaïque HTB
OLLIE;OLLIERGUES;45.6857881663614;3.6497240286752;AUVERGNE-RHôNE-ALPES;Disponible;Poste en zones de soutirage HTA;Poste en zones de soutirage HTA et HTB
OLONN;OLONNE;46.5327552488826;-1.76098373805329;PAYS DE LA LOIRE;Disponible;Poste en zones de soutirage HTA;Poste en zones de soutirage HTA et HTB
ONDES;ONDES;43.7850023280003;1.30576911650336;OCCITANIE;Disponible;Poste en zones de soutirage HTA;Poste en zones de soutirage HTA et HTB
O.CHA;ONET-LE-CHATEAU;44.3870241890187;2.60755859654562;OCCITANIE;Disponible;Poste en zones d'injection photovoltaïque HTA;Poste en zones d'injection photovoltaïque HTA et HTB
ONZAI;ONZAIN;47.4931410529429;1.17703902109869;CENTRE-VAL DE LOIRE;Disponible;Poste en zones de soutirage HTA;Poste en zones de soutirage HTA et HTB
ORAIS;ORAISON;43.9208974148624;5.92419415972494;PROVENCE-ALPES-CôTE D’AZUR;Disponible;Poste pas concernée par des contraintes locales de réseau;Poste en zones d'injection photovoltaïque HTB
ORAN5;ORANGERIE;48.5958800524831;7.77230212415359;GRAND EST;Saturé;Poste pas concernée par des contraintes locales de réseau;Poste pas concernée par des contraintes locales de réseau
ORANG;ORANGERIE (L);46.8444840097345;0.576131175788674;NOUVELLE-AQUITAINE;Disponible;Poste en zones d'injection photovoltaïque HTA;Poste en zones d'injection photovoltaïque HTA et HTB
ORBEC;ORBEC;49.0179446376052;0.385960496704477;NORMANDIE;Disponible;Poste en zones de soutirage HTA;Poste en zones de soutirage HTA et HTB
ORCHI;ORCHIES;50.465999371964;3.23797656624609;HAUTS-DE-FRANCE;Disponible;Poste pas concernée par des contraintes locales de réseau;Poste pas concernée par des contraintes locales de réseau
ORELL;ORELLE;45.204734281382;6.57826425207027;AUVERGNE-RHôNE-ALPES;Disponible;Poste pas concernée par des contraintes locales de réseau;Poste pas concernée par des contraintes locales de réseau
ORGER;ORGERES;48.1423476919543;1.6711904776562;CENTRE-VAL DE LOIRE;Disponible;Poste pas concernée par des contraintes locales de réseau;Poste pas concernée par des contraintes locales de réseau
ORLEA;ORLEANS;47.9085608298498;1.89851988825462;CENTRE-VAL DE LOIRE;Disponible;Poste en zones de soutirage HTA;Poste en zones de soutirage HTA et HTB
ORLU;ORLU;42.6891310462747;1.91226388566381;OCCITANIE;Disponible;Poste pas concernée par des contraintes locales de réseau;Poste pas concernée par des contraintes locales de réseau
ORMES;ORMES;49.2359839893426;3.97513855057433;GRAND EST;Disponible;Poste pas concernée par des contraintes locales de réseau;Poste pas concernée par des contraintes locales de réseau
ORNA5;ORNANO;48.8883221230936;2.35558866378923;ÎLE-DE-FRANCE;Disponible;Poste en zones de soutirage HTA;Poste en zones de soutirage HTA et HTB
ORNAN;ORNANS;47.1086215319147;6.12689336631134;BOURGOGNE-FRANCHE-COMTé;Disponible;Poste pas concernée par des contraintes locales de réseau;Poste pas concernée par des contraintes locales de réseau
ORSON;ORSONVILLE;48.8526550734439;2.7984947187927;ÎLE-DE-FRANCE;Disponible;Poste en zones de soutirage HTA;Poste en zones de soutirage HTA et HTB
ORTH5;ORTHEZ;43.5063486120649;-0.783559328832813;NOUVELLE-AQUITAINE;Disponible;Poste en zones d'injection photovoltaïque HTA;Poste en zones d'injection photovoltaïque HTA
ORVAU;ORVAULT;47.2833642303491;-1.65321258269671;PAYS DE LA LOIRE;Disponible;Poste pas concernée par des contraintes locales de réseau;Poste en zones de soutirage HTB
OSERA;OSERAIE;48.6002589680811;2.9288299538565;ÎLE-DE-FRANCE;Disponible;Poste pas concernée par des contraintes locales de réseau;Poste en zones de soutirage HTB
OSNES;OSNES;49.6568479033985;5.16216455121065;GRAND EST;Disponible;Poste pas concernée par des contraintes locales de réseau;Poste pas concernée par des contraintes locales de réseau
OSTRO;OSTROHOVE;50.71667595718;1.63403822586269;HAUTS-DE-FRANCE;Disponible;Poste pas concernée par des contraintes locales de réseau;Poste pas concernée par des contraintes locales de réseau
OTTMA;OTTMARSHEIM;47.7742607066221;7.51943432001389;GRAND EST;Disponible;Poste en zones d'injection photovoltaïque HTA;Poste en zones d'injection photovoltaïque HTA
OUDON;OUDON;47.9864230692254;-1.00865500703762;PAYS DE LA LOIRE;Disponible;Poste pas concernée par des contraintes locales de réseau;Poste pas concernée par des contraintes locales de réseau
OUAMI;OUEST AMIENOIS;49.9226175731964;1.8147882606582;HAUTS-DE-FRANCE;En construction (déduit selon data Capareseau);Poste pas concernée par des contraintes locales de réseau;Poste pas concernée par des contraintes locales de réseau
O.LIM;OUEST LIMOUSIN;46.1807413429481;1.02317887244445;NOUVELLE-AQUITAINE;Disponible;Poste pas concernée par des contraintes locales de réseau;Poste pas concernée par des contraintes locales de réseau
O.ALL;OUEST-ALLIER;46.3304128757368;2.3675286715586;AUVERGNE-RHôNE-ALPES;Disponible;Poste pas concernée par des contraintes locales de réseau;Poste pas concernée par des contraintes locales de réseau
O.CEI;OUEST-CEINTURE (SNCF);48.8294965491133;2.30436735565515;ÎLE-DE-FRANCE;Disponible;Poste pas concernée par des contraintes locales de réseau;Poste pas concernée par des contraintes locales de réseau
OULLI;OULLINS;45.7106702963358;4.81978854413168;AUVERGNE-RHôNE-ALPES;Disponible;Poste en zones de soutirage HTA;Poste en zones de soutirage HTA et HTB
OYONN;OYONNAX;46.2625002775699;5.64883816011769;AUVERGNE-RHôNE-ALPES;Disponible;Poste pas concernée par des contraintes locales de réseau;Poste pas concernée par des contraintes locales de réseau
OZON;OZON;45.1678860338794;4.8061007044153;AUVERGNE-RHôNE-ALPES;Disponible;Poste pas concernée par des contraintes locales de réseau;Poste pas concernée par des contraintes locales de réseau
PAILL;PAILLERES;44.7962532704768;-0.610195621269684;NOUVELLE-AQUITAINE;Disponible;Poste en zones de soutirage HTA;Poste en zones de soutirage HTA et HTB
PAIMB;PAIMBOEUF;47.2788153832563;-2.01367442397632;PAYS DE LA LOIRE;Disponible;Poste pas concernée par des contraintes locales de réseau;Poste pas concernée par des contraintes locales de réseau
PAIMP;PAIMPOL;48.7638219747679;-3.04214761944026;BRETAGNE;Disponible;Poste pas concernée par des contraintes locales de réseau;Poste pas concernée par des contraintes locales de réseau
PALAM;PALAMINY;43.2033255959548;1.06125859726076;OCCITANIE;Disponible;Poste en zones d'injection photovoltaïque HTA;Poste en zones d'injection photovoltaïque HTA et HTB
PALAY;PALAYRE;43.5475536664988;1.42042345441843;OCCITANIE;Disponible;Poste pas concernée par des contraintes locales de réseau;Poste pas concernée par des contraintes locales de réseau
PALEN;PALENTE;47.2672023226342;6.05411917756281;BOURGOGNE-FRANCHE-COMTé;Disponible;Poste en zones de soutirage HTA;Poste en zones de soutirage HTA et HTB
PALLU;PALLUAU;46.8067477140785;-1.6039648009875;PAYS DE LA LOIRE;Disponible;Poste en zones d'injection photovoltaïque HTA;Poste en zones d'injection photovoltaïque HTA et en zone soutirage HTB
PALUN;PALUN (LA);43.4666097688194;5.4860109218386;PROVENCE-ALPES-CôTE D’AZUR;Disponible;Poste pas concernée par des contraintes locales de réseau;Poste en zones de soutirage HTB
PAPAU;PAPAULT;46.5017855572127;0.322954598205368;NOUVELLE-AQUITAINE;Disponible;Poste en zones de soutirage HTA;Poste en zones de soutirage HTA et HTB
PAPIN;PAPIN;45.3443674541125;4.81219963518432;AUVERGNE-RHôNE-ALPES;Disponible;Poste en zones d'injection photovoltaïque HTA;Poste en zones d'injection photovoltaïque HTA et HTB
P.MON;PARAY-LE-MONIAL;46.4608784367745;4.10806699507675;BOURGOGNE-FRANCHE-COMTé;Disponible;Poste pas concernée par des contraintes locales de réseau;Poste pas concernée par des contraintes locales de réseau
PAREN;PARENTIS;44.3484983133584;-1.08105011160328;NOUVELLE-AQUITAINE;Disponible;Poste en zones d'injection photovoltaïque HTA;Poste en zones d'injection photovoltaïque HTA
PARIS;PARISET;45.1806298467595;5.69998690057133;AUVERGNE-RHôNE-ALPES;Disponible;Poste en zones de soutirage HTA;Poste en zones de soutirage HTA et HTB
PARIZ;PARIZE;46.8569434736211;3.17017717244403;BOURGOGNE-FRANCHE-COMTé;Saturé;Poste pas concernée par des contraintes locales de réseau;Poste pas concernée par des contraintes locales de réseau
PAROY;PAROY;47.9699151622036;3.38864203263089;BOURGOGNE-FRANCHE-COMTé;Disponible;Poste en zones de soutirage HTA;Poste en zones de soutirage HTA et HTB
PARTH;PARTHENAY;46.6599470816966;-0.252935601813251;NOUVELLE-AQUITAINE;Disponible;Poste en zones d'injection photovoltaïque HTA;Poste en zones d'injection photovoltaïque HTA et HTB
P.LAN;PAS-DES-LANCIERS (EDF-SNCF);43.412229600374;5.25301673567604;PROVENCE-ALPES-CôTE D’AZUR;Disponible;Poste en zones de soutirage HTA;Poste en zones de soutirage HTA et HTB
PASQU;PASQUIER;48.8723323562134;2.32306362443197;ÎLE-DE-FRANCE;Disponible;Poste en zones de soutirage HTA;Poste en zones de soutirage HTA et HTB
P.AGE;PASSAGE-D AGEN;44.2059680104491;0.602460396572972;NOUVELLE-AQUITAINE;Saturé;Poste pas concernée par des contraintes locales de réseau;Poste pas concernée par des contraintes locales de réseau
PASSY;PASSY;45.9158122462093;6.72518351084117;AUVERGNE-RHôNE-ALPES;Disponible;Poste en zones de soutirage HTA;Poste en zones de soutirage HTA et HTB
PATIS;PATIS;49.3916666147262;2.10088888077;HAUTS-DE-FRANCE;Disponible;Poste pas concernée par des contraintes locales de réseau;Poste pas concernée par des contraintes locales de réseau
PATRA;PATRAS;44.4861169254104;0.195095282397031;NOUVELLE-AQUITAINE;Saturé;Poste en zones de soutirage HTA;Poste en zones de soutirage HTA et HTB
PATUR;PATURAL;46.0510646750931;4.71999648270743;AUVERGNE-RHôNE-ALPES;Disponible;Poste en zones de soutirage HTA;Poste en zones de soutirage HTA et HTB
PAUDY;PAUDY;47.0337039350026;1.95544815740603;CENTRE-VAL DE LOIRE;Disponible;Poste pas concernée par des contraintes locales de réseau;Poste pas concernée par des contraintes locales de réseau
PAU.E;PAU-EST;43.3188879095335;-0.320038487115371;NOUVELLE-AQUITAINE;Disponible;Poste en zones de soutirage HTA;Poste en zones de soutirage HTA et HTB
PAUIL;PAUILLAC (REGIE DU MEDOC);45.2057179838197;-0.755879479174394;NOUVELLE-AQUITAINE;Disponible;Poste en zones de soutirage HTA;Poste en zones de soutirage HTA et HTB
PAU.N;PAU-NORD;43.3256280265668;-0.380582569486223;NOUVELLE-AQUITAINE;Disponible;Poste en zones de soutirage HTA;Poste en zones de soutirage HTA et HTB
P.LOU;PAYS DU LOUDUNAIS;46.9548236366584;0.19878071152667;NOUVELLE-AQUITAINE;Disponible;Poste pas concernée par des contraintes locales de réseau;Poste pas concernée par des contraintes locales de réseau
P.MAU;Pays Mauriacois;45.2333312679396;2.40000015323849;AUVERGNE-RHôNE-ALPES;Disponible;Poste pas concernée par des contraintes locales de réseau;Poste pas concernée par des contraintes locales de réseau
P.MOT;PAYS MOTHAIS;46.4325538580648;0.00398983660497804;NOUVELLE-AQUITAINE;En construction (déduit selon data Capareseau);Poste pas concernée par des contraintes locales de réseau;Poste pas concernée par des contraintes locales de réseau
P.VIZ;PEAGE-DE-VIZILLE;45.0572942850076;5.7779436281127;AUVERGNE-RHôNE-ALPES;Disponible;Poste pas concernée par des contraintes locales de réseau;Poste pas concernée par des contraintes locales de réseau
PECY;PECY;48.6576254618845;3.06948633640696;ÎLE-DE-FRANCE;Disponible;Poste en zones de soutirage HTA;Poste en zones de soutirage HTA et HTB
PELIS;PELISSIER;43.9545038778024;2.13807786802341;OCCITANIE;Disponible;Poste en zones de soutirage HTA;Poste en zones de soutirage HTA et HTB
PELTR;PELTRE;49.0612791263938;6.2058987068185;GRAND EST;Disponible;Poste pas concernée par des contraintes locales de réseau;Poste pas concernée par des contraintes locales de réseau
PENCR;PENCRAN (SNCF);48.4616227224706;-4.22729145033703;BRETAGNE;Disponible;Poste pas concernée par des contraintes locales de réseau;Poste pas concernée par des contraintes locales de réseau
PENHA;PENHARS;48.0059546816324;-4.12725385675359;BRETAGNE;Disponible;Poste en zones de soutirage HTA;Poste en zones de soutirage HTA et HTB
PENL5;PENLY-POSTE;49.9684934185185;1.22770367086825;NORMANDIE;Disponible;Poste pas concernée par des contraintes locales de réseau;Poste pas concernée par des contraintes locales de réseau
PERCY;PERCY;49.0611929168779;-0.0756906188431601;NORMANDIE;Disponible;Poste pas concernée par des contraintes locales de réseau;Poste pas concernée par des contraintes locales de réseau
P.LAC;PERE-LACHAISE;48.865001355111;2.38443933233579;ÎLE-DE-FRANCE;Disponible;Poste pas concernée par des contraintes locales de réseau;Poste pas concernée par des contraintes locales de réseau
PEREL;PERELLE;45.3254190314804;5.57554204119126;AUVERGNE-RHôNE-ALPES;Disponible;Poste pas concernée par des contraintes locales de réseau;Poste pas concernée par des contraintes locales de réseau
PERIE;PERIERS;49.1958657711889;-1.39964668478383;NORMANDIE;Disponible;Poste pas concernée par des contraintes locales de réseau;Poste pas concernée par des contraintes locales de réseau
PERIZ;PERIZET (LE);50.0848029408221;3.3640587296267;HAUTS-DE-FRANCE;Disponible;Poste pas concernée par des contraintes locales de réseau;Poste pas concernée par des contraintes locales de réseau
PERNE;PERNES;50.4811462241248;2.42642472060918;HAUTS-DE-FRANCE;Disponible;Poste pas concernée par des contraintes locales de réseau;Poste pas concernée par des contraintes locales de réseau
PERON;PERONNE;49.9420582017177;2.91767201506799;HAUTS-DE-FRANCE;Disponible;Poste pas concernée par des contraintes locales de réseau;Poste pas concernée par des contraintes locales de réseau
PERQU;PERQUIE;43.8822331617387;-0.264448563666843;NOUVELLE-AQUITAINE;Disponible;Poste pas concernée par des contraintes locales de réseau;Poste pas concernée par des contraintes locales de réseau
PERRA;PERRACHE;45.7443100841787;4.81769914530375;AUVERGNE-RHôNE-ALPES;Disponible;Poste en zones de soutirage HTA;Poste en zones de soutirage HTA et HTB
PERRE;PERRET;48.8973381041303;2.28361541134283;ÎLE-DE-FRANCE;Disponible;Poste pas concernée par des contraintes locales de réseau;Poste en zones de soutirage HTB
PERR6;PERROS;48.7824057484161;-3.45728592681246;BRETAGNE;Disponible;Poste pas concernée par des contraintes locales de réseau;Poste pas concernée par des contraintes locales de réseau
PERR7;PERROY;47.3879825718711;3.17230682146263;BOURGOGNE-FRANCHE-COMTé;Disponible;Poste pas concernée par des contraintes locales de réseau;Poste pas concernée par des contraintes locales de réseau
PERSA;PERSAN;49.1456050380549;2.2659327659797;ÎLE-DE-FRANCE;Disponible;Poste en zones de soutirage HTA;Poste en zones de soutirage HTA et HTB
PERTA;PERTAIN - BERSAUCOURT;49.7954717752306;2.85718441933484;HAUTS-DE-FRANCE;Disponible;Poste pas concernée par des contraintes locales de réseau;Poste pas concernée par des contraintes locales de réseau
PERT3;PERTAIN 3;49.8133023457805;2.87042843734153;HAUTS-DE-FRANCE;En construction (déduit selon data Capareseau);Poste pas concernée par des contraintes locales de réseau;Poste pas concernée par des contraintes locales de réseau
PERTU;PERTUIS;43.7062888627221;5.51224706411783;PROVENCE-ALPES-CôTE D’AZUR;Disponible;Poste pas concernée par des contraintes locales de réseau;Poste pas concernée par des contraintes locales de réseau
PESSA;PESSAC;44.7902731426545;-0.661431845392002;NOUVELLE-AQUITAINE;Disponible;Poste en zones de soutirage HTA;Poste en zones de soutirage HTA et HTB
P.BER;PETIT-BERNARD;47.3077790596083;5.03416733284326;BOURGOGNE-FRANCHE-COMTé;Disponible;Poste en zones de soutirage HTA;Poste en zones de soutirage HTA et HTB
P.FOR;PETITE FORET;50.3795056861204;3.48715377045416;HAUTS-DE-FRANCE;Disponible;Poste en zones de soutirage HTA;Poste en zones de soutirage HTA et HTB
P.ROS;PETITE-ROSSELLE;49.1972452976884;6.88273466514957;GRAND EST;Disponible;Poste pas concernée par des contraintes locales de réseau;Poste en zones de soutirage HTB
P.NO7;PETITES NOUES;48.6572690532396;3.97831586185454;GRAND EST;Disponible;Poste pas concernée par des contraintes locales de réseau;Poste pas concernée par des contraintes locales de réseau
P.ME5;PETITMENIN;50.7422154805734;3.14663748533709;HAUTS-DE-FRANCE;Disponible;Poste en zones de soutirage HTA;Poste en zones de soutirage HTA et HTB
PEUPL;PEUPLERAIE;49.3584106379077;2.75325459830862;HAUTS-DE-FRANCE;Disponible;Poste en zones de soutirage HTA;Poste en zones de soutirage HTA et HTB
PEYME;PEYMEINADE;43.6400904276592;6.89022694143948;PROVENCE-ALPES-CôTE D’AZUR;Disponible;Poste en zones de soutirage HTA;Poste en zones de soutirage HTA et HTB
P.CHA;PEYRAT-LE-CHATEAU;45.8015562800936;1.804518915897;NOUVELLE-AQUITAINE;Disponible;Poste pas concernée par des contraintes locales de réseau;Poste en zones d'injection photovoltaïque HTB
PEYR7;PEYRILHAC;45.9732049185942;1.15454163706654;NOUVELLE-AQUITAINE;Disponible;Poste pas concernée par des contraintes locales de réseau;Poste pas concernée par des contraintes locales de réseau
PEYRO;PEYROU;43.6082934477919;3.86482542914713;OCCITANIE;Disponible;Poste en zones de soutirage HTA;Poste en zones de soutirage HTA et HTB
PEZEN;PEZENAS;43.4486862562624;3.41104202538915;OCCITANIE;Disponible;Poste pas concernée par des contraintes locales de réseau;Poste pas concernée par des contraintes locales de réseau
PFAFF;PFAFFENHOFFEN;48.8467645142094;7.60119546149623;GRAND EST;Disponible;Poste pas concernée par des contraintes locales de réseau;Poste pas concernée par des contraintes locales de réseau
PHALS;PHALSBOURG;48.7736757161789;7.27063134911603;GRAND EST;Disponible;Poste en zones de soutirage HTA;Poste en zones de soutirage HTA et HTB
PHELI;PHELIBON;48.4503001810106;1.22850063460943;CENTRE-VAL DE LOIRE;Disponible;Poste pas concernée par des contraintes locales de réseau;Poste pas concernée par des contraintes locales de réseau
PICHE;PICHEGU;43.7184495152592;4.45886143969384;OCCITANIE;Disponible;Poste en zones d'injection photovoltaïque HTA;Poste en zones d'injection photovoltaïque HTA
P.BOR;PIED DE BORNE;44.4787253904363;3.98570269740977;OCCITANIE;Disponible;Poste pas concernée par des contraintes locales de réseau;Poste pas concernée par des contraintes locales de réseau
PIEGE;PIEGE (LA);43.202527184866;2.00307512656031;OCCITANIE;Disponible;Poste pas concernée par des contraintes locales de réseau;Poste pas concernée par des contraintes locales de réseau
PRRTT;PIERRETTE (LA);50.6235493808781;2.992684295604;HAUTS-DE-FRANCE;Disponible;Poste pas concernée par des contraintes locales de réseau;Poste en zones de soutirage HTB
PINON;PINON;49.4805437050415;3.4640494948881;HAUTS-DE-FRANCE;Disponible;Poste pas concernée par des contraintes locales de réseau;Poste pas concernée par des contraintes locales de réseau
PIOLE;PIOLENC;44.1727022521852;4.78760572383068;PROVENCE-ALPES-CôTE D’AZUR;Disponible;Poste pas concernée par des contraintes locales de réseau;Poste pas concernée par des contraintes locales de réseau
PIOVI;PIOVIT;45.4620187005522;0.456653937357591;NOUVELLE-AQUITAINE;Saturé;Poste en zones de soutirage HTA;Poste en zones de soutirage HTA et HTB
PITHI;PITHIVIERS;48.1684651569303;2.22179940737034;CENTRE-VAL DE LOIRE;Disponible;Poste pas concernée par des contraintes locales de réseau;Poste pas concernée par des contraintes locales de réseau
PIZAN;PIZANCON;45.0385142781372;5.087618602831;AUVERGNE-RHôNE-ALPES;Disponible;Poste en zones d'injection photovoltaïque HTA;Poste en zones d'injection photovoltaïque HTA et HTB
P.HA5;PLAINE-HAUTE;48.4299034577194;-2.87825050893849;BRETAGNE;Disponible;Poste pas concernée par des contraintes locales de réseau;Poste pas concernée par des contraintes locales de réseau
PLAIS;PLAISANCE;48.865274494466;2.5186147272099;ÎLE-DE-FRANCE;Disponible;Poste pas concernée par des contraintes locales de réseau;Poste en zones de soutirage HTB
PLAI5;PLAISIR (SNCF);48.832991253301;1.93232306417171;ÎLE-DE-FRANCE;Disponible;Poste pas concernée par des contraintes locales de réseau;Poste pas concernée par des contraintes locales de réseau
PLANC;PLANCHAMP;44.481211735043;3.98047587752351;OCCITANIE;Disponible;Poste pas concernée par des contraintes locales de réseau;Poste pas concernée par des contraintes locales de réseau
PLAN6;PLANCOET;48.5268747782642;-2.23216289574088;BRETAGNE;Disponible;Poste en zones de soutirage HTA;Poste en zones de soutirage HTA et HTB
P.ORG;PLAN-D ORGON;43.8267695925689;5.01870797704807;PROVENCE-ALPES-CôTE D’AZUR;Disponible;Poste pas concernée par des contraintes locales de réseau;Poste pas concernée par des contraintes locales de réseau
P.GR5;PLAN-DE-GRASSE;43.6554123152402;6.9402959406929;PROVENCE-ALPES-CôTE D’AZUR;Disponible;Poste pas concernée par des contraintes locales de réseau;Poste en zones de soutirage HTB
P.VAR;PLAN-DU-VAR;43.8537198790579;7.19549999563372;PROVENCE-ALPES-CôTE D’AZUR;Disponible;Poste en zones de soutirage HTA;Poste en zones de soutirage HTA et HTB
PLANT;PLANTADES;44.3683053824387;4.70869160045268;AUVERGNE-RHôNE-ALPES;Disponible;Poste en zones d'injection photovoltaïque HTA;Poste en zones d'injection photovoltaïque HTA et en zone soutirage HTB
PLAT3;PLATEAU 3;49.5619133760707;2.58642217089963;HAUTS-DE-FRANCE;En construction (déduit selon data Capareseau);Poste pas concernée par des contraintes locales de réseau;Poste pas concernée par des contraintes locales de réseau
P.PUI;PLATEAU DE PUIMICHEL;43.9959568623424;5.99341193472966;PROVENCE-ALPES-CôTE D’AZUR;En construction (déduit selon data Capareseau);Poste pas concernée par des contraintes locales de réseau;Poste pas concernée par des contraintes locales de réseau
PLAUD;PLAUD;45.912282164208;0.858566256730075;NOUVELLE-AQUITAINE;Disponible;Poste pas concernée par des contraintes locales de réseau;Poste en zones d'injection photovoltaïque HTB
PLELA;PLELAN;47.9971279510661;-2.08396166757189;BRETAGNE;Disponible;Poste en zones de soutirage HTA;Poste en zones de soutirage HTA et HTB
PLEMY;PLEMY;48.323103215819;-2.65000768494998;BRETAGNE;Disponible;Poste pas concernée par des contraintes locales de réseau;Poste pas concernée par des contraintes locales de réseau
P.GAS;PLESSIS-GASSOT;49.0333706091796;2.43348824394315;ÎLE-DE-FRANCE;Disponible;Poste pas concernée par des contraintes locales de réseau;Poste en zones de soutirage HTB
P.MAC;PLESSIS-MACE;47.5500885079656;-0.644839219398951;PAYS DE LA LOIRE;Disponible;Poste en zones de soutirage HTA;Poste en zones de soutirage HTA et HTB
PLEUM;PLEUMARTIN;46.7434193286218;0.777510116528263;NOUVELLE-AQUITAINE;Saturé;Poste en zones d'injection photovoltaïque HTA;Poste en zones d'injection photovoltaïque HTA et HTB
P.CHR;PLEYBER-CHRIST;48.5265847794964;-3.87137811758391;BRETAGNE;Disponible;Poste pas concernée par des contraintes locales de réseau;Poste pas concernée par des contraintes locales de réseau
PLISO;PLISON;48.5576812729865;2.66268714666507;ÎLE-DE-FRANCE;Disponible;Poste en zones de soutirage HTA;Poste en zones de soutirage HTA et HTB
PLOE5;PLOEREN;47.655243556924;-2.82832421877052;BRETAGNE;Disponible;Poste en zones de soutirage HTA;Poste en zones de soutirage HTA et HTB
PLOER;PLOERMEL;47.9257396870736;-2.4135887514773;BRETAGNE;Disponible;Poste pas concernée par des contraintes locales de réseau;Poste pas concernée par des contraintes locales de réseau
PLOMB;PLOMBIERES;47.9321387589752;6.43857985660828;BOURGOGNE-FRANCHE-COMTé;Disponible;Poste pas concernée par des contraintes locales de réseau;Poste pas concernée par des contraintes locales de réseau
PLOUA;PLOUAY;47.9326482502886;-3.28343962439651;BRETAGNE;Disponible;Poste en zones de soutirage HTA;Poste en zones de soutirage HTA et HTB
PLOUG;PLOUGASTEL;48.376602298097;-4.35084430862458;BRETAGNE;Disponible;Poste pas concernée par des contraintes locales de réseau;Poste pas concernée par des contraintes locales de réseau
PLOUR;PLOURHAN;48.6330005605988;-2.89344230499218;BRETAGNE;Disponible;Poste pas concernée par des contraintes locales de réseau;Poste pas concernée par des contraintes locales de réseau
PLOUV;PLOUVARA;48.4898820420674;-2.90572895870558;BRETAGNE;Disponible;Poste pas concernée par des contraintes locales de réseau;Poste pas concernée par des contraintes locales de réseau
PLUSQ;PLUSQUELLEC;48.3948608368149;-3.44847533365113;BRETAGNE;Disponible;Poste pas concernée par des contraintes locales de réseau;Poste pas concernée par des contraintes locales de réseau
PLUZU;PLUZUNET;48.6388100952071;-3.33343602982391;BRETAGNE;Disponible;Poste pas concernée par des contraintes locales de réseau;Poste pas concernée par des contraintes locales de réseau
PODEN;PODENSAC;44.6431722615015;-0.344282361746183;NOUVELLE-AQUITAINE;Disponible;Poste en zones d'injection photovoltaïque HTA;Poste en zones d'injection photovoltaïque HTA et HTB
P.MIT;POINTE-A-MITEAU;46.5435226252567;0.300904153659396;NOUVELLE-AQUITAINE;Disponible;Poste en zones de soutirage HTA;Poste en zones de soutirage HTA et HTB
P.RIV;POINTIS-DE-RIVIERE;43.0899237627538;0.61173160656531;OCCITANIE;Disponible;Poste pas concernée par des contraintes locales de réseau;Poste pas concernée par des contraintes locales de réseau
POIRI;POIRIER;48.6330810032142;1.5142525291596;CENTRE-VAL DE LOIRE;Disponible;Poste pas concernée par des contraintes locales de réseau;Poste pas concernée par des contraintes locales de réseau
POISA;POISARD;47.6195127247126;1.3530386394818;CENTRE-VAL DE LOIRE;Disponible;Poste en zones de soutirage HTA;Poste en zones de soutirage HTA et HTB
POISE;POISEUL;47.5834818455254;4.79239222409196;BOURGOGNE-FRANCHE-COMTé;Disponible;Poste en zones d'injection photovoltaïque HTA;Poste en zones d'injection photovoltaïque HTA et HTB
POISS;POISSY;48.9408459290123;2.0511395099214;ÎLE-DE-FRANCE;Disponible;Poste en zones de soutirage HTA;Poste en zones de soutirage HTA et HTB
POISY;POISY;45.9354877610407;6.06589198759758;AUVERGNE-RHôNE-ALPES;Disponible;Poste en zones de soutirage HTA;Poste en zones de soutirage HTA et HTB
POITI;POITIERS;46.5574762946613;0.360474083341265;NOUVELLE-AQUITAINE;Disponible;Poste en zones de soutirage HTA;Poste en zones de soutirage HTA et HTB
P.TER;POIX-TERRON;49.6478265918718;4.62989739845003;GRAND EST;Disponible;Poste en zones de soutirage HTA;Poste en zones de soutirage HTA et HTB
POL45;POLE 45;47.9435116859665;1.84120454341532;CENTRE-VAL DE LOIRE;Disponible;Poste en zones de soutirage HTA;Poste en zones de soutirage HTA et HTB
POLIS;POLISOT;48.0812810629808;4.38384068855339;GRAND EST;Disponible;Poste pas concernée par des contraintes locales de réseau;Poste pas concernée par des contraintes locales de réseau
POLLI;POLLIAT;46.2446189761517;5.1259679460282;AUVERGNE-RHôNE-ALPES;Disponible;Poste pas concernée par des contraintes locales de réseau;Poste pas concernée par des contraintes locales de réseau
POLY5;POLYGONE;44.9395193035261;4.90459130536401;AUVERGNE-RHôNE-ALPES;Disponible;Poste en zones de soutirage HTA;Poste en zones de soutirage HTA et HTB
POMER;POMEROL;44.9382847019208;-0.230865852981351;NOUVELLE-AQUITAINE;Disponible;Poste en zones de soutirage HTA;Poste en zones de soutirage HTA et HTB
POMPA;POMPADOUR (SNCF);48.7755304752773;2.43715972455207;ÎLE-DE-FRANCE;Disponible;Poste pas concernée par des contraintes locales de réseau;Poste pas concernée par des contraintes locales de réseau
POMPI;POMPIGNAC;44.8552251541689;-0.432393018397625;NOUVELLE-AQUITAINE;Disponible;Poste pas concernée par des contraintes locales de réseau;Poste pas concernée par des contraintes locales de réseau
PONS;PONS;45.572679376651;-0.562982621419669;NOUVELLE-AQUITAINE;Disponible;Poste en zones de soutirage HTA;Poste en zones de soutirage HTA et HTB
P.FOS;PONT DU FOSSE;44.6622745650721;6.22401069972298;PROVENCE-ALPES-CôTE D’AZUR;Disponible;Poste en zones de soutirage HTA;Poste en zones de soutirage HTA et HTB
P.TRI;PONT TRINQUAT;43.6185940440692;3.91672054337753;OCCITANIE;Disponible;Poste en zones de soutirage HTA;Poste en zones de soutirage HTA et HTB
PTAC;PONTAC;44.7605129259902;-0.547758347977889;NOUVELLE-AQUITAINE;Disponible;Poste en zones de soutirage HTA;Poste en zones de soutirage HTA et HTB
PTARL;PONTARLIER;46.9115373427583;6.35732851929675;BOURGOGNE-FRANCHE-COMTé;Disponible;Poste en zones de soutirage HTA;Poste en zones de soutirage HTA et HTB
P.AU5;PONT-AUDEMER;49.3528369961523;0.522636530060558;NORMANDIE;Disponible;Poste en zones de soutirage HTA;Poste en zones de soutirage HTA et HTB
PTCH5;PONTCHARRA;45.4344123308988;6.01433911927598;AUVERGNE-RHôNE-ALPES;Disponible;Poste pas concernée par des contraintes locales de réseau;Poste pas concernée par des contraintes locales de réseau
PTCHA;PONTCHATEAU;47.4319652430378;-2.09996346365468;PAYS DE LA LOIRE;Disponible;Poste en zones de soutirage HTA;Poste en zones de soutirage HTA et HTB
P.ARA;PONT-D ARAN;43.1455749890209;5.76618568474234;PROVENCE-ALPES-CôTE D’AZUR;Disponible;Poste en zones de soutirage HTA;Poste en zones de soutirage HTA et HTB
P.GEN;PONT-DE-GENNES;48.0373081787211;0.39261624947605;PAYS DE LA LOIRE;Disponible;Poste pas concernée par des contraintes locales de réseau;Poste pas concernée par des contraintes locales de réseau
P.ARC;PONT-DE-L ARCHE;49.3148786692021;1.19290213598331;NORMANDIE;Disponible;Poste pas concernée par des contraintes locales de réseau;Poste pas concernée par des contraintes locales de réseau
P.ELL;PONT-DE-L ELLE;45.1329675153961;1.275234392745;NOUVELLE-AQUITAINE;Disponible;Poste pas concernée par des contraintes locales de réseau;Poste pas concernée par des contraintes locales de réseau
P.REI;PONT-DE-LA-REINE;42.9062380638309;-0.0362488787439924;OCCITANIE;Disponible;Poste pas concernée par des contraintes locales de réseau;Poste pas concernée par des contraintes locales de réseau
P.MEN;PONT-DE-MENAT;46.1027489594649;2.93117401089291;AUVERGNE-RHôNE-ALPES;Disponible;Poste en zones d'injection photovoltaïque HTA;Poste en zones d'injection photovoltaïque HTA et HTB
P.ROI;PONT-DE-ROIDE;47.379916043969;6.76945158448725;BOURGOGNE-FRANCHE-COMTé;Disponible;Poste pas concernée par des contraintes locales de réseau;Poste pas concernée par des contraintes locales de réseau
P.CAS;PONT-DU-CASSE;44.2199695880413;0.650498178746016;NOUVELLE-AQUITAINE;Saturé;Poste pas concernée par des contraintes locales de réseau;Poste pas concernée par des contraintes locales de réseau
P.MEE;PONT-DU-MEE;48.5301309933099;2.63936337210862;ÎLE-DE-FRANCE;Disponible;Poste en zones de soutirage HTA;Poste en zones de soutirage HTA et HTB
PONTE;PONTEAU;43.3609817981445;5.02387294443152;PROVENCE-ALPES-CôTE D’AZUR;Disponible;Poste pas concernée par des contraintes locales de réseau;Poste pas concernée par des contraintes locales de réseau
P.ROY;PONT-EN-ROYANS;45.0583639684769;5.3431190590026;AUVERGNE-RHôNE-ALPES;Disponible;Poste pas concernée par des contraintes locales de réseau;Poste en zones d'injection photovoltaïque HTB
P.ESC;PONT-ESCOFFIER;45.0030021658367;6.06957784353266;AUVERGNE-RHôNE-ALPES;Disponible;Poste pas concernée par des contraintes locales de réseau;Poste pas concernée par des contraintes locales de réseau
P.EVE;PONT-EVEQUE;45.5219529829147;4.92848775848944;AUVERGNE-RHôNE-ALPES;Disponible;Poste en zones de soutirage HTA;Poste en zones de soutirage HTA et HTB
PTFAV;PONTFAVERGER;49.2992465829553;4.33971416406049;GRAND EST;Disponible;Poste pas concernée par des contraintes locales de réseau;Poste pas concernée par des contraintes locales de réseau
PTIFF;PONTIFFROY;49.1292513702569;6.17634972704923;GRAND EST;Disponible;Poste pas concernée par des contraintes locales de réseau;Poste pas concernée par des contraintes locales de réseau
PTIVY;PONTIVY;48.056477837153;-2.95352053082717;BRETAGNE;Disponible;Poste pas concernée par des contraintes locales de réseau;Poste pas concernée par des contraintes locales de réseau
P.ABB;PONT-L ABBE;47.8489191147373;-4.25148653155847;BRETAGNE;Disponible;Poste en zones de soutirage HTA;Poste en zones de soutirage HTA et HTB
P.VIL;PONT-LA-VILLE;48.0782941773827;4.89674060104055;GRAND EST;Disponible;Poste en zones d'injection photovoltaïque HTA;Poste en zones d'injection photovoltaïque HTA et HTB
P.ROL;PONT-ROLLAND;48.5202833635145;-2.6230569342723;BRETAGNE;Disponible;Poste pas concernée par des contraintes locales de réseau;Poste pas concernée par des contraintes locales de réseau
P.SAL;PONT-SALOMON;45.3344504985298;4.24342785160782;AUVERGNE-RHôNE-ALPES;Disponible;Poste en zones de soutirage HTA;Poste en zones de soutirage HTA et HTB
P.SEP;PONT-SEPT;49.4951446608812;0.180318196468532;NORMANDIE;Disponible;Poste pas concernée par des contraintes locales de réseau;Poste pas concernée par des contraintes locales de réseau
P.JEA;PONT-ST-JEAN;43.7022959667318;7.32760948945882;PROVENCE-ALPES-CôTE D’AZUR;Disponible;Poste en zones de soutirage HTA;Poste en zones de soutirage HTA et HTB
P.SAM;PONT-SUR-SAMBRE;50.2296119047836;3.8635694388266;HAUTS-DE-FRANCE;Disponible;Poste pas concernée par des contraintes locales de réseau;Poste en zones de soutirage HTB
PORC5;PORCHEFONTAINE (SNCF);48.8001365295059;2.16535756401071;ÎLE-DE-FRANCE;Disponible;Poste pas concernée par des contraintes locales de réseau;Poste pas concernée par des contraintes locales de réseau
PORCH;PORCHEVILLE;48.9713708855251;1.76279154494975;ÎLE-DE-FRANCE;Disponible;Poste pas concernée par des contraintes locales de réseau;Poste en zones de soutirage HTB
PORNI;PORNIC;47.1297167462712;-2.09290557359478;PAYS DE LA LOIRE;Disponible;Poste pas concernée par des contraintes locales de réseau;Poste pas concernée par des contraintes locales de réseau
P.BOU;PORT-DE-BOUC;43.4150637667036;4.99201947133956;PROVENCE-ALPES-CôTE D’AZUR;Disponible;Poste pas concernée par des contraintes locales de réseau;Poste pas concernée par des contraintes locales de réseau
P.RHI;PORT-DU-RHIN;48.5570020641146;7.79627230525511;GRAND EST;Disponible;Poste pas concernée par des contraintes locales de réseau;Poste pas concernée par des contraintes locales de réseau
P.TEM;PORT-DU-TEMPLE;45.7606036015914;4.83221227028862;AUVERGNE-RHôNE-ALPES;Disponible;Poste pas concernée par des contraintes locales de réseau;Poste pas concernée par des contraintes locales de réseau
PORT7;PORTE;47.6750398165894;-2.06382321570867;BRETAGNE;Disponible;Poste en zones de soutirage HTA;Poste en zones de soutirage HTA et HTB
PORTE;PORTES;44.8964910968137;4.87982238504436;AUVERGNE-RHôNE-ALPES;Disponible;Poste pas concernée par des contraintes locales de réseau;Poste pas concernée par des contraintes locales de réseau
P.SAC;PORTE-SACHET;46.3657697363672;5.8030145327946;BOURGOGNE-FRANCHE-COMTé;Disponible;Poste pas concernée par des contraintes locales de réseau;Poste pas concernée par des contraintes locales de réseau
P.SIM;PORTET-SAINT-SIMON;43.5299738234636;1.38344170283057;OCCITANIE;Disponible;Poste en zones de soutirage HTA;Poste en zones de soutirage HTA et HTB
PORT6;PORTILLON;47.4015369641518;0.678131196953186;CENTRE-VAL DE LOIRE;Disponible;Poste en zones de soutirage HTA;Poste en zones de soutirage HTA et HTB
P.JER;PORT-JEROME;49.4822300758976;0.551732591075603;NORMANDIE;Disponible;Poste en zones de soutirage HTA;Poste en zones de soutirage HTA et HTB
P.NOU;PORT-LA-NOUVELLE;43.013559807076;3.03292982681578;OCCITANIE;Disponible;Poste en zones d'injection photovoltaïque HTA;Poste en zones d'injection photovoltaïque HTA et HTB
P.RHO;PORT-ST-LOUIS-DU-RHONE;43.3934880184218;4.8144002481007;PROVENCE-ALPES-CôTE D’AZUR;Disponible;Poste pas concernée par des contraintes locales de réseau;Poste pas concernée par des contraintes locales de réseau
P.ROU;POTEAU-ROUGE;47.8251009680758;-3.31148496049366;BRETAGNE;En construction (déduit selon data Capareseau);Poste pas concernée par des contraintes locales de réseau;Poste en zones de soutirage HTB
POUAN;POUANCE;47.7498802475295;-1.16439713429031;PAYS DE LA LOIRE;Disponible;Poste en zones d'injection photovoltaïque HTA;Poste en zones d'injection photovoltaïque HTA et HTB
POUGE;POUGET (LE);44.0772623852423;2.77249563615788;OCCITANIE;Disponible;Poste pas concernée par des contraintes locales de réseau;Poste pas concernée par des contraintes locales de réseau
POUGN;POUGNY;46.1612001377113;5.97452653622735;AUVERGNE-RHôNE-ALPES;Disponible;Poste en zones de soutirage HTA;Poste en zones de soutirage HTA et HTB
P.SAO;POUILLY-SUR-SAONE;47.0101585281015;5.11944473963956;BOURGOGNE-FRANCHE-COMTé;Disponible;Poste en zones de soutirage HTA;Poste en zones de soutirage HTA et HTB
POULD;POULDREUZIC;47.9614957225162;-4.34139777662122;BRETAGNE;Disponible;Poste en zones de soutirage HTA;Poste en zones de soutirage HTA et HTB
POURN;POURNOY;49.0196405549175;6.21564425060458;GRAND EST;Disponible;Poste pas concernée par des contraintes locales de réseau;Poste pas concernée par des contraintes locales de réseau
POUXE;POUXEUX;48.1110602473492;6.56420178511453;GRAND EST;Disponible;Poste pas concernée par des contraintes locales de réseau;Poste pas concernée par des contraintes locales de réseau
POUZA;POUZAUGES;46.7760371509997;-0.836696338378738;PAYS DE LA LOIRE;Disponible;Poste pas concernée par des contraintes locales de réseau;Poste pas concernée par des contraintes locales de réseau
PRADI;PRADIERES;42.7145457539611;1.49003366939522;OCCITANIE;Disponible;Poste pas concernée par des contraintes locales de réseau;Poste pas concernée par des contraintes locales de réseau
PRAD6;PRADINAS;44.2729475364217;2.26667539468057;OCCITANIE;Disponible;Poste en zones d'injection photovoltaïque HTA;Poste en zones d'injection photovoltaïque HTA
PRAGN;PRAGNERES;42.8186628508045;0.00835720232574931;OCCITANIE;Disponible;Poste pas concernée par des contraintes locales de réseau;Poste pas concernée par des contraintes locales de réseau
PRALO;PRALOGNAN;45.4424318517477;6.6829622840415;AUVERGNE-RHôNE-ALPES;Disponible;Poste pas concernée par des contraintes locales de réseau;Poste en zones de soutirage HTB
PRATC;PRATCLAUX;44.9730297736993;3.65008787062641;AUVERGNE-RHôNE-ALPES;Disponible;Poste en zones d'injection photovoltaïque HTA;Poste en zones d'injection photovoltaïque HTA et HTB
PRAUL;PRAULIAT;45.7459180253342;3.09630835613752;AUVERGNE-RHôNE-ALPES;Disponible;Poste pas concernée par des contraintes locales de réseau;Poste pas concernée par des contraintes locales de réseau
PRAUT;PRAUTHOY;47.6883653800058;5.2808733257137;GRAND EST;Disponible;Poste pas concernée par des contraintes locales de réseau;Poste pas concernée par des contraintes locales de réseau
P.AND;PRAZ-ST-ANDRE;45.2051890149546;6.58333562114724;AUVERGNE-RHôNE-ALPES;Disponible;Poste pas concernée par des contraintes locales de réseau;Poste pas concernée par des contraintes locales de réseau
P.PAI;PRE-EN-PAIL;48.4558981875425;-0.250197076213944;PAYS DE LA LOIRE;Disponible;Poste pas concernée par des contraintes locales de réseau;Poste pas concernée par des contraintes locales de réseau
P.GRA;PRE-GRAND;44.0509839416667;2.14434503229692;OCCITANIE;Disponible;Poste en zones d'injection photovoltaïque HTA;Poste en zones d'injection photovoltaïque HTA et en zone soutirage HTB
PREGU;PREGUILLAC;45.6736872064589;-0.605528606059321;NOUVELLE-AQUITAINE;Disponible;Poste pas concernée par des contraintes locales de réseau;Poste en zones de soutirage HTB
PRELE;PRELES (LES);47.8081303070287;3.60769806224176;BOURGOGNE-FRANCHE-COMTé;Disponible;Poste pas concernée par des contraintes locales de réseau;Poste en zones d'injection photovoltaïque HTB
PREMY;PREMY;50.1724447527563;3.18255792809624;HAUTS-DE-FRANCE;Disponible;Poste pas concernée par des contraintes locales de réseau;Poste pas concernée par des contraintes locales de réseau
P.VAU;PRES-DE-VAUX;47.2268502242563;6.04450836773591;BOURGOGNE-FRANCHE-COMTé;Disponible;Poste en zones de soutirage HTA;Poste en zones de soutirage HTA et HTB
P.SE5;PRE-SEIGNEURS;45.8429110878716;5.04834937574354;AUVERGNE-RHôNE-ALPES;Disponible;Poste en zones de soutirage HTA;Poste en zones de soutirage HTA et HTB
PRESS;PRESSY;46.0802275986808;6.56103066339734;AUVERGNE-RHôNE-ALPES;Disponible;Poste pas concernée par des contraintes locales de réseau;Poste en zones de soutirage HTB
PREUI;PREUILLY;46.8582422486301;0.942190509774009;CENTRE-VAL DE LOIRE;Disponible;Poste en zones d'injection photovoltaïque HTA;Poste en zones d'injection photovoltaïque HTA et HTB
PREUS;PREUSCHDORF;48.9410210209843;7.81383090800814;GRAND EST;Disponible;Poste pas concernée par des contraintes locales de réseau;Poste pas concernée par des contraintes locales de réseau
P.MOE;PREVESSIN-MOENS;46.2555995375205;6.08193625769917;AUVERGNE-RHôNE-ALPES;Disponible;Poste en zones de soutirage HTA;Poste en zones de soutirage HTA et HTB
PRIME;PRIMEVERES;48.9438669092666;2.51372132979211;ÎLE-DE-FRANCE;Disponible;Poste en zones de soutirage HTA;Poste en zones de soutirage HTA et HTB
PRINQ;PRINQUIAU;47.3565210661565;-2.0199683495547;PAYS DE LA LOIRE;Disponible;Poste pas concernée par des contraintes locales de réseau;Poste pas concernée par des contraintes locales de réseau
PRIVA;PRIVAS;44.724081471953;4.60284312509372;AUVERGNE-RHôNE-ALPES;Disponible;Poste en zones de soutirage HTA;Poste en zones de soutirage HTA et HTB
PUBLI;PUBLIER;46.3878932179253;6.5101207615025;AUVERGNE-RHôNE-ALPES;Disponible;Poste en zones de soutirage HTA;Poste en zones de soutirage HTA et HTB
PUGET;PUGET;43.4519373243056;6.68120213090919;PROVENCE-ALPES-CôTE D’AZUR;Disponible;Poste pas concernée par des contraintes locales de réseau;Poste pas concernée par des contraintes locales de réseau
PUISE;PUISEUX;49.0545369281851;2.01275959308814;ÎLE-DE-FRANCE;Disponible;Poste en zones de soutirage HTA;Poste en zones de soutirage HTA et HTB
P.SI4;PUITS-SIMON IV;49.2134620871822;6.92421137173045;GRAND EST;Disponible;Poste pas concernée par des contraintes locales de réseau;Poste pas concernée par des contraintes locales de réseau
P.SI1;PUITS-SIMONI;49.2033465060279;6.90865640593774;GRAND EST;Disponible;Poste en zones de soutirage HTA;Poste en zones de soutirage HTA et HTB
PULUT;PULUTENIA;43.3971937498458;-1.64239787735474;NOUVELLE-AQUITAINE;Disponible;Poste en zones de soutirage HTA;Poste en zones de soutirage HTA et HTB
PUSY;PUSY;47.6527022371188;6.16361212565181;BOURGOGNE-FRANCHE-COMTé;Disponible;Poste en zones de soutirage HTA;Poste en zones de soutirage HTA et HTB
PUTEA;PUTEAUX;48.876708905383;2.2358648848868;ÎLE-DE-FRANCE;Disponible;Poste en zones de soutirage HTA;Poste en zones de soutirage HTA et HTB
PUTTE;PUTTELANGE;49.0575788431415;6.91707382087297;GRAND EST;Disponible;Poste pas concernée par des contraintes locales de réseau;Poste pas concernée par des contraintes locales de réseau
PUYBE;PUYBELLIARD;46.7045652908184;-1.03845891337114;PAYS DE LA LOIRE;Disponible;Poste en zones de soutirage HTA;Poste en zones de soutirage HTA et HTB
PUYO5;PUYOO;43.5239861471201;-0.905479157107092;NOUVELLE-AQUITAINE;Disponible;Poste pas concernée par des contraintes locales de réseau;Poste pas concernée par des contraintes locales de réseau
PUYPE;PUYPERTUS;45.1915382236842;1.6395102144765;NOUVELLE-AQUITAINE;Saturé;Poste pas concernée par des contraintes locales de réseau;Poste pas concernée par des contraintes locales de réseau
PUYRE;PUYRENAUD;45.7043188787903;0.155269883213121;NOUVELLE-AQUITAINE;Disponible;Poste pas concernée par des contraintes locales de réseau;Poste pas concernée par des contraintes locales de réseau
PYMON;PYMONT;46.6914016141267;5.56216146941396;BOURGOGNE-FRANCHE-COMTé;Disponible;Poste pas concernée par des contraintes locales de réseau;Poste pas concernée par des contraintes locales de réseau
PYRAM;PYRAMIDES;48.8663530392974;2.32968940804382;ÎLE-DE-FRANCE;Disponible;Poste en zones de soutirage HTA;Poste en zones de soutirage HTA et HTB
PYRIM;PYRIMONT;46.0183962709056;5.80376547251281;AUVERGNE-RHôNE-ALPES;Disponible;Poste pas concernée par des contraintes locales de réseau;Poste pas concernée par des contraintes locales de réseau
Q.ISS;QUAI D'ISSY (SNCF);48.8354830334183;2.26764546801104;ÎLE-DE-FRANCE;Disponible;Poste pas concernée par des contraintes locales de réseau;Poste pas concernée par des contraintes locales de réseau
QUARO;QUAROUBLE;50.3951173597388;3.63803276237285;HAUTS-DE-FRANCE;Disponible;Poste en zones de soutirage HTA;Poste en zones de soutirage HTA et HTB
Q.ECL;QUATRE-ECLUSES;51.02904469049;2.38284044722554;HAUTS-DE-FRANCE;Disponible;Poste pas concernée par des contraintes locales de réseau;Poste pas concernée par des contraintes locales de réseau
Q.SEI;QUATRE-SEIGNEURS;43.6444310366131;3.84938249291346;OCCITANIE;Disponible;Poste en zones de soutirage HTA;Poste en zones de soutirage HTA et HTB
QUEIG;QUEIGE;45.7164935893056;6.46075617100729;AUVERGNE-RHôNE-ALPES;Disponible;Poste pas concernée par des contraintes locales de réseau;Poste pas concernée par des contraintes locales de réseau
QUENT;QUENTOIS;49.8803268865549;2.3721561697415;HAUTS-DE-FRANCE;Disponible;Poste pas concernée par des contraintes locales de réseau;Poste pas concernée par des contraintes locales de réseau
QUEST;QUESTEMBERT;47.6826491914862;-2.46261659347952;BRETAGNE;Disponible;Poste en zones de soutirage HTA;Poste en zones de soutirage HTA et HTB
QUEVI;QUEVILLONCOURT;48.4759733277596;6.09659221290504;GRAND EST;Disponible;Poste pas concernée par des contraintes locales de réseau;Poste pas concernée par des contraintes locales de réseau
QUIBE;QUIBERON;47.4887328992627;-3.12224662534379;BRETAGNE;Disponible;Poste pas concernée par des contraintes locales de réseau;Poste pas concernée par des contraintes locales de réseau
QUIMP;QUIMPER;47.9930182665506;-4.07135952594845;BRETAGNE;Disponible;Poste en zones de soutirage HTA;Poste en zones de soutirage HTA et HTB
QUIM5;QUIMPERLE;47.8834355811106;-3.5497138885174;BRETAGNE;Disponible;Poste en zones de soutirage HTA;Poste en zones de soutirage HTA et HTB
QUINC;QUINCIEUX;45.9218847323192;4.75144790856608;AUVERGNE-RHôNE-ALPES;Disponible;Poste pas concernée par des contraintes locales de réseau;Poste pas concernée par des contraintes locales de réseau
QUINT;QUINTES (LES);47.8852586445243;0.242355340756545;PAYS DE LA LOIRE;En construction (déduit selon data Capareseau);Poste pas concernée par des contraintes locales de réseau;Poste en zones de soutirage HTB
RABAT;RABATAU;43.2770772539451;5.39709805093298;PROVENCE-ALPES-CôTE D’AZUR;Disponible;Poste en zones de soutirage HTA;Poste en zones de soutirage HTA et HTB
RABIO;RABION;45.6371490148163;0.130793958676013;NOUVELLE-AQUITAINE;Disponible;Poste pas concernée par des contraintes locales de réseau;Poste pas concernée par des contraintes locales de réseau
RAGEA;RAGEAT (LA);45.4479028504843;6.50933134893232;AUVERGNE-RHôNE-ALPES;Disponible;Poste pas concernée par des contraintes locales de réseau;Poste pas concernée par des contraintes locales de réseau
RAMBE;RAMBERVILLERS;48.3606273143311;6.62617531112066;GRAND EST;Disponible;Poste pas concernée par des contraintes locales de réseau;Poste pas concernée par des contraintes locales de réseau
RAMBO;RAMBOUILLET;48.643731542148;1.84677736453407;ÎLE-DE-FRANCE;Disponible;Poste en zones de soutirage HTA;Poste en zones de soutirage HTA et HTB
RAN.P;RANCE-POSTE;48.6171047179439;-2.03255226235418;BRETAGNE;Disponible;Poste pas concernée par des contraintes locales de réseau;Poste en zones de soutirage HTB
RANDE;RANDENS;45.5271075559081;6.31972868303609;AUVERGNE-RHôNE-ALPES;Disponible;Poste pas concernée par des contraintes locales de réseau;Poste pas concernée par des contraintes locales de réseau
RANDO;Randon-Margeride;44.7182803964046;3.52272321457291;OCCITANIE;Disponible;Poste pas concernée par des contraintes locales de réseau;Poste pas concernée par des contraintes locales de réseau
RANGU;RANGUEVAUX;49.3081570820414;6.0558721142682;GRAND EST;Disponible;Poste en zones de soutirage HTA;Poste en zones de soutirage HTA et HTB
RANTI;RANTIGNY;49.33661070978;2.4354335089338;HAUTS-DE-FRANCE;Disponible;Poste en zones de soutirage HTA;Poste en zones de soutirage HTA et HTB
RANVI;RANVILLE;49.2169818265465;-0.281349642723597;NORMANDIE;Disponible;Poste en zones de soutirage HTA;Poste en zones de soutirage HTA et HTB
RASPE;Raspe;44.1381159743262;3.01237316722034;OCCITANIE;En construction (déduit selon data Capareseau);Poste pas concernée par des contraintes locales de réseau;Poste pas concernée par des contraintes locales de réseau
RASSU;RASSUEN;43.4940921743191;4.9674446878518;PROVENCE-ALPES-CôTE D’AZUR;Disponible;Poste pas concernée par des contraintes locales de réseau;Poste pas concernée par des contraintes locales de réseau
RATIE;RATIER;49.4791934364526;0.228568167922781;NORMANDIE;Disponible;Poste pas concernée par des contraintes locales de réseau;Poste pas concernée par des contraintes locales de réseau
REALM;REALMONT;43.7716956162085;2.1973625919045;OCCITANIE;Disponible;Poste en zones d'injection photovoltaïque HTA;Poste en zones d'injection photovoltaïque HTA
REALS;REALS;43.4363921423899;3.09008783005316;OCCITANIE;Disponible;Poste pas concernée par des contraintes locales de réseau;Poste pas concernée par des contraintes locales de réseau
REALT;REALTOR;43.4467134009151;5.34321066401129;PROVENCE-ALPES-CôTE D’AZUR;Disponible;Poste pas concernée par des contraintes locales de réseau;Poste en zones de soutirage HTB
REBEU;REBEUVILLE;48.3378350592784;5.69574668861561;GRAND EST;Disponible;Poste en zones d'injection photovoltaïque HTA;Poste en zones d'injection photovoltaïque HTA et HTB
REBOU;REBOUL;44.4133572830267;4.70977232444825;AUVERGNE-RHôNE-ALPES;Disponible;Poste pas concernée par des contraintes locales de réseau;Poste pas concernée par des contraintes locales de réseau
REBO5;REBOURSIN;47.0989769612048;1.81961114054082;CENTRE-VAL DE LOIRE;Disponible;Poste en zones d'injection photovoltaïque HTA;Poste en zones d'injection photovoltaïque HTA et HTB
R.CH5;RECHICOURT-LE-CHATEAU;48.6595513864696;6.83499953718534;GRAND EST;Disponible;Poste pas concernée par des contraintes locales de réseau;Poste pas concernée par des contraintes locales de réseau
RECOU;RECOUVRANCE;47.0766086898522;-1.23495790518952;PAYS DE LA LOIRE;Disponible;Poste pas concernée par des contraintes locales de réseau;Poste pas concernée par des contraintes locales de réseau
RECY;RECY;48.9948963342704;4.34028443456911;GRAND EST;Disponible;Poste pas concernée par des contraintes locales de réseau;Poste pas concernée par des contraintes locales de réseau
REICH;REICHSTETT;48.6448969595318;7.7312534596085;GRAND EST;Disponible;Poste pas concernée par des contraintes locales de réseau;Poste en zones de soutirage HTB
REINA;REINANGE;49.3051294465987;6.24259058179083;GRAND EST;Disponible;Poste pas concernée par des contraintes locales de réseau;Poste pas concernée par des contraintes locales de réseau
REINI;REINIERE;48.5047855225564;0.54548633859124;NORMANDIE;Disponible;Poste pas concernée par des contraintes locales de réseau;Poste pas concernée par des contraintes locales de réseau
REMIR;REMIREMONT;48.0176476818851;6.60059639128931;GRAND EST;Disponible;Poste pas concernée par des contraintes locales de réseau;Poste pas concernée par des contraintes locales de réseau
REMIS;REMISE;49.2881254710721;1.93059617543249;HAUTS-DE-FRANCE;Disponible;Poste pas concernée par des contraintes locales de réseau;Poste en zones de soutirage HTB
RENA5;RENAUCOURT;47.6451494633915;5.77815742035448;BOURGOGNE-FRANCHE-COMTé;Disponible;Poste pas concernée par des contraintes locales de réseau;Poste pas concernée par des contraintes locales de réseau
R.COT;RENE-COTY;48.8247825817647;2.33659988141709;ÎLE-DE-FRANCE;Disponible;Poste pas concernée par des contraintes locales de réseau;Poste pas concernée par des contraintes locales de réseau
RENNE;RENNES;48.1061043302579;-1.70539281983337;BRETAGNE;Disponible;Poste en zones de soutirage HTA;Poste en zones de soutirage HTA et HTB
REQUI;REQUISTA;44.0358066848068;2.52020648861335;OCCITANIE;Disponible;Poste en zones d'injection photovoltaïque HTA;Poste en zones d'injection photovoltaïque HTA
RESOL;RESOLUT;44.0312553356362;-0.905696461359266;NOUVELLE-AQUITAINE;Disponible;Poste en zones d'injection photovoltaïque HTA;Poste en zones d'injection photovoltaïque HTA et HTB
MATZ;RESSONS-SUR-MATZ;49.5350975900909;2.74523819256188;HAUTS-DE-FRANCE;Disponible;Poste pas concernée par des contraintes locales de réseau;Poste pas concernée par des contraintes locales de réseau
RESSO;RESSONS-SUR-MATZ;49.5348493065876;2.74469674017009;HAUTS-DE-FRANCE;Disponible;Poste pas concernée par des contraintes locales de réseau;Poste pas concernée par des contraintes locales de réseau
RETHE;RETHEL;49.513576233624;4.34424345551448;GRAND EST;Disponible;Poste pas concernée par des contraintes locales de réseau;Poste pas concernée par des contraintes locales de réseau
REVEL;REVEL;43.4669624834786;1.9955332727579;OCCITANIE;Disponible;Poste en zones d'injection photovoltaïque HTA;Poste en zones d'injection photovoltaïque HTA et HTB
REVEN;REVENTIN;45.4921745914928;4.82782497459565;AUVERGNE-RHôNE-ALPES;Disponible;Poste en zones de soutirage HTA;Poste en zones de soutirage HTA et HTB
REVES;REVEST;48.9128725676056;2.35292781295743;ÎLE-DE-FRANCE;Disponible;Poste pas concernée par des contraintes locales de réseau;Poste pas concernée par des contraintes locales de réseau
REVIG;REVIGNY;48.8183136753558;4.99632620926649;GRAND EST;Disponible;Poste en zones d'injection photovoltaïque HTA;Poste en zones d'injection photovoltaïque HTA et HTB
REVIN;REVIN;49.929923294164;4.64178745256821;GRAND EST;Disponible;Poste en zones de soutirage HTA;Poste en zones de soutirage HTA et HTB
RHINA;RHINAU;48.2833960145601;7.6755090006408;GRAND EST;Disponible;Poste en zones de soutirage HTA;Poste en zones de soutirage HTA et HTB
RIAIL;RIAILLE;47.5079165786045;-1.283279853117;PAYS DE LA LOIRE;Disponible;Poste en zones d'injection photovoltaïque HTA;Poste en zones d'injection photovoltaïque HTA et HTB
RIBEA;RIBEAUVILLE;48.1896436989389;7.36915076976906;GRAND EST;Disponible;Poste en zones de soutirage HTA;Poste en zones de soutirage HTA et HTB
RIBEM;RIBEMONT;49.7791775836652;3.45482344807618;HAUTS-DE-FRANCE;Disponible;Poste pas concernée par des contraintes locales de réseau;Poste pas concernée par des contraintes locales de réseau
RICHA;RICHARDET;48.8330644368781;2.58198548682623;ÎLE-DE-FRANCE;Disponible;Poste en zones de soutirage HTA;Poste en zones de soutirage HTA et HTB
RICH5;RICHEBOURG;48.8113698822551;1.61772561583603;ÎLE-DE-FRANCE;Disponible;Poste en zones de soutirage HTA;Poste en zones de soutirage HTA et HTB
RICHE;RICHEMONT;49.2832297468285;6.17959313015809;GRAND EST;Disponible;Poste pas concernée par des contraintes locales de réseau;Poste en zones de soutirage HTB
RIETV;RIETVELD;50.831967390174;2.5431351477857;HAUTS-DE-FRANCE;Disponible;Poste pas concernée par des contraintes locales de réseau;Poste pas concernée par des contraintes locales de réseau
RIEZ;RIEZ;50.1462702724865;3.2141222348193;HAUTS-DE-FRANCE;Disponible;Poste pas concernée par des contraintes locales de réseau;Poste pas concernée par des contraintes locales de réseau
RIGNA;RIGNAC;44.7935063340355;1.69994223235557;OCCITANIE;Disponible;Poste en zones d'injection photovoltaïque HTA;Poste en zones d'injection photovoltaïque HTA et HTB
RILLI;RILLIEUX;45.8118517494894;4.8857596102142;AUVERGNE-RHôNE-ALPES;Disponible;Poste en zones de soutirage HTA;Poste en zones de soutirage HTA et HTB
RIOM;RIOM;45.8840233856245;3.12263264128202;AUVERGNE-RHôNE-ALPES;Disponible;Poste pas concernée par des contraintes locales de réseau;Poste pas concernée par des contraintes locales de réseau
R.LAN;RION-DES-LANDES;43.9187543069719;-0.915413085773047;NOUVELLE-AQUITAINE;Disponible;Poste en zones d'injection photovoltaïque HTA;Poste en zones d'injection photovoltaïque HTA et HTB
RIORG;RIORGES;46.0577004799794;4.05607337452579;AUVERGNE-RHôNE-ALPES;Disponible;Poste en zones d'injection photovoltaïque HTA;Poste en zones d'injection photovoltaïque HTA et HTB
RIOU;RIOU;47.4927059496342;1.68323052254649;CENTRE-VAL DE LOIRE;Disponible;Poste en zones d'injection photovoltaïque HTA;Poste en zones d'injection photovoltaïque HTA et HTB
RIOUP;RIOUPEROUX;45.0878888529816;5.90086686759181;AUVERGNE-RHôNE-ALPES;Disponible;Poste pas concernée par des contraintes locales de réseau;Poste pas concernée par des contraintes locales de réseau
RISCL;RISCLE;43.6576872366565;-0.0714741832463399;OCCITANIE;Disponible;Poste en zones d'injection photovoltaïque HTA;Poste en zones d'injection photovoltaïque HTA
R.ORA;RIS-ORANGIS (SNCF);48.6544646898036;2.42417027235048;ÎLE-DE-FRANCE;Disponible;Poste pas concernée par des contraintes locales de réseau;Poste pas concernée par des contraintes locales de réseau
RISSO;RISSO;43.707922043345;7.28567257791158;PROVENCE-ALPES-CôTE D’AZUR;Disponible;Poste en zones de soutirage HTA;Poste en zones de soutirage HTA et HTB
R.GI5;RIVE-DE-GIER;45.538013773329;4.63544334471072;AUVERGNE-RHôNE-ALPES;Disponible;Poste en zones de soutirage HTA;Poste en zones de soutirage HTA et HTB
R.GIE;RIVE-DE-GIER;45.5222372758338;4.59704754727436;AUVERGNE-RHôNE-ALPES;Disponible;Poste pas concernée par des contraintes locales de réseau;Poste pas concernée par des contraintes locales de réseau
RIVEN;RIVENEUVE;43.1206544140669;1.64118517519461;OCCITANIE;Disponible;Poste en zones d'injection photovoltaïque HTA;Poste en zones d'injection photovoltaïque HTA et HTB
RIVE2;RIVENEUVE 2;43.1215136563701;1.64191102152213;OCCITANIE;Disponible;Poste pas concernée par des contraintes locales de réseau;Poste pas concernée par des contraintes locales de réseau
RIVE5;RIVES;45.3646904165546;5.49091461673725;AUVERGNE-RHôNE-ALPES;Disponible;Poste en zones de soutirage HTA;Poste en zones de soutirage HTA et HTB
RIVIE;RIVIERE (LA);45.4131845724922;4.4052119424199;AUVERGNE-RHôNE-ALPES;Disponible;Poste en zones de soutirage HTA;Poste en zones de soutirage HTA et HTB
RIVI6;RIVIERES;43.9064842710703;1.96267423449814;OCCITANIE;Disponible;Poste pas concernée par des contraintes locales de réseau;Poste pas concernée par des contraintes locales de réseau
RIXHE;RIXHEIM;47.7520642308642;7.39815386668217;GRAND EST;Disponible;Poste pas concernée par des contraintes locales de réseau;Poste pas concernée par des contraintes locales de réseau
ROANN;ROANNE;46.0333853874978;4.08700203194733;AUVERGNE-RHôNE-ALPES;Disponible;Poste en zones de soutirage HTA;Poste en zones de soutirage HTA et HTB
ROBE5;ROBERTSAU;48.6144258281666;7.78083205428272;GRAND EST;Disponible;Poste pas concernée par des contraintes locales de réseau;Poste pas concernée par des contraintes locales de réseau
ROBI5;ROBINSON;48.7731276439885;2.24597803876422;ÎLE-DE-FRANCE;Disponible;Poste en zones de soutirage HTA;Poste en zones de soutirage HTA et HTB
ROCBA;ROCBARON;43.2990327573507;6.06998213212159;PROVENCE-ALPES-CôTE D’AZUR;Disponible;Poste en zones de soutirage HTA;Poste en zones de soutirage HTA et HTB
ROCH8;ROCHEFORT;45.9496301501803;-0.989852669371344;NOUVELLE-AQUITAINE;Disponible;Poste en zones de soutirage HTA;Poste en zones de soutirage HTA et HTB
ROCH5;ROCHETAILLEE;45.8475318445917;4.83701754608618;AUVERGNE-RHôNE-ALPES;Disponible;Poste en zones de soutirage HTA;Poste en zones de soutirage HTA et HTB
RODEZ;RODEZ;44.3432633403147;2.57395590145765;OCCITANIE;Disponible;Poste pas concernée par des contraintes locales de réseau;Poste pas concernée par des contraintes locales de réseau
ROESC;ROESCHWOOG;48.8387093918643;8.02858554885161;GRAND EST;Disponible;Poste pas concernée par des contraintes locales de réseau;Poste pas concernée par des contraintes locales de réseau
ROGNA;ROGNAC;43.507121598104;5.21738811813473;PROVENCE-ALPES-CôTE D’AZUR;Disponible;Poste pas concernée par des contraintes locales de réseau;Poste en zones de soutirage HTB
ROHRW;ROHRWILLER;48.7513133946297;7.91111427126076;GRAND EST;Disponible;Poste pas concernée par des contraintes locales de réseau;Poste pas concernée par des contraintes locales de réseau
ROISE;ROISEL;49.9467784868579;3.08892825406137;HAUTS-DE-FRANCE;Disponible;Poste pas concernée par des contraintes locales de réseau;Poste pas concernée par des contraintes locales de réseau
ROJA;ROJA;44.4106875142073;0.304573265006603;NOUVELLE-AQUITAINE;Saturé;Poste en zones de soutirage HTA;Poste en zones de soutirage HTA et HTB
ROLAM;ROLAMPONT;47.9234423496789;5.29066574270326;GRAND EST;En construction (déduit selon data Capareseau);Poste pas concernée par des contraintes locales de réseau;Poste en zones d'injection photovoltaïque HTB
ROM;ROM;46.3245780685382;0.145785082049952;NOUVELLE-AQUITAINE;En construction (déduit selon data Capareseau);Poste pas concernée par des contraintes locales de réseau;Poste pas concernée par des contraintes locales de réseau
ROMA6;ROMAGNE;48.3648544548695;-1.286428067281;BRETAGNE;Disponible;Poste en zones de soutirage HTA;Poste en zones de soutirage HTA et HTB
ROMAI;ROMAINVILLE;48.8947594539071;2.43730979175224;ÎLE-DE-FRANCE;Disponible;Poste en zones de soutirage HTA;Poste en zones de soutirage HTA et HTB
ROMEL;ROMELET;47.2808696380225;5.03936866103586;BOURGOGNE-FRANCHE-COMTé;Disponible;Poste en zones de soutirage HTA;Poste en zones de soutirage HTA et HTB
ROMEN;ROMENAY;46.5050910614221;5.05082504368004;BOURGOGNE-FRANCHE-COMTé;Disponible;Poste en zones de soutirage HTA;Poste en zones de soutirage HTA et HTB
ROMIL;ROMILLY;48.5064777215922;3.74582607956445;GRAND EST;Disponible;Poste pas concernée par des contraintes locales de réseau;Poste pas concernée par des contraintes locales de réseau
ROMOR;ROMORANTIN;47.3395124064291;1.7576343572474;CENTRE-VAL DE LOIRE;Disponible;Poste en zones d'injection photovoltaïque HTA;Poste en zones d'injection photovoltaïque HTA et HTB
RONCH;RONCHAMP;47.6956863909661;6.62733701059533;BOURGOGNE-FRANCHE-COMTé;Disponible;Poste en zones de soutirage HTA;Poste en zones de soutirage HTA et HTB
ROPHE;ROPHEMEL;48.3204573971378;-2.06086734101595;BRETAGNE;Disponible;Poste en zones de soutirage HTA;Poste en zones de soutirage HTA et HTB
RQBIL;ROQUEBILLIERE;44.0210372081597;7.30791032484912;PROVENCE-ALPES-CôTE D’AZUR;Disponible;Poste en zones de soutirage HTA;Poste en zones de soutirage HTA et HTB
RQFOR;ROQUEFORT;44.0448136065355;-0.322463800202398;NOUVELLE-AQUITAINE;Disponible;Poste pas concernée par des contraintes locales de réseau;Poste pas concernée par des contraintes locales de réseau
RQROU;ROQUEROUSSE;43.6733908254424;5.10106564428334;PROVENCE-ALPES-CôTE D’AZUR;Disponible;Poste pas concernée par des contraintes locales de réseau;Poste en zones de soutirage HTB
ROSAN;ROSANAIS;44.3875505526549;5.49616436468666;PROVENCE-ALPES-CôTE D’AZUR;Disponible;Poste pas concernée par des contraintes locales de réseau;Poste pas concernée par des contraintes locales de réseau
ROSEN;ROSENAU;47.6250151390388;7.55431232138009;GRAND EST;Disponible;Poste en zones de soutirage HTA;Poste en zones de soutirage HTA et HTB
ROSIE;ROSIERES;48.262005591535;4.0536500842698;GRAND EST;En construction (déduit selon data Capareseau);Poste pas concernée par des contraintes locales de réseau;Poste en zones d'injection photovoltaïque HTB
ROSPE;ROSPEZ;48.7243806024406;-3.40313134262481;BRETAGNE;Disponible;Poste pas concernée par des contraintes locales de réseau;Poste pas concernée par des contraintes locales de réseau
ROSS5;ROSSIGNOL;49.0310798157835;2.70656788871756;ÎLE-DE-FRANCE;Disponible;Poste pas concernée par des contraintes locales de réseau;Poste pas concernée par des contraintes locales de réseau
ROSSI;ROSSILLON;45.8268981880921;5.59911010312288;AUVERGNE-RHôNE-ALPES;Disponible;Poste pas concernée par des contraintes locales de réseau;Poste pas concernée par des contraintes locales de réseau
ROSTR;ROSTRENEN;48.246969039104;-3.32397633869635;BRETAGNE;Disponible;Poste pas concernée par des contraintes locales de réseau;Poste pas concernée par des contraintes locales de réseau
ROU.N;ROUBAIX-NORD;50.7029021525668;3.17280009274015;HAUTS-DE-FRANCE;Disponible;Poste en zones de soutirage HTA;Poste en zones de soutirage HTA et HTB
R.LES;ROUEN-LESSARD;49.4332699720631;1.08914744403669;NORMANDIE;Disponible;Poste pas concernée par des contraintes locales de réseau;Poste pas concernée par des contraintes locales de réseau
ROUGE;ROUGEMONTIER;49.3433211920164;0.734966926529283;NORMANDIE;Disponible;Poste pas concernée par des contraintes locales de réseau;Poste en zones de soutirage HTB
ROUI5;ROUILLAC;45.7641305932843;-0.0746473239530544;NOUVELLE-AQUITAINE;Disponible;Poste pas concernée par des contraintes locales de réseau;Poste pas concernée par des contraintes locales de réseau
ROUMA;ROUMAGNOLLE;45.9359374752657;-0.509031996001905;NOUVELLE-AQUITAINE;Disponible;Poste pas concernée par des contraintes locales de réseau;Poste pas concernée par des contraintes locales de réseau
ROUMO;ROUMOULES;43.7889689054852;6.15749245430227;PROVENCE-ALPES-CôTE D’AZUR;Disponible;Poste en zones d'injection photovoltaïque HTA;Poste en zones d'injection photovoltaïque HTA et HTB
ROURE;ROURE;43.5493937022732;4.39923832087151;PROVENCE-ALPES-CôTE D’AZUR;Disponible;Poste pas concernée par des contraintes locales de réseau;Poste pas concernée par des contraintes locales de réseau
ROUS5;ROUSSET;43.471153391481;5.61575070629815;PROVENCE-ALPES-CôTE D’AZUR;Disponible;Poste en zones de soutirage HTA;Poste en zones de soutirage HTA et HTB
ROUS6;ROUSSINES;46.4382193182105;1.35559719939474;CENTRE-VAL DE LOIRE;Disponible;Poste en zones d'injection photovoltaïque HTA;Poste en zones d'injection photovoltaïque HTA et HTB
ROUSS;ROUSSON;48.0945977960735;3.27857326141545;BOURGOGNE-FRANCHE-COMTé;Disponible;Poste en zones de soutirage HTA;Poste en zones de soutirage HTA et HTB
ROUS7;ROUSSY;49.4446712592478;6.17174921303478;GRAND EST;Disponible;Poste en zones de soutirage HTA;Poste en zones de soutirage HTA et HTB
ROUYE;ROUYE;43.6709510880073;-0.810093325725141;NOUVELLE-AQUITAINE;Disponible;Poste en zones de soutirage HTA;Poste en zones de soutirage HTA et HTB
ROYAN;ROYAN;45.6319239772209;-1.01972729248695;NOUVELLE-AQUITAINE;Disponible;Poste en zones de soutirage HTA;Poste en zones de soutirage HTA et HTB
ROYE;ROYE;49.6940112915226;2.80070264604307;HAUTS-DE-FRANCE;Disponible;Poste pas concernée par des contraintes locales de réseau;Poste pas concernée par des contraintes locales de réseau
RUE;RUE;50.2769675691504;1.68468755222948;HAUTS-DE-FRANCE;Disponible;Poste pas concernée par des contraintes locales de réseau;Poste pas concernée par des contraintes locales de réseau
RUEIL;RUEIL;48.8904906555818;2.16828664445565;ÎLE-DE-FRANCE;Disponible;Poste en zones de soutirage HTA;Poste en zones de soutirage HTA et HTB
RUEYR;RUEYRES;44.7791323681319;2.68894515244359;OCCITANIE;Disponible;Poste en zones d'injection photovoltaïque HTA;Poste en zones d'injection photovoltaïque HTA et HTB
RUFF8;RUFFECOIS;46.0629820205403;0.173605507730259;NOUVELLE-AQUITAINE;Disponible;Poste pas concernée par des contraintes locales de réseau;Poste pas concernée par des contraintes locales de réseau
RULHA;RULHAT;45.812405575353;3.27085777186789;AUVERGNE-RHôNE-ALPES;Disponible;Poste pas concernée par des contraintes locales de réseau;Poste en zones de soutirage HTB
RUMEN;RUMENGOL;48.3036337810452;-4.14242929996496;BRETAGNE;Disponible;Poste pas concernée par des contraintes locales de réseau;Poste pas concernée par des contraintes locales de réseau
RUMIL;RUMILLY;45.8719672180825;5.94258440147243;AUVERGNE-RHôNE-ALPES;Disponible;Poste pas concernée par des contraintes locales de réseau;Poste pas concernée par des contraintes locales de réseau
RUNGI;RUNGIS;48.7467578575634;2.36792128019096;ÎLE-DE-FRANCE;Disponible;Poste en zones de soutirage HTA;Poste en zones de soutirage HTA et HTB
RUPER;RUPEREUX;48.6364956495585;3.33657494497884;ÎLE-DE-FRANCE;Disponible;Poste en zones de soutirage HTA;Poste en zones de soutirage HTA et HTB
RUSSY;RUSSY;49.2438567587233;2.97290888534581;HAUTS-DE-FRANCE;Disponible;Poste pas concernée par des contraintes locales de réseau;Poste pas concernée par des contraintes locales de réseau
SABLE;SABLE;47.8375379500443;-0.353243992039937;PAYS DE LA LOIRE;Disponible;Poste en zones de soutirage HTA;Poste en zones de soutirage HTA et HTB
SABRA;SABRAN;44.1587816638476;4.5422231266773;OCCITANIE;Disponible;Poste en zones de soutirage HTA;Poste en zones de soutirage HTA et HTB
SACL5;SACLAY;48.7483988290437;2.15992876541579;ÎLE-DE-FRANCE;Disponible;Poste en zones de soutirage HTA;Poste en zones de soutirage HTA et HTB
SADIR;SADIRAC;44.7859352795375;-0.377352508680365;NOUVELLE-AQUITAINE;Disponible;Poste pas concernée par des contraintes locales de réseau;Poste pas concernée par des contraintes locales de réseau
SAGN5;SAGNES (LES);44.8894014153664;6.63073546280352;PROVENCE-ALPES-CôTE D’AZUR;Disponible;Poste pas concernée par des contraintes locales de réseau;Poste pas concernée par des contraintes locales de réseau
SAINN;SAINNEVILLE;49.5519579117902;0.274783138093962;NORMANDIE;En construction (déduit selon data Capareseau);Poste pas concernée par des contraintes locales de réseau;Poste pas concernée par des contraintes locales de réseau
SSHEN;SAINT HENRI;44.4981386049289;1.43925956486988;OCCITANIE;Disponible;Poste en zones de soutirage HTA;Poste en zones de soutirage HTA et HTB
SSHUB;SAINT HUBERT;49.3000263615208;6.13230009660657;GRAND EST;Disponible;Poste en zones de soutirage HTA;Poste en zones de soutirage HTA et HTB
SSJUL;SAINT JULIEN;49.152221568683;6.2121767020202;GRAND EST;Disponible;Poste pas concernée par des contraintes locales de réseau;Poste en zones de soutirage HTB
SSNAB;SAINT NABORD;48.0719656257055;6.60432812036767;GRAND EST;Disponible;Poste pas concernée par des contraintes locales de réseau;Poste pas concernée par des contraintes locales de réseau
SSSA6;SAINT SAVOURNIN;43.4141140440561;5.54783715549916;PROVENCE-ALPES-CôTE D’AZUR;Disponible;Poste en zones de soutirage HTA;Poste en zones de soutirage HTA et HTB
SSBR5;SAINT-BRICE;49.2604414888053;4.00324044938579;GRAND EST;Disponible;Poste pas concernée par des contraintes locales de réseau;Poste pas concernée par des contraintes locales de réseau
SSBR6;SAINT-BRICE;48.4172847665289;-1.38708412909325;BRETAGNE;Disponible;Poste en zones de soutirage HTA;Poste en zones de soutirage HTA et HTB
SSCHR;SAINT-CHRISTOL;43.6893344360801;4.05962022248376;OCCITANIE;Disponible;Poste pas concernée par des contraintes locales de réseau;Poste en zones de soutirage HTB
SSCYR;SAINT-CYR SUR MER;43.196927054537;5.7099348072354;PROVENCE-ALPES-CôTE D’AZUR;Disponible;Poste en zones de soutirage HTA;Poste en zones de soutirage HTA et HTB
SSEVI;SAINTE EUGENIE DE VILLENEUVE;45.2241236451445;3.56200107695069;AUVERGNE-RHôNE-ALPES;Disponible;Poste pas concernée par des contraintes locales de réseau;Poste pas concernée par des contraintes locales de réseau
SSEUL;SAINTE-EULALIE;44.9041117462;-0.491891076688421;NOUVELLE-AQUITAINE;Disponible;Poste en zones de soutirage HTA;Poste en zones de soutirage HTA et HTB
SAINT;SAINTES;45.7511120684685;-0.612803290034008;NOUVELLE-AQUITAINE;Disponible;Poste pas concernée par des contraintes locales de réseau;Poste pas concernée par des contraintes locales de réseau
SSFEY;STE-FEYRE;46.1975888455293;1.918390220465;NOUVELLE-AQUITAINE;En construction (déduit selon data Capareseau);Poste pas concernée par des contraintes locales de réseau;Poste en zones d'injection photovoltaïque HTB
SSHE8;SAINT-HERBLAIN;47.2232954906519;-1.61147468560068;PAYS DE LA LOIRE;Disponible;Poste en zones de soutirage HTA;Poste en zones de soutirage HTA et HTB
SSRIE;SAINT-HILAIRE-DE-RIEZ;46.7387636691402;-1.93213360376953;PAYS DE LA LOIRE;Disponible;Poste pas concernée par des contraintes locales de réseau;Poste pas concernée par des contraintes locales de réseau
SSBO5;SAINT-JEAN-DE-BOURNAY;45.50095977944;5.11584812528763;AUVERGNE-RHôNE-ALPES;Disponible;Poste pas concernée par des contraintes locales de réseau;Poste pas concernée par des contraintes locales de réseau
SSFOL;SAINT-JEAN-DE-FOLLEVILLE;49.4936734125187;0.483532626004457;NORMANDIE;Disponible;Poste pas concernée par des contraintes locales de réseau;Poste pas concernée par des contraintes locales de réseau
SSORE;SAINT-ORENS;43.5520585224324;1.50859307728382;OCCITANIE;Disponible;Poste pas concernée par des contraintes locales de réseau;Poste pas concernée par des contraintes locales de réseau
SSRLA;SAINT-REMY LES LANDES;49.2968902287933;-1.66158005947374;NORMANDIE;Disponible;Poste pas concernée par des contraintes locales de réseau;Poste pas concernée par des contraintes locales de réseau
SSSU5;SAINT-SULAN;47.8268320484762;-3.31721912000291;BRETAGNE;Disponible;Poste en zones de soutirage HTA;Poste en zones de soutirage HTA et HTB
SSANJ;SAINT-SYLVAIN-D'ANJOU;47.5114322406822;-0.482840342895168;PAYS DE LA LOIRE;Disponible;Poste en zones de soutirage HTA;Poste en zones de soutirage HTA et HTB
SSVIN;SAINT-VINCENT;43.3548111308818;3.21809460948843;OCCITANIE;Disponible;Poste en zones de soutirage HTA;Poste en zones de soutirage HTA et HTB
SALAI;SALAISE;45.3508334477688;4.80277104342738;AUVERGNE-RHôNE-ALPES;Disponible;Poste en zones de soutirage HTA;Poste en zones de soutirage HTA et HTB
SALAN;SALANQUES;42.7881905854524;3.00224753101312;OCCITANIE;Disponible;Poste en zones d'injection photovoltaïque HTA;Poste en zones d'injection photovoltaïque HTA et HTB
SALER;SALERNES;43.5606851218322;6.25050974343279;PROVENCE-ALPES-CôTE D’AZUR;Disponible;Poste pas concernée par des contraintes locales de réseau;Poste pas concernée par des contraintes locales de réseau
SALET;SALETTES;45.0739113428977;4.28448470836374;AUVERGNE-RHôNE-ALPES;Disponible;Poste pas concernée par des contraintes locales de réseau;Poste pas concernée par des contraintes locales de réseau
SALIG;SALIGNAC;44.1373357128444;5.97885074628747;PROVENCE-ALPES-CôTE D’AZUR;Disponible;Poste pas concernée par des contraintes locales de réseau;Poste pas concernée par des contraintes locales de réseau
S.GIR;SALIN-DE-GIRAUD;43.4168672280269;4.73080148642633;PROVENCE-ALPES-CôTE D’AZUR;Disponible;Poste pas concernée par des contraintes locales de réseau;Poste pas concernée par des contraintes locales de réseau
SALI5;SALINS;46.94663;5.87763;BOURGOGNE-FRANCHE-COMTé;Disponible;Poste pas concernée par des contraintes locales de réseau;Poste pas concernée par des contraintes locales de réseau
SALLA;SALLANCHES;45.9564264497792;6.63267755555292;AUVERGNE-RHôNE-ALPES;Disponible;Poste en zones de soutirage HTA;Poste en zones de soutirage HTA et HTB
SALL7;SALLE (LA);46.4141870059143;4.86462031944422;BOURGOGNE-FRANCHE-COMTé;Disponible;Poste en zones de soutirage HTA;Poste en zones de soutirage HTA et HTB
S.MOU;SALLES-MOUSSAC;45.9575819545026;0.143380771851694;NOUVELLE-AQUITAINE;Disponible;Poste pas concernée par des contraintes locales de réseau;Poste pas concernée par des contraintes locales de réseau
SALON;SALON;43.6324087724581;5.11567284074162;PROVENCE-ALPES-CôTE D’AZUR;Disponible;Poste pas concernée par des contraintes locales de réseau;Poste pas concernée par des contraintes locales de réseau
S.AIR;SALON BEL AIR;43.6402991616124;5.05271749443169;PROVENCE-ALPES-CôTE D’AZUR;Disponible;Poste pas concernée par des contraintes locales de réseau;Poste pas concernée par des contraintes locales de réseau
S.BLA;SALON-CROIX-BLANCHE;43.6396812887156;5.11268345235387;PROVENCE-ALPES-CôTE D’AZUR;Disponible;Poste en zones de soutirage HTA;Poste en zones de soutirage HTA et HTB
SALSI;SALSIGNE;43.286910454749;2.36558612979917;OCCITANIE;Disponible;Poste pas concernée par des contraintes locales de réseau;Poste pas concernée par des contraintes locales de réseau
SALZU;SALZUIT;45.2006146242591;3.49303207521891;AUVERGNE-RHôNE-ALPES;Disponible;Poste en zones d'injection photovoltaïque HTA;Poste en zones d'injection photovoltaïque HTA et HTB
SAMER;SAMER;50.6099918684461;1.74005365863838;HAUTS-DE-FRANCE;Disponible;Poste pas concernée par des contraintes locales de réseau;Poste pas concernée par des contraintes locales de réseau
SAMOI;SAMOIS;48.4361287613345;2.73819724604855;ÎLE-DE-FRANCE;Disponible;Poste en zones de soutirage HTA;Poste en zones de soutirage HTA et HTB
SAMOR;SAMOREAU (SNCF);48.4138545010909;2.75774350245249;ÎLE-DE-FRANCE;Disponible;Poste pas concernée par des contraintes locales de réseau;Poste en zones de soutirage HTB
SANCE;SANCERRE;47.3383567818403;2.83613863356563;CENTRE-VAL DE LOIRE;Disponible;Poste pas concernée par des contraintes locales de réseau;Poste pas concernée par des contraintes locales de réseau
SANDO;SANDOUVILLE;49.4756048765915;0.295394835338354;NORMANDIE;Disponible;Poste pas concernée par des contraintes locales de réseau;Poste pas concernée par des contraintes locales de réseau
SANDR;SANDRICOURT;49.2171110193933;2.12916367642821;HAUTS-DE-FRANCE;Disponible;Poste en zones de soutirage HTA;Poste en zones de soutirage HTA et HTB
SANGO;SANGONIS;43.6603064727188;3.51376019625149;OCCITANIE;Disponible;Poste pas concernée par des contraintes locales de réseau;Poste pas concernée par des contraintes locales de réseau
SANIL;SANILHAC;45.1472680120651;0.676909701061252;NOUVELLE-AQUITAINE;Disponible;Poste pas concernée par des contraintes locales de réseau;Poste en zones de soutirage HTB
SANSS;SANSSAC (L'EGLISE);45.0449049456443;3.80012836413072;AUVERGNE-RHôNE-ALPES;Disponible;Poste pas concernée par des contraintes locales de réseau;Poste en zones de soutirage HTB
SAONN;SAONNET;49.258701937879;-0.889896855876478;NORMANDIE;Disponible;Poste pas concernée par des contraintes locales de réseau;Poste pas concernée par des contraintes locales de réseau
SARAN;SARAN;47.9626216902752;1.88946401899066;CENTRE-VAL DE LOIRE;Disponible;Poste pas concernée par des contraintes locales de réseau;Poste en zones de soutirage HTB
SARDO;SARDON;45.5199760063146;4.59074562296424;AUVERGNE-RHôNE-ALPES;Disponible;Poste en zones de soutirage HTA;Poste en zones de soutirage HTA et HTB
SARLA;SARLAT;44.8731586898756;1.21078309503389;NOUVELLE-AQUITAINE;Disponible;Poste en zones de soutirage HTA;Poste en zones de soutirage HTA et HTB
SARR5;SARRE;45.7712121655651;3.120377515915;AUVERGNE-RHôNE-ALPES;Disponible;Poste en zones de soutirage HTA;Poste en zones de soutirage HTA et HTB
SARRE;SARREBOURG;48.7403900112536;7.03762162667649;GRAND EST;Disponible;Poste pas concernée par des contraintes locales de réseau;Poste pas concernée par des contraintes locales de réseau
SARR6;SARREGUEMINES;49.0960843772427;7.07786407812675;GRAND EST;Disponible;Poste pas concernée par des contraintes locales de réseau;Poste pas concernée par des contraintes locales de réseau
S.UNI;SARRE-UNION;48.935126970235;7.05889738735942;GRAND EST;Disponible;Poste pas concernée par des contraintes locales de réseau;Poste pas concernée par des contraintes locales de réseau
SARSA;SARSAN;43.1018400068406;-0.0328220840585109;OCCITANIE;Disponible;Poste en zones de soutirage HTA;Poste en zones de soutirage HTA et HTB
SARZE;SARZEAU;47.5187910648115;-2.76182931290688;BRETAGNE;Disponible;Poste en zones de soutirage HTA;Poste en zones de soutirage HTA et HTB
SAUCA;SAUCATS;44.6138389386911;-0.614079149560674;NOUVELLE-AQUITAINE;Disponible;Poste en zones d'injection photovoltaïque HTA;Poste en zones d'injection photovoltaïque HTA et HTB
SAUCL;SAUCLIERES;43.3300850811192;3.22924633438903;OCCITANIE;Disponible;Poste en zones de soutirage HTA;Poste en zones de soutirage HTA et HTB
SAUCO;SAUCOURT;50.0865702777116;1.58104589153648;HAUTS-DE-FRANCE;Disponible;Poste pas concernée par des contraintes locales de réseau;Poste pas concernée par des contraintes locales de réseau
SAUDR;SAUDRUPT;48.7046666012745;5.07119635715464;GRAND EST;Disponible;Poste pas concernée par des contraintes locales de réseau;Poste pas concernée par des contraintes locales de réseau
SAUGE;SAUGEES (SNCF);48.6271215767747;2.30716730837975;ÎLE-DE-FRANCE;Disponible;Poste pas concernée par des contraintes locales de réseau;Poste en zones de soutirage HTB
SAUIL;SAUILLY;47.7201920553782;3.34816576667972;BOURGOGNE-FRANCHE-COMTé;Disponible;Poste en zones d'injection photovoltaïque HTA;Poste en zones d'injection photovoltaïque HTA et HTB
SAUJO;SAUJON;45.6785887834027;-0.909409993633156;NOUVELLE-AQUITAINE;Disponible;Poste pas concernée par des contraintes locales de réseau;Poste pas concernée par des contraintes locales de réseau
SAULE;SAULES;48.7907142446244;2.05929347784463;ÎLE-DE-FRANCE;Disponible;Poste en zones de soutirage HTA;Poste en zones de soutirage HTA et HTB
SAULI;SAULIEU;47.2737095905679;4.22338155474312;BOURGOGNE-FRANCHE-COMTé;Disponible;Poste en zones d'injection photovoltaïque HTA;Poste en zones d'injection photovoltaïque HTA et HTB
SAUL5;SAULNOIS;48.8485741200686;6.45627620974735;GRAND EST;En construction (déduit selon data Capareseau);Poste pas concernée par des contraintes locales de réseau;Poste pas concernée par des contraintes locales de réseau
SAUL2;SAULNOIS 2;48.8522791834989;6.45079435571998;GRAND EST;Disponible;Poste pas concernée par des contraintes locales de réseau;Poste pas concernée par des contraintes locales de réseau
SAUMA;SAUMADE;43.62315161917;3.89514054564261;OCCITANIE;Disponible;Poste en zones de soutirage HTA;Poste en zones de soutirage HTA et HTB
SAUM6;SAUMATY;43.3549034690715;5.33998729268532;PROVENCE-ALPES-CôTE D’AZUR;Disponible;Poste en zones de soutirage HTA;Poste en zones de soutirage HTA et HTB
SAUMU;SAUMUR;47.2438309478041;-0.0691722786958178;PAYS DE LA LOIRE;Disponible;Poste pas concernée par des contraintes locales de réseau;Poste pas concernée par des contraintes locales de réseau
SAUS2;SAUSSAZ II (LA);45.2100959830566;6.47632725953583;AUVERGNE-RHôNE-ALPES;Disponible;Poste pas concernée par des contraintes locales de réseau;Poste pas concernée par des contraintes locales de réseau
SAUS5;SAUSSET;48.974251291991;2.57362955758729;ÎLE-DE-FRANCE;Disponible;Poste en zones de soutirage HTA;Poste en zones de soutirage HTA et HTB
SAUTE;SAUTET (LE);44.8163542231606;5.90828028623498;AUVERGNE-RHôNE-ALPES;Disponible;Poste en zones de soutirage HTA;Poste en zones de soutirage HTA et HTB
SAUTI;SAUTILLET;49.393442360954;3.11106214458434;HAUTS-DE-FRANCE;Disponible;Poste pas concernée par des contraintes locales de réseau;Poste pas concernée par des contraintes locales de réseau
SAUVA;SAUVAGEON;48.2835770070643;2.39809054247112;CENTRE-VAL DE LOIRE;Disponible;Poste pas concernée par des contraintes locales de réseau;Poste pas concernée par des contraintes locales de réseau
SAUV7;SAUVE;43.9627210796782;3.94782015362053;OCCITANIE;Disponible;Poste en zones de soutirage HTA;Poste en zones de soutirage HTA et HTB
SAUV5;SAUVEUR;48.1683098253404;-2.62734387415265;BRETAGNE;Disponible;Poste pas concernée par des contraintes locales de réseau;Poste pas concernée par des contraintes locales de réseau
SAVEN;SAVENAY;47.3299332587332;-1.90666661808516;PAYS DE LA LOIRE;Disponible;Poste en zones de soutirage HTA;Poste en zones de soutirage HTA et HTB
SAVE5;SAVERDUN;43.2262752959672;1.62785018119412;OCCITANIE;Disponible;Poste pas concernée par des contraintes locales de réseau;Poste pas concernée par des contraintes locales de réseau
SAVER;SAVERNE;48.7616522755874;7.37674337931766;GRAND EST;Disponible;Poste pas concernée par des contraintes locales de réseau;Poste pas concernée par des contraintes locales de réseau
SAVES;SAVES;43.4244621389667;0.797809854924197;OCCITANIE;Disponible;Poste pas concernée par des contraintes locales de réseau;Poste pas concernée par des contraintes locales de réseau
SAVIG;SAVIGNAC;45.1027021663655;3.0337715689694;AUVERGNE-RHôNE-ALPES;Disponible;Poste en zones d'injection photovoltaïque HTA;Poste en zones d'injection photovoltaïque HTA et HTB
SCAER;SCAER;48.0462300682977;-3.72309203969187;BRETAGNE;Disponible;Poste en zones de soutirage HTA;Poste en zones de soutirage HTA et HTB
S.BOE;SCEAUX-BOESSE;48.1231299941709;0.573528803293659;PAYS DE LA LOIRE;Disponible;Poste pas concernée par des contraintes locales de réseau;Poste pas concernée par des contraintes locales de réseau
SCHEE;SCHEER;48.3440328535978;7.51299318596268;GRAND EST;Disponible;Poste pas concernée par des contraintes locales de réseau;Poste en zones de soutirage HTB
SCHIR;SCHIRMECK;48.4678581833533;7.21313596227875;GRAND EST;Disponible;Poste pas concernée par des contraintes locales de réseau;Poste pas concernée par des contraintes locales de réseau
SECAR;SECARY;44.6158838252114;-1.1258251317557;NOUVELLE-AQUITAINE;Disponible;Poste pas concernée par des contraintes locales de réseau;Poste pas concernée par des contraintes locales de réseau
SEES;SEES;48.5966604404632;0.190043970164651;NORMANDIE;Disponible;Poste en zones de soutirage HTA;Poste en zones de soutirage HTA et HTB
SEGRE;SEGRE;47.6914794390804;-0.896186581498107;PAYS DE LA LOIRE;Disponible;Poste en zones de soutirage HTA;Poste en zones de soutirage HTA et HTB
SEIGY;SEIGY;47.2546517343129;1.37989639803854;CENTRE-VAL DE LOIRE;Disponible;Poste en zones d'injection photovoltaïque HTA;Poste en zones d'injection photovoltaïque HTA et HTB
SEINE;SEINE;48.9209628468746;2.33993293673832;ÎLE-DE-FRANCE;Disponible;Poste pas concernée par des contraintes locales de réseau;Poste en zones de soutirage HTB
SEIX;SEIX;42.8721742413781;1.20388132916493;OCCITANIE;Disponible;Poste en zones d'injection photovoltaïque HTA;Poste en zones d'injection photovoltaïque HTA et HTB
SELES;SELESTAT;48.2769052135291;7.42609111014929;GRAND EST;Disponible;Poste en zones de soutirage HTA;Poste en zones de soutirage HTA et HTB
S.CHE;SELLES-SUR-CHER;47.2858360418113;1.54913385659218;CENTRE-VAL DE LOIRE;Disponible;Poste en zones d'injection photovoltaïque HTA;Poste en zones d'injection photovoltaïque HTA et HTB
SELON;SELONCOURT;47.4665612219368;6.86322417002429;BOURGOGNE-FRANCHE-COMTé;Disponible;Poste pas concernée par des contraintes locales de réseau;Poste pas concernée par des contraintes locales de réseau
SEMBL;SEMBLANCAY;47.5223194646475;0.555000102399985;CENTRE-VAL DE LOIRE;Disponible;Poste pas concernée par des contraintes locales de réseau;Poste pas concernée par des contraintes locales de réseau
SEMEZ;SEMEZIES;43.502650518158;0.734166292260759;OCCITANIE;Disponible;Poste en zones d'injection photovoltaïque HTA;Poste en zones d'injection photovoltaïque HTA et HTB
SEMIN;SEMINAIRE;46.5346537577089;3.36171229515064;AUVERGNE-RHôNE-ALPES;Disponible;Poste en zones d'injection photovoltaïque HTA;Poste en zones d'injection photovoltaïque HTA et HTB
SENAR;SENART;48.6086954541868;2.58480633788409;ÎLE-DE-FRANCE;Disponible;Poste en zones de soutirage HTA;Poste en zones de soutirage HTA et HTB
SENLI;SENLIS;49.2034703646588;2.60726350483633;HAUTS-DE-FRANCE;Disponible;Poste en zones de soutirage HTA;Poste en zones de soutirage HTA et HTB
SENON;SENONCHES;48.560668609715;1.04948071786613;CENTRE-VAL DE LOIRE;Disponible;Poste pas concernée par des contraintes locales de réseau;Poste pas concernée par des contraintes locales de réseau
SENS;SENS;48.1969655412176;3.26352836613684;BOURGOGNE-FRANCHE-COMTé;Disponible;Poste en zones de soutirage HTA;Poste en zones de soutirage HTA et HTB
S.DEN;SEPT-DENIERS;43.6169669898716;1.41805236413468;OCCITANIE;Disponible;Poste en zones de soutirage HTA;Poste en zones de soutirage HTA et HTB
SEPTE;SEPTEMES;43.396152326044;5.35363026570881;PROVENCE-ALPES-CôTE D’AZUR;En construction (déduit selon data Capareseau);Poste en zones de soutirage HTA;Poste en zones de soutirage HTA et HTB
S.SAU;SEPT-SAULX;49.1442024220993;4.26123982384818;GRAND EST;Disponible;Poste pas concernée par des contraintes locales de réseau;Poste pas concernée par des contraintes locales de réseau
SEQUE;SEQUEDIN;50.625115585951;3.00322653841955;HAUTS-DE-FRANCE;Disponible;Poste en zones de soutirage HTA;Poste en zones de soutirage HTA et HTB
SEREI;SEREIN;47.8862575925134;3.74072545988272;BOURGOGNE-FRANCHE-COMTé;En construction (déduit selon data Capareseau);Poste pas concernée par des contraintes locales de réseau;Poste pas concernée par des contraintes locales de réseau
SERMA;SERMAISES;48.289451438955;2.20509184224428;CENTRE-VAL DE LOIRE;Disponible;Poste pas concernée par des contraintes locales de réseau;Poste pas concernée par des contraintes locales de réseau
SERQU;SERQUIGNY;49.1265650578006;0.721365393541602;NORMANDIE;Disponible;Poste en zones de soutirage HTA;Poste en zones de soutirage HTA et HTB
S.BAR;SERRE-BARBIN;44.9555131627171;6.54472070536574;PROVENCE-ALPES-CôTE D’AZUR;Disponible;Poste pas concernée par des contraintes locales de réseau;Poste pas concernée par des contraintes locales de réseau
S.PON;SERRE-PONCON;44.4693337727704;6.26784354857194;PROVENCE-ALPES-CôTE D’AZUR;Disponible;Poste pas concernée par des contraintes locales de réseau;Poste pas concernée par des contraintes locales de réseau
SERRI;SERRIERES;45.8872229128448;5.84170726861563;AUVERGNE-RHôNE-ALPES;Disponible;Poste pas concernée par des contraintes locales de réseau;Poste pas concernée par des contraintes locales de réseau
SERVA;SERVAS;46.1481648700104;5.17778762140276;AUVERGNE-RHôNE-ALPES;Disponible;Poste en zones de soutirage HTA;Poste en zones de soutirage HTA et HTB
SERV5;SERVES;45.1345538006236;4.81742772723669;AUVERGNE-RHôNE-ALPES;Disponible;Poste pas concernée par des contraintes locales de réseau;Poste pas concernée par des contraintes locales de réseau
SERV6;SERVON;48.1332906870127;-1.46963243511503;BRETAGNE;Disponible;Poste en zones de soutirage HTA;Poste en zones de soutirage HTA et HTB
SETE;SETE;43.413334414077;3.69469856401974;OCCITANIE;Disponible;Poste en zones de soutirage HTA;Poste en zones de soutirage HTA et HTB
SETIE;SETIER;49.843053600491;3.34600750723292;HAUTS-DE-FRANCE;En construction (déduit selon data Capareseau);Poste pas concernée par des contraintes locales de réseau;Poste pas concernée par des contraintes locales de réseau
SETI3;SETIER 3;49.9216964246052;3.37154112435666;HAUTS-DE-FRANCE;En construction (déduit selon data Capareseau);Poste pas concernée par des contraintes locales de réseau;Poste pas concernée par des contraintes locales de réseau
SEUIL;SEUIL;49.4535484547478;4.43323016726279;GRAND EST;Disponible;Poste pas concernée par des contraintes locales de réseau;Poste pas concernée par des contraintes locales de réseau
SEU.E;SEUIL EST;49.3999852337665;4.48894513893162;GRAND EST;En construction (déduit selon data Capareseau);Poste pas concernée par des contraintes locales de réseau;Poste pas concernée par des contraintes locales de réseau
SEU.O;SEUIL OUEST;49.5463107555563;4.24932332732526;GRAND EST;En construction (déduit selon data Capareseau);Poste pas concernée par des contraintes locales de réseau;Poste pas concernée par des contraintes locales de réseau
SEVE5;SEVERAC;47.5418337705792;-2.04593553155015;PAYS DE LA LOIRE;Disponible;Poste en zones de soutirage HTA;Poste en zones de soutirage HTA et HTB
SEVER;SEVERAC;44.3263728937667;3.05517450960835;OCCITANIE;Disponible;Poste en zones d'injection photovoltaïque HTA;Poste en zones d'injection photovoltaïque HTA
SEVIG;SEVIGNAC;48.3140983696389;-2.33209072013889;BRETAGNE;Disponible;Poste pas concernée par des contraintes locales de réseau;Poste pas concernée par des contraintes locales de réseau
SEVRE;SEVRES;48.8513562406955;2.3304724143337;ÎLE-DE-FRANCE;Disponible;Poste en zones de soutirage HTA;Poste en zones de soutirage HTA et HTB
SEYS5;SEYSSES;43.5157115652896;1.28363615295039;OCCITANIE;Disponible;Poste en zones de soutirage HTA;Poste en zones de soutirage HTA et HTB
SEZAN;SEZANNE;48.7179614966168;3.74517245596581;GRAND EST;Disponible;Poste pas concernée par des contraintes locales de réseau;Poste pas concernée par des contraintes locales de réseau
SIBEL;SIBELIN;45.6527595309498;4.84434213764415;AUVERGNE-RHôNE-ALPES;Disponible;Poste pas concernée par des contraintes locales de réseau;Poste pas concernée par des contraintes locales de réseau
SIERE;SIERENTZ;47.6467636915464;7.4721864421677;GRAND EST;Disponible;Poste pas concernée par des contraintes locales de réseau;Poste pas concernée par des contraintes locales de réseau
SIGNE;SIGNES;43.2539537731264;5.80683759160371;PROVENCE-ALPES-CôTE D’AZUR;Disponible;Poste en zones de soutirage HTA;Poste en zones de soutirage HTA et HTB
S.GUI;SILLE-LE-GUILLAUME;48.1747167168185;-0.151858575638016;PAYS DE LA LOIRE;Disponible;Poste en zones de soutirage HTA;Poste en zones de soutirage HTA et HTB
SINAR;SINARD;44.9512383403318;5.66264464726435;AUVERGNE-RHôNE-ALPES;Disponible;Poste pas concernée par des contraintes locales de réseau;Poste pas concernée par des contraintes locales de réseau
SINCE;SINCENY;49.5968486476483;3.23087052957433;HAUTS-DE-FRANCE;Disponible;Poste pas concernée par des contraintes locales de réseau;Poste pas concernée par des contraintes locales de réseau
SIONI;SIONIAC;44.997175600615;1.79070765127849;NOUVELLE-AQUITAINE;Disponible;Poste en zones d'injection photovoltaïque HTA;Poste en zones d'injection photovoltaïque HTA et HTB
SIRMI;SIRMIERE;46.6338609676958;-1.41228741882113;PAYS DE LA LOIRE;Disponible;Poste en zones de soutirage HTA;Poste en zones de soutirage HTA et HTB
SISTE;SISTERON;44.2121426103865;5.92147484330282;PROVENCE-ALPES-CôTE D’AZUR;Disponible;Poste en zones d'injection photovoltaïque HTA;Poste en zones d'injection photovoltaïque HTA et HTB
S.FOU;SIX-FOURS;43.1134098112218;5.84546865675337;PROVENCE-ALPES-CôTE D’AZUR;Disponible;Poste en zones de soutirage HTA;Poste en zones de soutirage HTA et HTB
SOISS;SOISSONS;49.3949498705192;3.34728262288707;HAUTS-DE-FRANCE;Disponible;Poste pas concernée par des contraintes locales de réseau;Poste pas concernée par des contraintes locales de réseau
S.DAM;SOISSONS-NOTRE-DAME;49.3560316550054;3.32018818909848;HAUTS-DE-FRANCE;Disponible;Poste pas concernée par des contraintes locales de réseau;Poste pas concernée par des contraintes locales de réseau
SOLEI;SOLEIL (LE);45.4615409935707;4.40855427628546;AUVERGNE-RHôNE-ALPES;Disponible;Poste en zones de soutirage HTA;Poste en zones de soutirage HTA et HTB
SOLES;SOLESMES;50.1769049001177;3.49043981925289;HAUTS-DE-FRANCE;Disponible;Poste pas concernée par des contraintes locales de réseau;Poste pas concernée par des contraintes locales de réseau
SOLLI;SOLLIES;43.199241154918;6.02661275841244;PROVENCE-ALPES-CôTE D’AZUR;Disponible;Poste en zones de soutirage HTA;Poste en zones de soutirage HTA et HTB
SOLOM;SOLOMIAC;43.7915011926414;0.86466705388571;OCCITANIE;Disponible;Poste en zones d'injection photovoltaïque HTA;Poste en zones d'injection photovoltaïque HTA et HTB
SOMBU;SOMBUSSY;49.3641858185969;5.19325146229958;GRAND EST;Disponible;Poste pas concernée par des contraintes locales de réseau;Poste pas concernée par des contraintes locales de réseau
S.VES;SOMME-VESLE;48.9923905149572;4.61428773559432;GRAND EST;Disponible;Poste pas concernée par des contraintes locales de réseau;Poste pas concernée par des contraintes locales de réseau
SOMMI;SOMMIERES;43.78210151493;4.07815906996796;OCCITANIE;Disponible;Poste en zones de soutirage HTA;Poste en zones de soutirage HTA et HTB
SONNE;SONNETTES;48.7974084192045;2.54488064713043;ÎLE-DE-FRANCE;Disponible;Poste en zones de soutirage HTA;Poste en zones de soutirage HTA et HTB
SOQUE;SOQUENCE;49.4992351194695;0.177938556988105;NORMANDIE;Disponible;Poste pas concernée par des contraintes locales de réseau;Poste pas concernée par des contraintes locales de réseau
SORGU;SORGUES;44.0130153787988;4.88452978353204;PROVENCE-ALPES-CôTE D’AZUR;Disponible;Poste en zones de soutirage HTA;Poste en zones de soutirage HTA et HTB
SORIG;SORIGNY;47.2625988268015;0.727919536543373;CENTRE-VAL DE LOIRE;Disponible;Poste en zones de soutirage HTA;Poste en zones de soutirage HTA et HTB
SORIN;SORINIERES;47.1542896315761;-1.53276383061935;PAYS DE LA LOIRE;Disponible;Poste pas concernée par des contraintes locales de réseau;Poste pas concernée par des contraintes locales de réseau
SORNA;SORNAT;46.6218866678419;3.73836592416098;BOURGOGNE-FRANCHE-COMTé;Saturé;Poste pas concernée par des contraintes locales de réseau;Poste pas concernée par des contraintes locales de réseau
SORRU;SORRUS;50.4555499536561;1.72151075733438;HAUTS-DE-FRANCE;Disponible;Poste pas concernée par des contraintes locales de réseau;Poste pas concernée par des contraintes locales de réseau
SOSPE;SOSPEL;43.8823798093301;7.47808938633751;PROVENCE-ALPES-CôTE D’AZUR;Disponible;Poste pas concernée par des contraintes locales de réseau;Poste pas concernée par des contraintes locales de réseau
SOUIL;SOUILLAC;44.9029391084362;1.46497177020797;OCCITANIE;Disponible;Poste pas concernée par des contraintes locales de réseau;Poste en zones de soutirage HTB
SOUL6;SOULAC;45.5048048816715;-1.11390906490526;NOUVELLE-AQUITAINE;Disponible;Poste en zones de soutirage HTA;Poste en zones de soutirage HTA et HTB
SOULL;SOULLANS;46.7847842192274;-1.88727416218315;PAYS DE LA LOIRE;En construction (déduit selon data Capareseau);Poste pas concernée par des contraintes locales de réseau;Poste pas concernée par des contraintes locales de réseau
SOULO;SOULOM;42.9532038855559;-0.0694492052041994;OCCITANIE;Disponible;Poste pas concernée par des contraintes locales de réseau;Poste pas concernée par des contraintes locales de réseau
SOUR5;SOURCE;47.8458397489513;1.94303029533158;CENTRE-VAL DE LOIRE;Disponible;Poste en zones de soutirage HTA;Poste en zones de soutirage HTA et HTB
SOUST;SOUSTONS;43.7711046840785;-1.29547195385099;NOUVELLE-AQUITAINE;Disponible;Poste en zones de soutirage HTA;Poste en zones de soutirage HTA et HTB
SOYAU;SOYAUX;45.6309939063429;0.186778919260912;NOUVELLE-AQUITAINE;Disponible;Poste pas concernée par des contraintes locales de réseau;Poste pas concernée par des contraintes locales de réseau
SPORE;SPORENINSEL;48.5838987507314;7.74811629115057;GRAND EST;Disponible;Poste pas concernée par des contraintes locales de réseau;Poste pas concernée par des contraintes locales de réseau
SQUIV;SQUIVIDAN;48.017502620533;-4.05328536973497;BRETAGNE;Disponible;Poste pas concernée par des contraintes locales de réseau;Poste en zones de soutirage HTB
VOI.O;ST AUBIN;48.715768081557;5.42772817579606;GRAND EST;Disponible;Poste pas concernée par des contraintes locales de réseau;Poste pas concernée par des contraintes locales de réseau
SSPL5;ST AUBIN DU PLAIN;46.9192301478109;-0.461853102345116;NOUVELLE-AQUITAINE;Disponible;Poste pas concernée par des contraintes locales de réseau;Poste pas concernée par des contraintes locales de réseau
SSGCO;ST GERAUD DE CORPS;44.9395277335296;0.236820810351683;NOUVELLE-AQUITAINE;Disponible;Poste pas concernée par des contraintes locales de réseau;Poste en zones de soutirage HTB
SSPUY;ST GERMAIN DU PUY;47.1125000152098;2.49776623957086;CENTRE-VAL DE LOIRE;Disponible;Poste en zones d'injection photovoltaïque HTA;Poste en zones d'injection photovoltaïque HTA et HTB
SSVI5;ST JEAN LE VIEUX;43.177833505873;-1.2183564082577;NOUVELLE-AQUITAINE;Disponible;Poste en zones de soutirage HTA;Poste en zones de soutirage HTA et HTB
SSJOU;ST LAURENT DE JOURDES;46.4068891729097;0.551556727774442;NOUVELLE-AQUITAINE;Disponible;Poste pas concernée par des contraintes locales de réseau;Poste pas concernée par des contraintes locales de réseau
SSMEU;ST MICHEL SUR MEURTHE;48.3213157621619;6.89995434412822;GRAND EST;Disponible;Poste pas concernée par des contraintes locales de réseau;Poste pas concernée par des contraintes locales de réseau
SSRO5;ST PIERRE ROCHE;45.7258908802982;2.8109572193493;AUVERGNE-RHôNE-ALPES;Disponible;Poste en zones d'injection photovoltaïque HTA;Poste en zones d'injection photovoltaïque HTA et HTB
SSPRO;ST REMY DE PROVENCE;43.7952178991411;4.82015256300562;PROVENCE-ALPES-CôTE D’AZUR;Disponible;Poste pas concernée par des contraintes locales de réseau;Poste pas concernée par des contraintes locales de réseau
SSYRI;ST YRIEIX;45.5369890934689;1.21897882231642;NOUVELLE-AQUITAINE;Disponible;Poste pas concernée par des contraintes locales de réseau;Poste pas concernée par des contraintes locales de réseau
SSAG5;ST-AGATHON;48.5557064023745;-3.08045004434957;BRETAGNE;Disponible;Poste pas concernée par des contraintes locales de réseau;Poste pas concernée par des contraintes locales de réseau
SSALB;ST-ALBAN;43.6932527020642;1.4038143548723;OCCITANIE;Disponible;Poste en zones de soutirage HTA;Poste en zones de soutirage HTA et HTB
SSAM5;ST-AMAND;50.4338412165837;3.43542867306018;HAUTS-DE-FRANCE;Disponible;Poste en zones de soutirage HTA;Poste en zones de soutirage HTA et HTB
SSAMA;ST-AMAND;46.7177190476454;2.51011250508627;CENTRE-VAL DE LOIRE;Disponible;Poste en zones d'injection photovoltaïque HTA;Poste en zones d'injection photovoltaïque HTA
SSAMO;ST-AMOUR;45.7556231234518;4.85065862457566;AUVERGNE-RHôNE-ALPES;Disponible;Poste en zones de soutirage HTA;Poste en zones de soutirage HTA et HTB
SSCOR;ST-ANDRE-DE-CORCY;45.9236602156288;4.93991639668559;AUVERGNE-RHôNE-ALPES;Disponible;Poste pas concernée par des contraintes locales de réseau;Poste pas concernée par des contraintes locales de réseau
SSCUB;ST-ANDRE-DE-CUBZAC;45.0004456263381;-0.460894419778373;NOUVELLE-AQUITAINE;Disponible;Poste pas concernée par des contraintes locales de réseau;Poste pas concernée par des contraintes locales de réseau
SSEUR;ST-ANDRE-DE-L'EURE;48.9102408051529;1.25269453578468;NORMANDIE;Disponible;Poste en zones de soutirage HTA;Poste en zones de soutirage HTA et HTB
SSAN5;ST-ANTONIN;44.1608727359328;1.72348008224739;OCCITANIE;Disponible;Poste en zones de soutirage HTA;Poste en zones de soutirage HTA et HTB
SSAPO;ST-APOLLINAIRE;47.3239785997071;5.07997073338563;BOURGOGNE-FRANCHE-COMTé;Disponible;Poste en zones de soutirage HTA;Poste en zones de soutirage HTA et HTB
SSAUB;ST-AUBAN;44.0737604919019;6.00260290867723;PROVENCE-ALPES-CôTE D’AZUR;Disponible;Poste en zones d'injection photovoltaïque HTA;Poste en zones d'injection photovoltaïque HTA et HTB
SSAU5;ST-AUBIN;48.730413144377;2.1433526619322;ÎLE-DE-FRANCE;Disponible;Poste en zones de soutirage HTA;Poste en zones de soutirage HTA et HTB
SSAV7;ST-AVE;47.671481305603;-2.73457958497533;BRETAGNE;Disponible;Poste pas concernée par des contraintes locales de réseau;Poste pas concernée par des contraintes locales de réseau
SSAVE;ST-AVERTIN;47.3469669886393;0.728556401534636;CENTRE-VAL DE LOIRE;Disponible;Poste en zones de soutirage HTA;Poste en zones de soutirage HTA et HTB
SSAVO;ST-AVOLD;49.1383382474308;6.70372494212747;GRAND EST;Disponible;Poste pas concernée par des contraintes locales de réseau;Poste pas concernée par des contraintes locales de réseau
SSAVR;ST-AVRE;45.3463916001155;6.30849572026242;AUVERGNE-RHôNE-ALPES;Disponible;Poste pas concernée par des contraintes locales de réseau;Poste pas concernée par des contraintes locales de réseau
SSAV6;ST-AVRE (SNCF);45.3460075686287;6.30883457758283;AUVERGNE-RHôNE-ALPES;Disponible;Poste pas concernée par des contraintes locales de réseau;Poste pas concernée par des contraintes locales de réseau
SSBA5;ST-BARTHELEMY;47.4730700928954;-0.51477458131823;PAYS DE LA LOIRE;Disponible;Poste en zones de soutirage HTA;Poste en zones de soutirage HTA et HTB
SSBEN;ST-BENOIT;46.5450630753934;0.334904407962755;NOUVELLE-AQUITAINE;Disponible;Poste pas concernée par des contraintes locales de réseau;Poste pas concernée par des contraintes locales de réseau
SSBE5;ST-BERNARD;45.9510537492024;4.74886655258045;AUVERGNE-RHôNE-ALPES;Disponible;Poste en zones de soutirage HTA;Poste en zones de soutirage HTA et HTB
SSBER;ST-BERON;45.4897921549946;5.71663619812587;AUVERGNE-RHôNE-ALPES;Disponible;Poste pas concernée par des contraintes locales de réseau;Poste pas concernée par des contraintes locales de réseau
SSBLA;ST-BLAISE;48.4057039758921;7.16074144722938;GRAND EST;Disponible;Poste pas concernée par des contraintes locales de réseau;Poste pas concernée par des contraintes locales de réseau
SSBON;ST-BONNET-LE-CHATEAU;45.4292618728705;4.07154346080001;AUVERGNE-RHôNE-ALPES;Disponible;Poste en zones de soutirage HTA;Poste en zones de soutirage HTA et HTB
SSBRI;ST-BRIEUC;48.5227235198165;-2.75733700879719;BRETAGNE;Disponible;Poste pas concernée par des contraintes locales de réseau;Poste pas concernée par des contraintes locales de réseau
SSCAL;ST-CALAIS;47.9181921599977;0.729902272019801;PAYS DE LA LOIRE;Disponible;Poste en zones de soutirage HTA;Poste en zones de soutirage HTA et HTB
SSCAS;ST-CASSIEN;43.6017746824608;6.84132005987659;PROVENCE-ALPES-CôTE D’AZUR;Disponible;Poste pas concernée par des contraintes locales de réseau;Poste pas concernée par des contraintes locales de réseau
SSCER;ST-CERE;44.8537375415781;1.87469538541261;OCCITANIE;Disponible;Poste en zones d'injection photovoltaïque HTA;Poste en zones d'injection photovoltaïque HTA et HTB
SSCES;ST-CESAIRE;43.8120035853365;4.33618407737499;OCCITANIE;Disponible;Poste en zones de soutirage HTA;Poste en zones de soutirage HTA et HTB
SSCHA;ST-CHAMAS;43.5275148308952;5.0710872252299;PROVENCE-ALPES-CôTE D’AZUR;Disponible;Poste pas concernée par des contraintes locales de réseau;Poste en zones d'injection photovoltaïque HTB
SSCH6;ST-CHARLES;48.6689121695759;6.17791297402237;GRAND EST;Disponible;Poste en zones de soutirage HTA;Poste en zones de soutirage HTA et HTB
SSAPC;ST-CHELY-D;44.7949741577061;3.27865177640818;OCCITANIE;Disponible;Poste en zones d'injection photovoltaïque HTA;Poste en zones d'injection photovoltaïque HTA
SSCLA;ST-CLAIR;45.432917319676;4.76999656432991;AUVERGNE-RHôNE-ALPES;Disponible;Poste en zones de soutirage HTA;Poste en zones de soutirage HTA et HTB
SSCL5;ST-CLAUDE;46.3786066572504;5.83955069629851;BOURGOGNE-FRANCHE-COMTé;Disponible;Poste pas concernée par des contraintes locales de réseau;Poste pas concernée par des contraintes locales de réseau
SSCON;ST-CONTEST;49.2175654268864;-0.408115023270199;NORMANDIE;Disponible;Poste pas concernée par des contraintes locales de réseau;Poste pas concernée par des contraintes locales de réseau
SSCO6;ST-COULITZ;48.1754193386941;-4.06222609126311;BRETAGNE;Disponible;Poste en zones de soutirage HTA;Poste en zones de soutirage HTA et HTB
SSCRI;ST-CRICQ;43.1215810334009;-0.488566788715747;NOUVELLE-AQUITAINE;Disponible;Poste pas concernée par des contraintes locales de réseau;Poste pas concernée par des contraintes locales de réseau
SSCYP;ST-CYPRIEN;42.6333638207407;2.99967368879015;OCCITANIE;Disponible;Poste en zones de soutirage HTA;Poste en zones de soutirage HTA et HTB
SSVA6;ST-CYR-EN-VAL;47.7935859188238;1.92825955285585;CENTRE-VAL DE LOIRE;En construction (déduit selon data Capareseau);Poste pas concernée par des contraintes locales de réseau;Poste en zones de soutirage HTB
SSDAL;ST-DALMAS;44.0468627235785;7.58586236355826;PROVENCE-ALPES-CôTE D’AZUR;Disponible;Poste en zones de soutirage HTA;Poste en zones de soutirage HTA et HTB
SSCAT;ST-DENIS-CATUS;44.5621540183849;1.3860997941126;OCCITANIE;Disponible;Poste pas concernée par des contraintes locales de réseau;Poste pas concernée par des contraintes locales de réseau
SSDIE;ST-DIE;48.2739890649807;6.96632788804796;GRAND EST;Disponible;Poste pas concernée par des contraintes locales de réseau;Poste pas concernée par des contraintes locales de réseau
SSDIZ;ST-DIZIER;48.6449851740225;4.93552690301847;GRAND EST;Disponible;Poste pas concernée par des contraintes locales de réseau;Poste pas concernée par des contraintes locales de réseau
SSDOU;ST-DOULCHARD;47.1066320035073;2.38033163266291;CENTRE-VAL DE LOIRE;Disponible;Poste en zones d'injection photovoltaïque HTA;Poste en zones d'injection photovoltaïque HTA et HTB
SSCEC;STE CECILE LES VIGNES;44.2172413914252;4.88578401316664;PROVENCE-ALPES-CôTE D’AZUR;Disponible;Poste en zones de soutirage HTA;Poste en zones de soutirage HTA et HTB
SSALA;STE-ALAUZIE;44.301200176871;1.31542713435319;OCCITANIE;Disponible;Poste en zones de soutirage HTA;Poste en zones de soutirage HTA et HTB
SSPLA;STE-CROIX-EN-PLAINE;48.0143016662482;7.37807907652156;GRAND EST;Disponible;Poste en zones de soutirage HTA;Poste en zones de soutirage HTA et HTB
SSFOY;STE-FOY-LA-GRANDE;44.8409608199242;0.235925083696925;NOUVELLE-AQUITAINE;Disponible;Poste en zones de soutirage HTA;Poste en zones de soutirage HTA et HTB
SSEGR;ST-EGREVE;45.2337464837557;5.66466323958668;AUVERGNE-RHôNE-ALPES;Disponible;Poste en zones de soutirage HTA;Poste en zones de soutirage HTA et HTB
SSE.C;ST-EGREVE CENTRALE;45.2364687987762;5.660253781439;AUVERGNE-RHôNE-ALPES;Disponible;Poste pas concernée par des contraintes locales de réseau;Poste pas concernée par des contraintes locales de réseau
SSLAC;STE-HELENE-DU-LAC;45.4704689861764;6.04226811748251;AUVERGNE-RHôNE-ALPES;Disponible;Poste en zones de soutirage HTA;Poste en zones de soutirage HTA et HTB
SSJAM;STE-JAMME-SUR-SARTHE;48.1460882945981;0.166793077091453;PAYS DE LA LOIRE;Disponible;Poste pas concernée par des contraintes locales de réseau;Poste pas concernée par des contraintes locales de réseau
SSLIV;STE-LIVRADE;44.3946597719802;0.607628043389829;NOUVELLE-AQUITAINE;Saturé;Poste en zones d'injection photovoltaïque HTA;Poste en zones d'injection photovoltaïque HTA et HTB
SSELO;ST-ELOI;46.9910190213774;3.21209874018809;BOURGOGNE-FRANCHE-COMTé;En construction (déduit selon data Capareseau);Poste pas concernée par des contraintes locales de réseau;Poste pas concernée par des contraintes locales de réseau
SSMIN;STE-MARIE-AUX-MINES;48.2502378125492;7.19883888776621;GRAND EST;Disponible;Poste en zones de soutirage HTA;Poste en zones de soutirage HTA et HTB
SSMAX;STE-MAXENCE;49.3079415804681;2.59503466948214;HAUTS-DE-FRANCE;Disponible;Poste en zones de soutirage HTA;Poste en zones de soutirage HTA et HTB
SSMA7;STE-MAXIME;43.3225445686125;6.64582156899079;PROVENCE-ALPES-CôTE D’AZUR;Disponible;Poste pas concernée par des contraintes locales de réseau;Poste pas concernée par des contraintes locales de réseau
SSMEN;STE-MENEHOULD;49.0828240534818;4.89613285962127;GRAND EST;Disponible;Poste pas concernée par des contraintes locales de réseau;Poste pas concernée par des contraintes locales de réseau
STENA;STENAY;49.5096341514844;5.2003390472259;GRAND EST;Disponible;Poste en zones de soutirage HTA;Poste en zones de soutirage HTA et HTB
SSPAZ;STE-PAZANNE;47.1063798327117;-1.81047454674399;PAYS DE LA LOIRE;Disponible;Poste en zones d'injection photovoltaïque HTA;Poste en zones d'injection photovoltaïque HTA
SSSIG;STE-SIGOLENE;45.2333952055064;4.22512306667139;AUVERGNE-RHôNE-ALPES;Disponible;Poste pas concernée par des contraintes locales de réseau;Poste pas concernée par des contraintes locales de réseau
SSEST;ST-ESTEVE;43.6931643422692;5.38478122829078;PROVENCE-ALPES-CôTE D’AZUR;Disponible;Poste pas concernée par des contraintes locales de réseau;Poste en zones d'injection photovoltaïque HTB
SSCAN;ST-ETIENNE-CANTALES;44.9452161071326;2.21838113918093;AUVERGNE-RHôNE-ALPES;Disponible;Poste pas concernée par des contraintes locales de réseau;Poste pas concernée par des contraintes locales de réseau
SSTIN;ST-ETIENNE-DE-TINEE;44.236367378133;6.94940768369287;PROVENCE-ALPES-CôTE D’AZUR;Disponible;Poste pas concernée par des contraintes locales de réseau;Poste pas concernée par des contraintes locales de réseau
SSROU;ST-ETIENNE-DU-ROUVRAY;49.3684888822728;1.10479963126502;NORMANDIE;Disponible;Poste pas concernée par des contraintes locales de réseau;Poste en zones de soutirage HTB
SSTUL;STE-TULLE;43.7836915338147;5.77483213942944;PROVENCE-ALPES-CôTE D’AZUR;Disponible;Poste en zones d'injection photovoltaïque HTA;Poste en zones d'injection photovoltaïque HTA et HTB
SSEVR;ST-EVROULT (SNCF);48.5473551485692;2.11556638443235;ÎLE-DE-FRANCE;Disponible;Poste pas concernée par des contraintes locales de réseau;Poste pas concernée par des contraintes locales de réseau
SSFER;ST-FERJEUX;47.2342123239431;5.9831419809796;BOURGOGNE-FRANCHE-COMTé;Disponible;Poste en zones de soutirage HTA;Poste en zones de soutirage HTA et HTB
SSFIA;ST-FIACRE;48.5605977848044;-3.82172910545569;BRETAGNE;Disponible;Poste pas concernée par des contraintes locales de réseau;Poste pas concernée par des contraintes locales de réseau
SSFLO;ST-FLORENT;46.3067864096244;-0.474935213081018;NOUVELLE-AQUITAINE;Disponible;Poste pas concernée par des contraintes locales de réseau;Poste pas concernée par des contraintes locales de réseau
SSFL8;ST-FLOUR;45.0287868370871;3.09307777430251;AUVERGNE-RHôNE-ALPES;Disponible;Poste en zones d'injection photovoltaïque HTA;Poste en zones d'injection photovoltaïque HTA et HTB
SSCO5;ST-GENIES-DE-COMOLAS;44.0631795763248;4.73721334151025;OCCITANIE;Disponible;Poste pas concernée par des contraintes locales de réseau;Poste pas concernée par des contraintes locales de réseau
SSGEN;ST-GENIEZ;45.0712868592539;2.06717546954574;NOUVELLE-AQUITAINE;Disponible;Poste pas concernée par des contraintes locales de réseau;Poste pas concernée par des contraintes locales de réseau
SSPOU;ST-GENIS-POUILLY;46.2349448443887;6.02097341763184;AUVERGNE-RHôNE-ALPES;Disponible;Poste en zones de soutirage HTA;Poste en zones de soutirage HTA et HTB
SSGE6;ST-GEORGES;47.386891664065;-0.756371471493733;PAYS DE LA LOIRE;Disponible;Poste en zones de soutirage HTA;Poste en zones de soutirage HTA et HTB
SSGEO;ST-GEORGES;42.7886387850866;2.22111481576872;OCCITANIE;Disponible;Poste pas concernée par des contraintes locales de réseau;Poste pas concernée par des contraintes locales de réseau
SSGE5;ST-GEORGES (SNCF);46.0493803642944;4.71583461603677;AUVERGNE-RHôNE-ALPES;Disponible;Poste pas concernée par des contraintes locales de réseau;Poste pas concernée par des contraintes locales de réseau
SSGIL;ST-GILLES;46.6955777251156;-1.8900030573114;PAYS DE LA LOIRE;Disponible;Poste pas concernée par des contraintes locales de réseau;Poste pas concernée par des contraintes locales de réseau
SSGRA;ST-GRAVE;47.7272419750525;-2.28597707365495;BRETAGNE;Disponible;Poste pas concernée par des contraintes locales de réseau;Poste pas concernée par des contraintes locales de réseau
SSGUI;ST-GUILLERME;45.0308834571447;6.07862156739136;AUVERGNE-RHôNE-ALPES;Disponible;Poste en zones de soutirage HTA;Poste en zones de soutirage HTA et HTB
SSHER;ST-HERBOT;48.3312731640532;-3.80136292435213;BRETAGNE;Disponible;Poste pas concernée par des contraintes locales de réseau;Poste pas concernée par des contraintes locales de réseau
SSHIL;ST-HILAIRE;45.0766778826642;5.22487703109027;AUVERGNE-RHôNE-ALPES;Disponible;Poste pas concernée par des contraintes locales de réseau;Poste en zones d'injection photovoltaïque HTB
SSHON;ST-HONORE;46.9070016995105;3.85062327780274;BOURGOGNE-FRANCHE-COMTé;Disponible;Poste pas concernée par des contraintes locales de réseau;Poste pas concernée par des contraintes locales de réseau
SSJA5;ST-JACQUES;46.3534629260858;2.60732696816099;AUVERGNE-RHôNE-ALPES;Disponible;Poste en zones d'injection photovoltaïque HTA;Poste en zones d'injection photovoltaïque HTA et HTB
SSJEA;ST-JEAN;49.8623694987511;3.2886750850276;HAUTS-DE-FRANCE;Disponible;Poste pas concernée par des contraintes locales de réseau;Poste pas concernée par des contraintes locales de réseau
SSARD;ST-JEAN D ARDIERES;46.1197004015864;4.7296388932728;AUVERGNE-RHôNE-ALPES;Disponible;Poste en zones de soutirage HTA;Poste en zones de soutirage HTA et HTB
SSANG;ST-JEAN-D ANGELY;45.9282912157428;-0.527510240715492;NOUVELLE-AQUITAINE;Disponible;Poste pas concernée par des contraintes locales de réseau;Poste pas concernée par des contraintes locales de réseau
SSILL;ST-JEAN-D ILLAC;44.8140671110753;-0.857565675675638;NOUVELLE-AQUITAINE;Disponible;Poste en zones d'injection photovoltaïque HTA;Poste en zones d'injection photovoltaïque HTA
SSLUZ;ST-JEAN-DE-LUZ;43.3868557445343;-1.65678830896332;NOUVELLE-AQUITAINE;Disponible;Poste pas concernée par des contraintes locales de réseau;Poste pas concernée par des contraintes locales de réseau
SSMON;ST-JEAN-DE-MONTS;46.7940777015414;-2.05437061016278;PAYS DE LA LOIRE;Disponible;Poste pas concernée par des contraintes locales de réseau;Poste pas concernée par des contraintes locales de réseau
SSSIX;ST-JEAN-DE-SIXT;45.9146022841846;6.41869893886304;AUVERGNE-RHôNE-ALPES;Disponible;Poste pas concernée par des contraintes locales de réseau;Poste pas concernée par des contraintes locales de réseau
SSJOS;ST-JOSEPH;47.2497775739565;-1.52063502835916;PAYS DE LA LOIRE;Disponible;Poste en zones de soutirage HTA;Poste en zones de soutirage HTA et HTB
SSGE7;ST-JULIEN-EN-GENEVOIS;46.1292328159481;6.09089021319166;AUVERGNE-RHôNE-ALPES;Disponible;Poste en zones de soutirage HTA;Poste en zones de soutirage HTA et HTB
SSJUN;ST-JUNIEN;45.8772481607236;0.919771151270195;NOUVELLE-AQUITAINE;Disponible;Poste en zones d'injection photovoltaïque HTA;Poste en zones d'injection photovoltaïque HTA et HTB
SSJUS;ST-JUST-SUR-LOIRE;45.4917866623629;4.2621599467519;AUVERGNE-RHôNE-ALPES;Disponible;Poste en zones de soutirage HTA;Poste en zones de soutirage HTA et HTB
SSLAR;ST-LARY;42.8139389262805;0.316710837142231;OCCITANIE;Disponible;Poste en zones d'injection photovoltaïque HTA;Poste en zones d'injection photovoltaïque HTA et HTB
SSLAU;ST-LAURENT;48.1387376467079;-1.65121271901434;BRETAGNE;Disponible;Poste en zones de soutirage HTA;Poste en zones de soutirage HTA et HTB
SSNOB;ST-LEONARD-DE;45.8476044302143;1.48678566817224;NOUVELLE-AQUITAINE;Disponible;Poste en zones d'injection photovoltaïque HTA;Poste en zones d'injection photovoltaïque HTA
SSISL;ST-LEON-SUR-L ISLE;45.1216337381355;0.483987692665626;NOUVELLE-AQUITAINE;Disponible;Poste en zones de soutirage HTA;Poste en zones de soutirage HTA et HTB
SSMAI;ST-MAIXENT;46.4165686008519;-0.210074755912289;NOUVELLE-AQUITAINE;Disponible;Poste pas concernée par des contraintes locales de réseau;Poste pas concernée par des contraintes locales de réseau
SSMAL;ST-MALO;48.6495651070664;-1.99652880228518;BRETAGNE;Disponible;Poste en zones de soutirage HTA;Poste en zones de soutirage HTA et HTB
SSMAM;ST-MAMMES (SNCF);48.3845221717098;2.82189089654014;ÎLE-DE-FRANCE;Disponible;Poste pas concernée par des contraintes locales de réseau;Poste pas concernée par des contraintes locales de réseau
SSMCE;ST-MARCEL;46.6067363596504;1.49878530298705;CENTRE-VAL DE LOIRE;Saturé;Poste en zones d'injection photovoltaïque HTA;Poste en zones d'injection photovoltaïque HTA et HTB
SSMC5;ST-MARCELLIN;45.1459897180465;5.30829647824496;AUVERGNE-RHôNE-ALPES;Disponible;Poste en zones de soutirage HTA;Poste en zones de soutirage HTA et HTB
SSCRA;ST-MARTIN-DE-CRAU;43.6207937932417;4.80476847923502;PROVENCE-ALPES-CôTE D’AZUR;Disponible;Poste pas concernée par des contraintes locales de réseau;Poste pas concernée par des contraintes locales de réseau
SSLON;ST-MARTIN-DE-LONDRES;43.7811148711875;3.73877967589646;OCCITANIE;Disponible;Poste pas concernée par des contraintes locales de réseau;Poste en zones de soutirage HTB
SSCH5;ST-MARTIN-LA-CHAMBRE;45.3645951894701;6.32163061876225;AUVERGNE-RHôNE-ALPES;Disponible;Poste pas concernée par des contraintes locales de réseau;Poste pas concernée par des contraintes locales de réseau
SSVI6;ST-MARTIN-LE-VIEUX;45.7572920927606;1.13201547078872;NOUVELLE-AQUITAINE;Saturé;Poste pas concernée par des contraintes locales de réseau;Poste pas concernée par des contraintes locales de réseau
SSVES;ST-MARTIN-VESUBIE;44.0436751235847;7.2787375141766;PROVENCE-ALPES-CôTE D’AZUR;Disponible;Poste pas concernée par des contraintes locales de réseau;Poste pas concernée par des contraintes locales de réseau
SSMR;ST-MAUR;48.8116775945655;2.47686751295215;ÎLE-DE-FRANCE;Disponible;Poste en zones de soutirage HTA;Poste en zones de soutirage HTA et HTB
SSMRI;ST-MAURICE;44.7900901429784;6.07345221690604;PROVENCE-ALPES-CôTE D’AZUR;Disponible;Poste pas concernée par des contraintes locales de réseau;Poste pas concernée par des contraintes locales de réseau
SSMA8;ST-MAXIMIN;43.4660348236068;5.86634985162338;PROVENCE-ALPES-CôTE D’AZUR;Disponible;Poste en zones d'injection photovoltaïque HTA;Poste en zones d'injection photovoltaïque HTA
SSMAY;ST-MAYME;45.0294705027541;0.670788608819984;NOUVELLE-AQUITAINE;Disponible;Poste en zones de soutirage HTA;Poste en zones de soutirage HTA et HTB
SSMM5;ST-MICHEL-DE-MAURIENNE;45.2113124680753;6.48197520911016;AUVERGNE-RHôNE-ALPES;Disponible;Poste pas concernée par des contraintes locales de réseau;Poste pas concernée par des contraintes locales de réseau
SSMIH;ST-MIHIEL;48.9106915448654;5.50872895989295;GRAND EST;Disponible;Poste pas concernée par des contraintes locales de réseau;Poste pas concernée par des contraintes locales de réseau
SSNA6;ST-NAZAIRE;44.1901821641207;4.63095905275932;OCCITANIE;Disponible;Poste pas concernée par des contraintes locales de réseau;Poste pas concernée par des contraintes locales de réseau
SSNAZ;ST-NAZAIRE;47.2911027497992;-2.19824167405834;PAYS DE LA LOIRE;Disponible;Poste en zones de soutirage HTA;Poste en zones de soutirage HTA et HTB
SSNI6;ST-NICOLAS-DU-PELEM;48.3118758963575;-3.1341079505323;BRETAGNE;Disponible;Poste pas concernée par des contraintes locales de réseau;Poste pas concernée par des contraintes locales de réseau
SSOME;ST-OMER;50.7419600796555;2.2467071716943;HAUTS-DE-FRANCE;Disponible;Poste pas concernée par des contraintes locales de réseau;Poste pas concernée par des contraintes locales de réseau
SSOU5;ST-OUEN;48.9106849683635;2.32801116057039;ÎLE-DE-FRANCE;Disponible;Poste en zones de soutirage HTA;Poste en zones de soutirage HTA et HTB
SSPAR;ST-PARDOUX D;45.8686816258049;2.34136693830476;NOUVELLE-AQUITAINE;Disponible;Poste en zones d'injection photovoltaïque HTA;Poste en zones d'injection photovoltaïque HTA
SSVAU;ST-PARRES-LES-VAUDES;48.1749068484921;4.20433522185997;GRAND EST;Disponible;Poste pas concernée par des contraintes locales de réseau;Poste pas concernée par des contraintes locales de réseau
SSFEN;ST-PAUL-DE-FENOUILLET;42.8103859453118;2.51073104248551;OCCITANIE;Disponible;Poste en zones d'injection photovoltaïque HTA;Poste en zones d'injection photovoltaïque HTA et HTB
SSRET;ST-PERE-EN-RETZ;47.2044685486086;-2.05663307354473;PAYS DE LA LOIRE;Disponible;Poste pas concernée par des contraintes locales de réseau;Poste pas concernée par des contraintes locales de réseau
SSPEY;ST-PEY;44.8568724336087;-0.122681578476462;NOUVELLE-AQUITAINE;Disponible;Poste pas concernée par des contraintes locales de réseau;Poste pas concernée par des contraintes locales de réseau
SSBOU;ST-PHILBERT-DE-BOUAINE;47.0004448853003;-1.50612771980572;PAYS DE LA LOIRE;Disponible;Poste en zones de soutirage HTA;Poste en zones de soutirage HTA et HTB
SSPIE;ST-PIERRE;48.3915563350517;-4.53924112928585;BRETAGNE;Disponible;Poste pas concernée par des contraintes locales de réseau;Poste pas concernée par des contraintes locales de réseau
SSCOG;ST-PIERRE-COGNET;44.8720597620013;5.77237139245036;AUVERGNE-RHôNE-ALPES;Disponible;Poste pas concernée par des contraintes locales de réseau;Poste pas concernée par des contraintes locales de réseau
SSAL5;ST-PIERRE-D ALBIGNY;45.5499106440896;6.16067433283157;AUVERGNE-RHôNE-ALPES;Disponible;Poste en zones de soutirage HTA;Poste en zones de soutirage HTA et HTB
SSBAI;ST-PIERRE-DE-BAILLEUL;49.1273722393084;1.37137236454849;NORMANDIE;Disponible;Poste pas concernée par des contraintes locales de réseau;Poste en zones de soutirage HTB
SSCOU;ST-PIERRE-LA-COUR;48.1136792612601;-1.02366353119014;PAYS DE LA LOIRE;Disponible;Poste pas concernée par des contraintes locales de réseau;Poste en zones de soutirage HTB
SSMO6;ST-PIERRE-LE-MOUTIER;46.7985051981123;3.10993067339646;BOURGOGNE-FRANCHE-COMTé;Saturé;Poste en zones d'injection photovoltaïque HTA;Poste en zones d'injection photovoltaïque HTA
SSMO5;ST-PIERRE-MONTLIMART;47.2549937283615;-1.02379881999664;PAYS DE LA LOIRE;Disponible;Poste pas concernée par des contraintes locales de réseau;Poste pas concernée par des contraintes locales de réseau
SSPOL;ST-POL;50.3871891269099;2.35573443859355;HAUTS-DE-FRANCE;Disponible;Poste pas concernée par des contraintes locales de réseau;Poste pas concernée par des contraintes locales de réseau
SSLEO;ST-POL-DE-LEON;48.6617151550978;-4.01217133308174;BRETAGNE;Disponible;Poste pas concernée par des contraintes locales de réseau;Poste pas concernée par des contraintes locales de réseau
SSVIE;ST-PRIVAT-DES-VIEUX;44.1378230593575;4.13452763862516;OCCITANIE;Disponible;Poste en zones de soutirage HTA;Poste en zones de soutirage HTA et HTB
SSPRI;ST-PRIX;46.2411509564392;3.6347802054798;AUVERGNE-RHôNE-ALPES;Disponible;Poste pas concernée par des contraintes locales de réseau;Poste pas concernée par des contraintes locales de réseau
SSQUE;ST-QUENTIN-FALLAVIER;45.6406535045719;5.12718365387245;AUVERGNE-RHôNE-ALPES;Disponible;Poste en zones de soutirage HTA;Poste en zones de soutirage HTA et HTB
SSRAP;ST-RAPHAEL;43.4296677316305;6.80869379621551;PROVENCE-ALPES-CôTE D’AZUR;Disponible;Poste pas concernée par des contraintes locales de réseau;Poste pas concernée par des contraintes locales de réseau
STRAS;STRASBOURG;48.5245743265708;7.7986557636723;GRAND EST;Disponible;Poste pas concernée par des contraintes locales de réseau;Poste en zones de soutirage HTB
SSREN;ST-RENAN;48.4344912009059;-4.64036406494813;BRETAGNE;Disponible;Poste pas concernée par des contraintes locales de réseau;Poste pas concernée par des contraintes locales de réseau
SSROC;ST-ROCH;50.6711915032842;3.06955219178062;HAUTS-DE-FRANCE;Disponible;Poste pas concernée par des contraintes locales de réseau;Poste pas concernée par des contraintes locales de réseau
SSSAU;ST-SAUVES;45.6108294373564;2.68700051456323;AUVERGNE-RHôNE-ALPES;Disponible;Poste en zones d'injection photovoltaïque HTA;Poste en zones d'injection photovoltaïque HTA et HTB
SSSA5;ST-SAUVEUR;44.8163263350844;4.59766692278704;AUVERGNE-RHôNE-ALPES;Disponible;Poste en zones de soutirage HTA;Poste en zones de soutirage HTA et HTB
SSSA7;ST-SAUVEUR;44.6602214288991;3.30594262894851;OCCITANIE;Disponible;Poste pas concernée par des contraintes locales de réseau;Poste pas concernée par des contraintes locales de réseau
SSSAV;ST-SAVIOL;46.1444858626948;0.216932551037862;NOUVELLE-AQUITAINE;Disponible;Poste pas concernée par des contraintes locales de réseau;Poste pas concernée par des contraintes locales de réseau
SSSEP;ST-SEPULCRE;49.3726201892101;2.22233556251671;HAUTS-DE-FRANCE;Disponible;Poste pas concernée par des contraintes locales de réseau;Poste pas concernée par des contraintes locales de réseau
SSSE5;ST-SERVAN;48.6210299790622;-1.94585284366181;BRETAGNE;Disponible;Poste en zones de soutirage HTA;Poste en zones de soutirage HTA et HTB
SSSET;ST-SETIERS;45.6849669238839;2.13795633455249;NOUVELLE-AQUITAINE;Disponible;Poste en zones d'injection photovoltaïque HTA;Poste en zones d'injection photovoltaïque HTA et HTB
SSSEV;ST-SEVER;43.7638422116553;-0.525962978250266;NOUVELLE-AQUITAINE;Disponible;Poste pas concernée par des contraintes locales de réseau;Poste pas concernée par des contraintes locales de réseau
SSSUL;ST-SULPICE;43.7635675886796;1.64577578053178;OCCITANIE;Disponible;Poste pas concernée par des contraintes locales de réseau;Poste pas concernée par des contraintes locales de réseau
SSROY;ST-THOMAS-EN-ROYANS;45.0435109207003;5.29965446885911;AUVERGNE-RHôNE-ALPES;Disponible;Poste en zones d'injection photovoltaïque HTA;Poste en zones d'injection photovoltaïque HTA et HTB
SSTRO;ST-TROPEZ;43.2602180241167;6.5702857048306;PROVENCE-ALPES-CôTE D’AZUR;Disponible;Poste pas concernée par des contraintes locales de réseau;Poste pas concernée par des contraintes locales de réseau
SSVAL;ST-VALLIER;45.1978088515724;4.81590134329881;AUVERGNE-RHôNE-ALPES;Disponible;Poste pas concernée par des contraintes locales de réseau;Poste pas concernée par des contraintes locales de réseau
SSVER;ST-VERAN;43.9519227014222;4.8244700872579;PROVENCE-ALPES-CôTE D’AZUR;Disponible;Poste en zones de soutirage HTA;Poste en zones de soutirage HTA et HTB
SSVIC;ST-VICTOR;44.051281675479;2.80435957793647;OCCITANIE;Disponible;Poste en zones d'injection photovoltaïque HTA;Poste en zones d'injection photovoltaïque HTA et HTB
SSTYR;ST-VINCENT-DE-TYROSSE;43.6573327968682;-1.30582307635342;NOUVELLE-AQUITAINE;Disponible;Poste pas concernée par des contraintes locales de réseau;Poste pas concernée par des contraintes locales de réseau
SSVIT;ST-VIT;47.174252651067;5.79114365259291;BOURGOGNE-FRANCHE-COMTé;Disponible;Poste en zones de soutirage HTA;Poste en zones de soutirage HTA et HTB
SSVIV;ST-VIVIEN;45.4219523791647;-1.03397629020645;NOUVELLE-AQUITAINE;Disponible;Poste en zones de soutirage HTA;Poste en zones de soutirage HTA et HTB
SSV.E;ST-VULBAS-EST;45.7977576449699;5.26075144793073;AUVERGNE-RHôNE-ALPES;Disponible;Poste pas concernée par des contraintes locales de réseau;Poste en zones de soutirage HTB
SSXAN;ST-XANDRE;46.2087804024468;-1.16608572943391;NOUVELLE-AQUITAINE;Disponible;Poste en zones de soutirage HTA;Poste en zones de soutirage HTA et HTB
SSYOR;ST-YORRE;46.0753742991029;3.46494279010482;AUVERGNE-RHôNE-ALPES;Disponible;Poste pas concernée par des contraintes locales de réseau;Poste pas concernée par des contraintes locales de réseau
S.CRE;SUD CREUSE;45.9510197078136;1.89221554105437;NOUVELLE-AQUITAINE;Disponible;Poste pas concernée par des contraintes locales de réseau;Poste pas concernée par des contraintes locales de réseau
SUEVI;SUD EST VIENNE;46.3589073648267;0.797350046583054;NOUVELLE-AQUITAINE;En construction (déduit selon data Capareseau);Poste pas concernée par des contraintes locales de réseau;Poste pas concernée par des contraintes locales de réseau
S.GI5;SUD GIRONDE;44.3395519668274;-0.316146990024143;NOUVELLE-AQUITAINE;En construction (déduit selon data Capareseau);Poste pas concernée par des contraintes locales de réseau;Poste pas concernée par des contraintes locales de réseau
S.MA5;SUD MARMANDAIS;44.3628485112694;0.184506997883844;NOUVELLE-AQUITAINE;Saturé;Poste pas concernée par des contraintes locales de réseau;Poste pas concernée par des contraintes locales de réseau
SUDVI;SUD VIENNE;46.2067046858979;0.444166917361778;NOUVELLE-AQUITAINE;En construction (déduit selon data Capareseau);Poste pas concernée par des contraintes locales de réseau;Poste pas concernée par des contraintes locales de réseau
S.ALL;SUD-ALLIER;46.2998072156288;3.04956392772892;AUVERGNE-RHôNE-ALPES;Disponible;Poste pas concernée par des contraintes locales de réseau;Poste pas concernée par des contraintes locales de réseau
S.VAL;SUD-VALENSOLE;43.7529137912048;6.01842357386926;PROVENCE-ALPES-CôTE D’AZUR;Disponible;Poste pas concernée par des contraintes locales de réseau;Poste pas concernée par des contraintes locales de réseau
SUIPP;SUIPPES;49.1243070311087;4.5291768135466;GRAND EST;Disponible;Poste pas concernée par des contraintes locales de réseau;Poste pas concernée par des contraintes locales de réseau
SUIS5;SUISSE;48.9639929462221;6.56995495328093;GRAND EST;En construction (déduit selon data Capareseau);Poste pas concernée par des contraintes locales de réseau;Poste pas concernée par des contraintes locales de réseau
SUIVE;SUIVES;43.2957411548228;6.17607928925735;PROVENCE-ALPES-CôTE D’AZUR;Disponible;Poste pas concernée par des contraintes locales de réseau;Poste pas concernée par des contraintes locales de réseau
S.LOI;SULLY-SUR-LOIRE;47.7576671548045;2.35743526506961;CENTRE-VAL DE LOIRE;Disponible;Poste pas concernée par des contraintes locales de réseau;Poste pas concernée par des contraintes locales de réseau
S.BES;SUPER-BESSE;45.4966817163513;2.87464349397638;AUVERGNE-RHôNE-ALPES;Disponible;Poste en zones d'injection photovoltaïque HTA;Poste en zones d'injection photovoltaïque HTA et HTB
S.COM;SURY-LE-COMTAL;45.5400035029685;4.20098873021984;AUVERGNE-RHôNE-ALPES;Disponible;Poste en zones de soutirage HTA;Poste en zones de soutirage HTA et HTB
SYLVA;SYLVABELLE;43.2894803165019;5.37849923066176;PROVENCE-ALPES-CôTE D’AZUR;Disponible;Poste pas concernée par des contraintes locales de réseau;Poste pas concernée par des contraintes locales de réseau
TABAR;TABARDERIE;47.7463048157543;2.53568470861374;CENTRE-VAL DE LOIRE;Disponible;Poste pas concernée par des contraintes locales de réseau;Poste pas concernée par des contraintes locales de réseau
TADEN;TADEN;48.490516399994;-2.05751966416125;BRETAGNE;Disponible;Poste en zones de soutirage HTA;Poste en zones de soutirage HTA et HTB
TAILL;TAILLIS;48.7753822986377;3.29642361695073;ÎLE-DE-FRANCE;Disponible;Poste en zones de soutirage HTA;Poste en zones de soutirage HTA et HTB
TAIN;TAIN (E.D.F. ET S.N.C.F.);45.0506033070392;4.86576943966623;AUVERGNE-RHôNE-ALPES;Disponible;Poste en zones d'injection photovoltaïque HTA;Poste en zones d'injection photovoltaïque HTA et HTB
TALAM;TALAMET;44.9821604940758;1.95039726315231;NOUVELLE-AQUITAINE;Disponible;Poste pas concernée par des contraintes locales de réseau;Poste en zones d'injection photovoltaïque HTB
TALEN;TALENCE;44.8160149494847;-0.597674063272693;NOUVELLE-AQUITAINE;Disponible;Poste en zones de soutirage HTA;Poste en zones de soutirage HTA et HTB
TAMAR;TAMAREAU;43.6331241418452;3.71636597615085;OCCITANIE;Disponible;Poste pas concernée par des contraintes locales de réseau;Poste en zones de soutirage HTB
TANIN;TANINGES;46.107605563632;6.58542807344218;AUVERGNE-RHôNE-ALPES;Disponible;Poste en zones de soutirage HTA;Poste en zones de soutirage HTA et HTB
TANNE;TANNEURS;47.2199104802585;-1.55689910816985;PAYS DE LA LOIRE;Disponible;Poste en zones de soutirage HTA;Poste en zones de soutirage HTA et HTB
T.VER;TAPIS-VERT;48.6915611730055;6.19373369590493;GRAND EST;Disponible;Poste en zones de soutirage HTA;Poste en zones de soutirage HTA et HTB
TARAR;TARARE;45.8893395207295;4.44481452191553;AUVERGNE-RHôNE-ALPES;Disponible;Poste en zones de soutirage HTA;Poste en zones de soutirage HTA et HTB
TARAS;TARASCON;42.851429915883;1.59711106878491;OCCITANIE;Disponible;Poste pas concernée par des contraintes locales de réseau;Poste pas concernée par des contraintes locales de réseau
TARB5;TARBES;43.2400637496145;0.0618467545234999;OCCITANIE;Disponible;Poste pas concernée par des contraintes locales de réseau;Poste pas concernée par des contraintes locales de réseau
TARNO;TARNON;44.3424723769281;3.58200955780784;OCCITANIE;Disponible;Poste en zones d'injection photovoltaïque HTA;Poste en zones d'injection photovoltaïque HTA et HTB
TARTE;TARTERETS (SNCF);48.6216592096793;2.46763807700617;ÎLE-DE-FRANCE;Disponible;Poste pas concernée par des contraintes locales de réseau;Poste pas concernée par des contraintes locales de réseau
TASSE;TASSET;45.9088465907774;6.102159542018;AUVERGNE-RHôNE-ALPES;Disponible;Poste pas concernée par des contraintes locales de réseau;Poste pas concernée par des contraintes locales de réseau
TAULH;TAULHAC;45.0103784237194;3.88342513128318;AUVERGNE-RHôNE-ALPES;Disponible;Poste en zones de soutirage HTA;Poste en zones de soutirage HTA et HTB
TAUPI;TAUPINIERES (LES);48.6469049367481;3.96967146926058;GRAND EST;Disponible;Poste pas concernée par des contraintes locales de réseau;Poste pas concernée par des contraintes locales de réseau
TAUTA;TAUTAVEL;42.7963715727266;2.6952187560101;OCCITANIE;Disponible;Poste en zones d'injection photovoltaïque HTA;Poste en zones d'injection photovoltaïque HTA et HTB
TAVEL;TAVEL;44.0144330155394;4.64335673930641;OCCITANIE;En construction (déduit selon data Capareseau);Poste pas concernée par des contraintes locales de réseau;Poste pas concernée par des contraintes locales de réseau
TAVE2;Tavel 2;44.014726024764;4.64332702070174;OCCITANIE;Disponible;Poste pas concernée par des contraintes locales de réseau;Poste pas concernée par des contraintes locales de réseau
TECHN;TECHNOPOLE;49.1066682813189;6.22542076213221;GRAND EST;Disponible;Poste pas concernée par des contraintes locales de réseau;Poste pas concernée par des contraintes locales de réseau
TEMP5;TEMPLE;48.8722516314071;2.37434198432782;ÎLE-DE-FRANCE;Disponible;Poste en zones de soutirage HTA;Poste en zones de soutirage HTA et HTB
TENAY;TENAY;45.9246969170277;5.49928912120699;AUVERGNE-RHôNE-ALPES;Disponible;Poste en zones de soutirage HTA;Poste en zones de soutirage HTA et HTB
TENDR;TENDRECOURT;49.7346332615581;4.84105565971745;GRAND EST;Disponible;Poste pas concernée par des contraintes locales de réseau;Poste pas concernée par des contraintes locales de réseau
TERNE;TERNES;48.8763666193328;2.2936151018351;ÎLE-DE-FRANCE;Disponible;Poste en zones de soutirage HTA;Poste en zones de soutirage HTA et HTB
TERRA;TERRADOU;44.034688024975;5.04504713743583;PROVENCE-ALPES-CôTE D’AZUR;Disponible;Poste en zones de soutirage HTA;Poste en zones de soutirage HTA et HTB
TERRE;TERRENOIRE;45.4390090918943;4.45571240268317;AUVERGNE-RHôNE-ALPES;Disponible;Poste pas concernée par des contraintes locales de réseau;Poste pas concernée par des contraintes locales de réseau
T.FRO;TERRES-FROIDES;45.1950493106348;6.66862861265967;AUVERGNE-RHôNE-ALPES;Disponible;Poste pas concernée par des contraintes locales de réseau;Poste pas concernée par des contraintes locales de réseau
TERR6;TERRETTE;49.1610588186761;-1.18816592881647;NORMANDIE;Disponible;Poste pas concernée par des contraintes locales de réseau;Poste en zones de soutirage HTB
TERRI;TERRIER;49.2173634376722;2.25902798096982;HAUTS-DE-FRANCE;Disponible;Poste pas concernée par des contraintes locales de réseau;Poste en zones de soutirage HTB
TERR5;TERRIMBO;42.4576452431275;3.15625471195125;OCCITANIE;Disponible;Poste pas concernée par des contraintes locales de réseau;Poste pas concernée par des contraintes locales de réseau
TERTR;TERTRE;47.7575987085606;0.882769009869418;CENTRE-VAL DE LOIRE;Disponible;Poste en zones de soutirage HTA;Poste en zones de soutirage HTA et HTB
THAIM;THAIMS;45.6028761882376;-0.779381882779737;NOUVELLE-AQUITAINE;Disponible;Poste en zones de soutirage HTA;Poste en zones de soutirage HTA et HTB
THANN;THANN;47.804981917127;7.11604374618213;GRAND EST;Disponible;Poste en zones de soutirage HTA;Poste en zones de soutirage HTA et HTB
THEIX;THEIX;47.6622053345295;-2.68077466382673;BRETAGNE;Disponible;Poste en zones de soutirage HTA;Poste en zones de soutirage HTA et HTB
THERA;THERAIN;49.414631131881;2.11583821634518;HAUTS-DE-FRANCE;Disponible;Poste pas concernée par des contraintes locales de réseau;Poste pas concernée par des contraintes locales de réseau
THEVA;THEVALLES;48.0425698776089;-0.774904791314431;PAYS DE LA LOIRE;Disponible;Poste en zones de soutirage HTA;Poste en zones de soutirage HTA et HTB
THEZI;THEZIERS;43.895357193814;4.62547682846009;OCCITANIE;Disponible;Poste pas concernée par des contraintes locales de réseau;Poste pas concernée par des contraintes locales de réseau
THIBA;THIBAUDIERE (LA);46.6887911698815;-1.43507731951369;PAYS DE LA LOIRE;Disponible;Poste pas concernée par des contraintes locales de réseau;Poste pas concernée par des contraintes locales de réseau
THIE9;THIERACHE;49.8098852084383;3.66303078631321;HAUTS-DE-FRANCE;Disponible;Poste pas concernée par des contraintes locales de réseau;Poste pas concernée par des contraintes locales de réseau
THIE5;THIERS;45.8548926792532;3.5296943955858;AUVERGNE-RHôNE-ALPES;Disponible;Poste en zones de soutirage HTA;Poste en zones de soutirage HTA et HTB
THIER;THIERS;50.4051643812427;3.56398279443709;HAUTS-DE-FRANCE;Disponible;Poste pas concernée par des contraintes locales de réseau;Poste en zones de soutirage HTB
THIME;THIMERT;48.5721886340305;1.26052635459831;CENTRE-VAL DE LOIRE;Disponible;Poste pas concernée par des contraintes locales de réseau;Poste pas concernée par des contraintes locales de réseau
THIO5;THIONVILLE (EDF ET SNCF);48.3513758612876;2.03417455165015;ÎLE-DE-FRANCE;Disponible;Poste en zones de soutirage HTA;Poste en zones de soutirage HTA
THIOT;THIOT;48.7580627513201;-0.0430871003336918;NORMANDIE;Disponible;Poste en zones de soutirage HTA;Poste en zones de soutirage HTA et HTB
THIVI;THIVIERS;45.4099276862761;0.901464213370958;NOUVELLE-AQUITAINE;Saturé;Poste en zones d'injection photovoltaïque HTA;Poste en zones d'injection photovoltaïque HTA et en zone soutirage HTB
THONE;THONES;45.8847055989161;6.3198314636555;AUVERGNE-RHôNE-ALPES;Disponible;Poste pas concernée par des contraintes locales de réseau;Poste pas concernée par des contraintes locales de réseau
THONO;THONON;46.3546784209787;6.47526117149896;AUVERGNE-RHôNE-ALPES;Disponible;Poste en zones de soutirage HTA;Poste en zones de soutirage HTA et HTB
THORE;Thore;43.4979244770955;2.41340014852644;OCCITANIE;En construction (déduit selon data Capareseau);Poste pas concernée par des contraintes locales de réseau;Poste pas concernée par des contraintes locales de réseau
THORI;THORIGNE;47.6510180404492;-0.64108004607305;PAYS DE LA LOIRE;Disponible;Poste en zones de soutirage HTA;Poste en zones de soutirage HTA et HTB
THOUA;THOUARS;47.0000477909117;-0.202427169828417;NOUVELLE-AQUITAINE;Disponible;Poste en zones d'injection photovoltaïque HTA;Poste en zones d'injection photovoltaïque HTA et HTB
THOUR;THOUROTTE;49.4796818699501;2.89312794351029;HAUTS-DE-FRANCE;Disponible;Poste pas concernée par des contraintes locales de réseau;Poste pas concernée par des contraintes locales de réseau
TIGNI;TIGNIEU;45.7487380096323;5.18416655541415;AUVERGNE-RHôNE-ALPES;Disponible;Poste en zones de soutirage HTA;Poste en zones de soutirage HTA et HTB
TILL5;TILLEUL;49.0305156864793;0.968145700707812;NORMANDIE;Disponible;Poste en zones de soutirage HTA;Poste en zones de soutirage HTA et HTB
TILLI;TILLIERS;48.9464272829775;2.30666724413752;ÎLE-DE-FRANCE;Disponible;Poste en zones de soutirage HTA;Poste en zones de soutirage HTA et HTB
TINTE;TINTENIAC;48.3204087620369;-1.82647648801804;BRETAGNE;Disponible;Poste en zones de soutirage HTA;Poste en zones de soutirage HTA et HTB
TIVER;TIVERNON;48.1615380406715;1.92169512154369;CENTRE-VAL DE LOIRE;Disponible;Poste pas concernée par des contraintes locales de réseau;Poste pas concernée par des contraintes locales de réseau
TIZEE;TIZE;48.1267679781237;-1.60230362479686;BRETAGNE;Disponible;Poste en zones de soutirage HTA;Poste en zones de soutirage HTA et HTB
TOLBI;TOLBIAC;48.8268470932739;2.35559609569387;ÎLE-DE-FRANCE;Disponible;Poste en zones de soutirage HTA;Poste en zones de soutirage HTA et HTB
TOLLE;TOLLEVAST;49.5946827263483;-1.59959809004475;NORMANDIE;Disponible;Poste pas concernée par des contraintes locales de réseau;Poste en zones de soutirage HTB
TOLME;TOLMER;49.4897222407037;-1.68712758243177;NORMANDIE;Disponible;Poste en zones de soutirage HTA;Poste en zones de soutirage HTA et HTB
T.CHA;TONNAY-CHARENTE;45.9503054913185;-0.923120800893866;NOUVELLE-AQUITAINE;Disponible;Poste en zones de soutirage HTA;Poste en zones de soutirage HTA et HTB
TONNE;TONNERRE;47.85261823924;4.01038717384926;BOURGOGNE-FRANCHE-COMTé;Disponible;Poste en zones d'injection photovoltaïque HTA;Poste en zones d'injection photovoltaïque HTA et HTB
TOU.C;TOULOUSE-CENTRE;43.6094938622727;1.45217599290812;OCCITANIE;Disponible;Poste pas concernée par des contraintes locales de réseau;Poste pas concernée par des contraintes locales de réseau
TOUQU;TOUQUES;49.345822389831;0.0958091892331943;NORMANDIE;Disponible;Poste en zones de soutirage HTA;Poste en zones de soutirage HTA et HTB
TOURB;TOURBE;49.1074117600148;-0.264216141393534;NORMANDIE;En construction (déduit selon data Capareseau);Poste pas concernée par des contraintes locales de réseau;Poste en zones de soutirage HTB
T.LAS;TOUR-LASCARIS;43.7018939523332;7.24995522539507;PROVENCE-ALPES-CôTE D’AZUR;Disponible;Poste en zones de soutirage HTA;Poste en zones de soutirage HTA et HTB
TOURL;TOURLAVILLE;49.6309589112374;-1.58209848038863;NORMANDIE;Disponible;Poste en zones de soutirage HTA;Poste en zones de soutirage HTA et HTB
TOUR5;TOURNAN-EN-BRIE;48.7487023470357;2.7668098323422;ÎLE-DE-FRANCE;Disponible;Poste en zones de soutirage HTA;Poste en zones de soutirage HTA et HTB
TOUR9;TOURNOISIS;48.008713950741;1.63907250531017;CENTRE-VAL DE LOIRE;Disponible;Poste pas concernée par des contraintes locales de réseau;Poste pas concernée par des contraintes locales de réseau
TOURN;TOURNON (S.N.C.F.);45.045191993486;4.82903150478346;AUVERGNE-RHôNE-ALPES;Disponible;Poste pas concernée par des contraintes locales de réseau;Poste pas concernée par des contraintes locales de réseau
TOURR;TOURRETTES;43.6084478640283;6.71845798162084;PROVENCE-ALPES-CôTE D’AZUR;Disponible;Poste pas concernée par des contraintes locales de réseau;Poste pas concernée par des contraintes locales de réseau
TOURS;TOURS;47.3775923559915;0.674187852726216;CENTRE-VAL DE LOIRE;Disponible;Poste en zones de soutirage HTA;Poste en zones de soutirage HTA et HTB
TOURY;TOURY;48.1952638875579;1.95094781097855;CENTRE-VAL DE LOIRE;Disponible;Poste pas concernée par des contraintes locales de réseau;Poste pas concernée par des contraintes locales de réseau
TOUSS;TOUSSON;48.3575127163573;2.44498823517949;ÎLE-DE-FRANCE;Disponible;Poste pas concernée par des contraintes locales de réseau;Poste pas concernée par des contraintes locales de réseau
TOUVR;TOUVRE;45.6704985145204;0.243335803532297;NOUVELLE-AQUITAINE;Disponible;Poste pas concernée par des contraintes locales de réseau;Poste pas concernée par des contraintes locales de réseau
TRAIS;TRAISNEL;50.3455647536228;3.27485639881256;HAUTS-DE-FRANCE;Disponible;Poste pas concernée par des contraintes locales de réseau;Poste pas concernée par des contraintes locales de réseau
TRANS;TRANS;43.5102825352465;6.47461021088226;PROVENCE-ALPES-CôTE D’AZUR;Disponible;Poste pas concernée par des contraintes locales de réseau;Poste pas concernée par des contraintes locales de réseau
TREFF;TREFFORT;46.2711414450353;5.36208542905097;AUVERGNE-RHôNE-ALPES;Disponible;Poste pas concernée par des contraintes locales de réseau;Poste pas concernée par des contraintes locales de réseau
TREGU;TREGUEUX;48.4906490515102;-2.77115996118388;BRETAGNE;Disponible;Poste pas concernée par des contraintes locales de réseau;Poste pas concernée par des contraintes locales de réseau
TRELA;TRELAZE;47.4497237141552;-0.463239256403542;PAYS DE LA LOIRE;Disponible;Poste en zones de soutirage HTA;Poste en zones de soutirage HTA et HTB
TRESC;TRESCLEOUX;44.3451527369204;5.76098988894393;PROVENCE-ALPES-CôTE D’AZUR;Disponible;Poste en zones d'injection photovoltaïque HTA;Poste en zones d'injection photovoltaïque HTA et HTB
TRES5;TRESSE;48.4761280799426;-1.88551520566901;BRETAGNE;Disponible;Poste en zones de soutirage HTA;Poste en zones de soutirage HTA et HTB
TREVA;TREVAS;45.2446041249916;4.16473355748589;AUVERGNE-RHôNE-ALPES;Disponible;Poste pas concernée par des contraintes locales de réseau;Poste en zones de soutirage HTB
TREVI;TREVINS;46.3369382055282;-0.391878974014542;NOUVELLE-AQUITAINE;Disponible;Poste pas concernée par des contraintes locales de réseau;Poste pas concernée par des contraintes locales de réseau
TRI.P;TRICASTIN-POSTE(LE);44.3293536932239;4.71488683672519;AUVERGNE-RHôNE-ALPES;Disponible;Poste pas concernée par des contraintes locales de réseau;Poste pas concernée par des contraintes locales de réseau
T.CH5;TRIE-CHATEAU;49.2847654176679;1.82727576456002;HAUTS-DE-FRANCE;Disponible;Poste en zones de soutirage HTA;Poste en zones de soutirage HTA et HTB
TRIEY;TRIEY;47.3272541387661;5.36519681569451;BOURGOGNE-FRANCHE-COMTé;Disponible;Poste en zones de soutirage HTA;Poste en zones de soutirage HTA et HTB
TRIGN;TRIGNAC (SNCF);47.3167691596263;-2.17183500414965;PAYS DE LA LOIRE;Disponible;Poste pas concernée par des contraintes locales de réseau;Poste pas concernée par des contraintes locales de réseau
TRING;TRINGUE;50.5048869006143;1.62812904502049;HAUTS-DE-FRANCE;Disponible;Poste pas concernée par des contraintes locales de réseau;Poste pas concernée par des contraintes locales de réseau
T.VIC;TRINITE-VICTOR;43.747501162641;7.31918205534762;PROVENCE-ALPES-CôTE D’AZUR;Disponible;Poste en zones de soutirage HTA;Poste en zones de soutirage HTA et HTB
TRINQ;TRINQUETAILLE;43.6763747817564;4.60372778114296;PROVENCE-ALPES-CôTE D’AZUR;Disponible;Poste pas concernée par des contraintes locales de réseau;Poste pas concernée par des contraintes locales de réseau
T.DOM;TROISDOMAINES;48.9816557000779;5.25314100751861;GRAND EST;Disponible;Poste pas concernée par des contraintes locales de réseau;Poste pas concernée par des contraintes locales de réseau
T.BAR;TRONVILLE-EN-BARROIS;48.7098582295807;5.28410830886431;GRAND EST;Disponible;Poste pas concernée par des contraintes locales de réseau;Poste pas concernée par des contraintes locales de réseau
TROUI;TROUILLAS;42.6118024337212;2.82309087679343;OCCITANIE;Disponible;Poste pas concernée par des contraintes locales de réseau;Poste pas concernée par des contraintes locales de réseau
TROU2;Trouillas 2;42.6118024337212;2.82309087679343;OCCITANIE;Disponible;Poste pas concernée par des contraintes locales de réseau;Poste pas concernée par des contraintes locales de réseau
TRO.E;TROYES-EST;48.3059556782662;4.09495776366894;GRAND EST;Disponible;Poste pas concernée par des contraintes locales de réseau;Poste pas concernée par des contraintes locales de réseau
T.IND;TROYES-INDUSTRIE;48.3160203489017;4.04055421049657;GRAND EST;Disponible;Poste pas concernée par des contraintes locales de réseau;Poste pas concernée par des contraintes locales de réseau
TRUCH;TRUCHTERSHEIM;48.6527562820051;7.6041343192932;GRAND EST;Disponible;Poste pas concernée par des contraintes locales de réseau;Poste pas concernée par des contraintes locales de réseau
TUCQU;TUCQUEGNIEUX;49.3121112566927;5.90146073191007;GRAND EST;Disponible;Poste pas concernée par des contraintes locales de réseau;Poste pas concernée par des contraintes locales de réseau
TUILI;TUILIERES;44.8467881070704;0.63094646306802;NOUVELLE-AQUITAINE;Disponible;Poste en zones de soutirage HTA;Poste en zones de soutirage HTA et HTB
TULLE;TULLE;45.2538311493055;1.75596632115178;NOUVELLE-AQUITAINE;Saturé;Poste pas concernée par des contraintes locales de réseau;Poste pas concernée par des contraintes locales de réseau
TURGO;TURGOT;48.8807895759819;2.34551731616361;ÎLE-DE-FRANCE;Disponible;Poste en zones de soutirage HTA;Poste en zones de soutirage HTA et HTB
UNET;UNET;44.3524415622378;0.331433509304845;NOUVELLE-AQUITAINE;Saturé;Poste en zones d'injection photovoltaïque HTA;Poste en zones d'injection photovoltaïque HTA et en zone soutirage HTB
UNION;UNION;43.6635364694112;1.46487955993825;OCCITANIE;Disponible;Poste en zones de soutirage HTA;Poste en zones de soutirage HTA et HTB
URCUR;URCURAY;43.3648100950429;-1.36743616132056;NOUVELLE-AQUITAINE;Disponible;Poste en zones de soutirage HTA;Poste en zones de soutirage HTA et HTB
USSEL;USSEL;45.5643193851599;2.31259188526285;NOUVELLE-AQUITAINE;Disponible;Poste en zones d'injection photovoltaïque HTA;Poste en zones d'injection photovoltaïque HTA et HTB
USSON;USSON;42.7514145296822;2.08549700519642;OCCITANIE;Disponible;Poste pas concernée par des contraintes locales de réseau;Poste pas concernée par des contraintes locales de réseau
USPOI;USSON DU POITOU;46.2853860683559;0.529322591375665;NOUVELLE-AQUITAINE;En construction (déduit selon data Capareseau);Poste pas concernée par des contraintes locales de réseau;Poste pas concernée par des contraintes locales de réseau
UZEL;UZEL;48.2758229424411;-2.84872263588562;BRETAGNE;Disponible;Poste pas concernée par des contraintes locales de réseau;Poste pas concernée par des contraintes locales de réseau
UZES;UZES;44.0064366640177;4.4055259096316;OCCITANIE;Disponible;Poste pas concernée par des contraintes locales de réseau;Poste pas concernée par des contraintes locales de réseau
VAILL;VAILLY;47.4508317689153;2.64116432706999;CENTRE-VAL DE LOIRE;Disponible;Poste pas concernée par des contraintes locales de réseau;Poste pas concernée par des contraintes locales de réseau
VAISE;VAISE;45.7755984531372;4.80638244745488;AUVERGNE-RHôNE-ALPES;Disponible;Poste pas concernée par des contraintes locales de réseau;Poste pas concernée par des contraintes locales de réseau
VAISO;VAISON-LA-ROMAINE;44.2421879194559;5.08678547474909;PROVENCE-ALPES-CôTE D’AZUR;Disponible;Poste en zones de soutirage HTA;Poste en zones de soutirage HTA et HTB
V.ALR;Val d'Alrance;44.1319619903027;2.66812160507118;OCCITANIE;En construction (déduit selon data Capareseau);Poste pas concernée par des contraintes locales de réseau;Poste pas concernée par des contraintes locales de réseau
V.GAR;VAL DE GARONNE;44.4491421880573;0.333582858289952;NOUVELLE-AQUITAINE;Saturé;Poste pas concernée par des contraintes locales de réseau;Poste pas concernée par des contraintes locales de réseau
V.SEV;VAL DE SEVRE;46.7509581437046;-0.656347134613642;NOUVELLE-AQUITAINE;Disponible;Poste pas concernée par des contraintes locales de réseau;Poste pas concernée par des contraintes locales de réseau
V.THO;VAL THORENS;45.2987173991752;6.57082849384038;AUVERGNE-RHôNE-ALPES;Disponible;Poste en zones de soutirage HTA;Poste en zones de soutirage HTA et HTB
VALAB;VALABRES;44.1256012352913;7.09261572042714;PROVENCE-ALPES-CôTE D’AZUR;Disponible;Poste pas concernée par des contraintes locales de réseau;Poste en zones de soutirage HTB
VALBO;VALBONNE;43.616596809217;7.06759595533792;PROVENCE-ALPES-CôTE D’AZUR;Disponible;Poste en zones de soutirage HTA;Poste en zones de soutirage HTA et HTB
VALCA;VALCANVILLE;49.6495159819204;-1.34104084732955;NORMANDIE;Disponible;Poste en zones de soutirage HTA;Poste en zones de soutirage HTA et HTB
V.ISE;VAL-D ISERE;45.4535764030449;6.96921572109427;AUVERGNE-RHôNE-ALPES;Disponible;Poste pas concernée par des contraintes locales de réseau;Poste pas concernée par des contraintes locales de réseau
VALDA;VALDAHON;47.1443871547587;6.32446738105018;BOURGOGNE-FRANCHE-COMTé;Disponible;Poste pas concernée par des contraintes locales de réseau;Poste pas concernée par des contraintes locales de réseau
VALDE;VALDEROURE;43.787949083618;6.6461432033991;PROVENCE-ALPES-CôTE D’AZUR;Disponible;Poste en zones de soutirage HTA;Poste en zones de soutirage HTA et HTB
VALDI;VALDIVIENNE;46.4666954347701;0.649591325399582;NOUVELLE-AQUITAINE;En construction (déduit selon data Capareseau);Poste pas concernée par des contraintes locales de réseau;Poste en zones d'injection photovoltaïque HTB
VALE9;VALENCAY;47.14990874358;1.57671386569503;CENTRE-VAL DE LOIRE;Disponible;Poste en zones d'injection photovoltaïque HTA;Poste en zones d'injection photovoltaïque HTA et HTB
VALE8;VALENCE;44.917851961174;4.92696374359109;AUVERGNE-RHôNE-ALPES;Disponible;Poste en zones de soutirage HTA;Poste en zones de soutirage HTA et HTB
V.AGE;VALENCE D AGEN;44.1164875632326;0.882889437215839;OCCITANIE;Disponible;Poste pas concernée par des contraintes locales de réseau;Poste pas concernée par des contraintes locales de réseau
VALEN;VALENCIENNES;50.3754916226918;3.53820977796863;HAUTS-DE-FRANCE;Disponible;Poste pas concernée par des contraintes locales de réseau;Poste pas concernée par des contraintes locales de réseau
VALE6;VALENTIGNEY;47.4520309598341;6.83728258784192;BOURGOGNE-FRANCHE-COMTé;Disponible;Poste pas concernée par des contraintes locales de réseau;Poste pas concernée par des contraintes locales de réseau
VALE7;VALENTINE;43.097386784131;0.700595517256807;OCCITANIE;Disponible;Poste en zones d'injection photovoltaïque HTA;Poste en zones d'injection photovoltaïque HTA et HTB
VALES;VALESCOURT;49.4829211599035;2.45204245203148;HAUTS-DE-FRANCE;Disponible;Poste pas concernée par des contraintes locales de réseau;Poste pas concernée par des contraintes locales de réseau
VALE3;VALESCOURT 3;49.4476107495763;2.42749859711383;HAUTS-DE-FRANCE;Disponible;Poste pas concernée par des contraintes locales de réseau;Poste pas concernée par des contraintes locales de réseau
VALGR;VALGROS;43.2424992805643;2.12828140214586;OCCITANIE;Disponible;Poste en zones d'injection photovoltaïque HTA;Poste en zones d'injection photovoltaïque HTA et HTB
VALL6;VALLET;47.1782306972443;-1.25306164470803;PAYS DE LA LOIRE;Disponible;Poste pas concernée par des contraintes locales de réseau;Poste pas concernée par des contraintes locales de réseau
VALLI;VALLIERES;45.9019867741456;5.92056458891393;AUVERGNE-RHôNE-ALPES;Disponible;Poste pas concernée par des contraintes locales de réseau;Poste pas concernée par des contraintes locales de réseau
VALL7;VALLON;46.5367730231456;2.64506015447523;AUVERGNE-RHôNE-ALPES;Disponible;Poste en zones d'injection photovoltaïque HTA;Poste en zones d'injection photovoltaïque HTA et HTB
VALMY;VALMY;48.8299621557939;2.39584368125543;ÎLE-DE-FRANCE;Disponible;Poste pas concernée par des contraintes locales de réseau;Poste pas concernée par des contraintes locales de réseau
VALS;VALS;44.6508037113522;4.36727702473526;AUVERGNE-RHôNE-ALPES;Disponible;Poste pas concernée par des contraintes locales de réseau;Poste pas concernée par des contraintes locales de réseau
VANDI;VANDIERES;48.9508329584479;6.02259245875415;GRAND EST;Disponible;Poste pas concernée par des contraintes locales de réseau;Poste pas concernée par des contraintes locales de réseau
VANNE;VANNES;47.6674419410085;-2.74899438544178;BRETAGNE;Disponible;Poste en zones de soutirage HTA;Poste en zones de soutirage HTA et HTB
VANVE;VANVES;48.8128975813427;2.27917571925837;ÎLE-DE-FRANCE;Disponible;Poste en zones de soutirage HTA;Poste en zones de soutirage HTA et HTB
VARAN;VARANGEVILLE;48.6303650448278;6.33491599494677;GRAND EST;Disponible;Poste en zones de soutirage HTA;Poste en zones de soutirage HTA et HTB
VARE5;VARENNES;47.191640810284;1.59676559015581;CENTRE-VAL DE LOIRE;Disponible;Poste pas concernée par des contraintes locales de réseau;Poste en zones d'injection photovoltaïque HTB
V.ALL;VARENNES-SUR-ALLIER;46.30495429215;3.40919538289252;AUVERGNE-RHôNE-ALPES;Disponible;Poste en zones d'injection photovoltaïque HTA;Poste en zones d'injection photovoltaïque HTA et HTB
VARET;VARETS;49.4138560164899;0.256391924374581;NORMANDIE;Disponible;Poste en zones de soutirage HTA;Poste en zones de soutirage HTA et HTB
VARS;VARS;44.5855757076999;6.68637091631807;PROVENCE-ALPES-CôTE D’AZUR;Disponible;Poste en zones d'injection photovoltaïque HTA;Poste en zones d'injection photovoltaïque HTA et HTB
VASTO;VASTON;48.914383946156;-0.194627791645281;NORMANDIE;Disponible;Poste pas concernée par des contraintes locales de réseau;Poste pas concernée par des contraintes locales de réseau
VAUBA;VAUBAN;50.6311405579842;3.0380393434312;HAUTS-DE-FRANCE;Disponible;Poste en zones de soutirage HTA;Poste en zones de soutirage HTA et HTB
VAUDR;VAUDREUIL;49.2771180701558;1.19772308650033;NORMANDIE;Disponible;Poste en zones de soutirage HTA;Poste en zones de soutirage HTA et HTB
VAUGR;VAUGRIS;45.4876491662446;4.82474181061139;AUVERGNE-RHôNE-ALPES;Disponible;Poste pas concernée par des contraintes locales de réseau;Poste pas concernée par des contraintes locales de réseau
VAUVE;VAUVERT;43.7033995888523;4.26949006006727;OCCITANIE;Disponible;Poste en zones de soutirage HTA;Poste en zones de soutirage HTA et HTB
VAUVI;VAUVILLERS;49.8458879438168;2.68552179955714;HAUTS-DE-FRANCE;Disponible;Poste pas concernée par des contraintes locales de réseau;Poste pas concernée par des contraintes locales de réseau
VAUX;VAUX;45.6606840207213;-1.05935268626302;NOUVELLE-AQUITAINE;Disponible;Poste en zones de soutirage HTA;Poste en zones de soutirage HTA et HTB
VEAUC;VEAUCHE;45.5504508827455;4.30666596548124;AUVERGNE-RHôNE-ALPES;Disponible;Poste en zones de soutirage HTA;Poste en zones de soutirage HTA et HTB
VEDEN;VEDENE;43.958024338907;4.89934475507212;PROVENCE-ALPES-CôTE D’AZUR;Disponible;Poste en zones de soutirage HTA;Poste en zones de soutirage HTA et HTB
VENAR;VENAREY;47.5402578974708;4.4325203180563;BOURGOGNE-FRANCHE-COMTé;Disponible;Poste en zones d'injection photovoltaïque HTA;Poste en zones d'injection photovoltaïque HTA et HTB
VENCE;VENCE;43.7114444228428;7.10490021417937;PROVENCE-ALPES-CôTE D’AZUR;Disponible;Poste en zones de soutirage HTA;Poste en zones de soutirage HTA et HTB
VENDA;VENDARGUES;43.6549574649285;3.9604413140878;OCCITANIE;Disponible;Poste en zones de soutirage HTA;Poste en zones de soutirage HTA et HTB
VEND1;VENDEE 1;46.4995628810357;-1.13881599706968;PAYS DE LA LOIRE;Disponible;Poste pas concernée par des contraintes locales de réseau;Poste pas concernée par des contraintes locales de réseau
V.BAR;VENDEUVRE-SUR-BARSE;48.2356313561186;4.45071262374237;GRAND EST;Disponible;Poste pas concernée par des contraintes locales de réseau;Poste pas concernée par des contraintes locales de réseau
VENDI;VENDIN;50.4684934793805;2.86547119873566;HAUTS-DE-FRANCE;Disponible;Poste en zones de soutirage HTA;Poste en zones de soutirage HTA et HTB
VENDO;VENDOME;47.7914810567347;1.05584217630017;CENTRE-VAL DE LOIRE;Disponible;Poste en zones de soutirage HTA;Poste en zones de soutirage HTA et HTB
VENES;VENESMES;46.8582330693551;2.29357457716532;CENTRE-VAL DE LOIRE;Disponible;Poste en zones d'injection photovoltaïque HTA;Poste en zones d'injection photovoltaïque HTA et HTB
VENIS;VENISSIEUX;45.716224396972;4.90582261433089;AUVERGNE-RHôNE-ALPES;Disponible;Poste en zones de soutirage HTA;Poste en zones de soutirage HTA et HTB
VENTA;VENTAVON;44.3407837905926;5.9169855815516;PROVENCE-ALPES-CôTE D’AZUR;Disponible;Poste en zones d'injection photovoltaïque HTA;Poste en zones d'injection photovoltaïque HTA et HTB
VEN.P;VENTHON-POSTE;45.6932197373183;6.40341791309888;AUVERGNE-RHôNE-ALPES;Disponible;Poste pas concernée par des contraintes locales de réseau;Poste pas concernée par des contraintes locales de réseau
VERD5;VERDERY;44.7211841830909;-0.796437552415895;NOUVELLE-AQUITAINE;Disponible;Poste pas concernée par des contraintes locales de réseau;Poste pas concernée par des contraintes locales de réseau
VERDI;VERDIN;47.2286964085837;2.03193773011058;CENTRE-VAL DE LOIRE;Disponible;Poste en zones d'injection photovoltaïque HTA;Poste en zones d'injection photovoltaïque HTA et HTB
VERDU;VERDUN;49.14917294383;5.40121579915425;GRAND EST;Disponible;Poste pas concernée par des contraintes locales de réseau;Poste pas concernée par des contraintes locales de réseau
VERFE;VERFEIL;43.6296190116224;1.67245689958006;OCCITANIE;Disponible;Poste pas concernée par des contraintes locales de réseau;Poste pas concernée par des contraintes locales de réseau
VERIN;VERINNERIE(LA);48.8056963654588;1.94226121159675;ÎLE-DE-FRANCE;Disponible;Poste pas concernée par des contraintes locales de réseau;Poste pas concernée par des contraintes locales de réseau
VERLH;VERLHAGUET;43.9871709684161;1.31261482606782;OCCITANIE;En construction (déduit selon data Capareseau);Poste pas concernée par des contraintes locales de réseau;Poste en zones de soutirage HTB
VERN;VERN;48.060901243819;-1.61076858823138;BRETAGNE;Disponible;Poste en zones de soutirage HTA;Poste en zones de soutirage HTA et HTB
V.AVR;VERNEUIL-SUR-AVRE;48.7526800961988;0.925913814111658;NORMANDIE;Disponible;Poste pas concernée par des contraintes locales de réseau;Poste pas concernée par des contraintes locales de réseau
VERN9;VERNOSC;45.2369744606461;4.70142679776717;AUVERGNE-RHôNE-ALPES;Disponible;Poste en zones de soutirage HTA;Poste en zones de soutirage HTA et HTB
VERSA;VERSAILLES;48.7922919302383;2.14791652571521;ÎLE-DE-FRANCE;Disponible;Poste en zones de soutirage HTA;Poste en zones de soutirage HTA et HTB
VERTE;VERTEFEUILLE;50.6762396390022;3.03729340459082;HAUTS-DE-FRANCE;Disponible;Poste pas concernée par des contraintes locales de réseau;Poste pas concernée par des contraintes locales de réseau
V.VOI;VERTE-VOIE;50.7055813115199;1.59996485753161;HAUTS-DE-FRANCE;Disponible;Poste pas concernée par des contraintes locales de réseau;Poste pas concernée par des contraintes locales de réseau
VERTO;VERTOU;47.1829269600045;-1.48191850969904;PAYS DE LA LOIRE;Disponible;Poste pas concernée par des contraintes locales de réseau;Poste pas concernée par des contraintes locales de réseau
VERTU;VERTUS;48.9034668077729;4.01820851581547;GRAND EST;Disponible;Poste pas concernée par des contraintes locales de réseau;Poste pas concernée par des contraintes locales de réseau
VESAI;VESAIGNES;48.278699065447;5.43793373551756;GRAND EST;Disponible;Poste en zones d'injection photovoltaïque HTA;Poste en zones d'injection photovoltaïque HTA et HTB
VESLE;VESLE;49.2013295691139;4.24058078570812;GRAND EST;En construction (déduit selon data Capareseau);Poste pas concernée par des contraintes locales de réseau;Poste pas concernée par des contraintes locales de réseau
VESOU;VESOUL;47.621848294874;6.14480645593433;BOURGOGNE-FRANCHE-COMTé;Disponible;Poste en zones de soutirage HTA;Poste en zones de soutirage HTA et HTB
VESTR;VESTRIC;43.7456234634677;4.24746825298161;OCCITANIE;Disponible;Poste en zones de soutirage HTA;Poste en zones de soutirage HTA et HTB
VEXIN;VEXIN;49.1485629086776;1.90695222139532;ÎLE-DE-FRANCE;Disponible;Poste en zones de soutirage HTA;Poste en zones de soutirage HTA et HTB
VEYNE;VEYNES;44.5300076187204;5.80898294410678;PROVENCE-ALPES-CôTE D’AZUR;Disponible;Poste en zones d'injection photovoltaïque HTA;Poste en zones d'injection photovoltaïque HTA et HTB
VEZIL;VEZILLY;49.1671069848718;3.69390640916769;HAUTS-DE-FRANCE;En construction (déduit selon data Capareseau);Poste pas concernée par des contraintes locales de réseau;Poste pas concernée par des contraintes locales de réseau
VIAS;VIAS;43.3168185042937;3.42709662157688;OCCITANIE;Disponible;Poste pas concernée par des contraintes locales de réseau;Poste pas concernée par des contraintes locales de réseau
VIAUD;VIAUD;49.0494940936308;6.59216109006355;GRAND EST;Disponible;Poste pas concernée par des contraintes locales de réseau;Poste pas concernée par des contraintes locales de réseau
VIBRA;VIBRAYE;48.0674491256015;0.728188226549434;PAYS DE LA LOIRE;Disponible;Poste pas concernée par des contraintes locales de réseau;Poste pas concernée par des contraintes locales de réseau
V.BIG;VIC-EN-BIGORRE;43.3809496263012;0.0768278329014027;OCCITANIE;Disponible;Poste en zones de soutirage HTA;Poste en zones de soutirage HTA et HTB
V.FEZ;VIC-FEZENSAC;43.754631084865;0.31242716303206;OCCITANIE;Disponible;Poste en zones d'injection photovoltaïque HTA;Poste en zones d'injection photovoltaïque HTA et HTB
VICHY;VICHY;46.1342534513841;3.43431958123724;AUVERGNE-RHôNE-ALPES;Disponible;Poste pas concernée par des contraintes locales de réseau;Poste pas concernée par des contraintes locales de réseau
VICLA;VICLAIRE;45.6007162054948;6.86084240579814;AUVERGNE-RHôNE-ALPES;Disponible;Poste en zones de soutirage HTA;Poste en zones de soutirage HTA et HTB
VIDAU;VIDAUBAN;43.4329827393095;6.43327467164621;PROVENCE-ALPES-CôTE D’AZUR;Disponible;Poste pas concernée par des contraintes locales de réseau;Poste pas concernée par des contraintes locales de réseau
VIELM;VIELMOULIN;47.3244549945915;4.6866978537389;BOURGOGNE-FRANCHE-COMTé;Disponible;Poste en zones d'injection photovoltaïque HTA;Poste en zones d'injection photovoltaïque HTA et HTB
VIGAR;VIENNE ET GARTEMPE;46.3970462974891;0.537924090035661;NOUVELLE-AQUITAINE;Disponible;Poste pas concernée par des contraintes locales de réseau;Poste pas concernée par des contraintes locales de réseau
VIERZ;VIERZON;47.215315965182;2.09584470209003;CENTRE-VAL DE LOIRE;Disponible;Poste en zones d'injection photovoltaïque HTA;Poste en zones d'injection photovoltaïque HTA et HTB
V.CON;VIEUX-CONDE;50.4585577660377;3.57716699056778;HAUTS-DE-FRANCE;Disponible;Poste en zones de soutirage HTA;Poste en zones de soutirage HTA et HTB
V.POR;VIEUX-PORT;43.2896958598884;5.36930204669852;PROVENCE-ALPES-CôTE D’AZUR;Disponible;Poste en zones de soutirage HTA;Poste en zones de soutirage HTA et HTB
VIEVR;VIEVRE;49.2683682491384;0.639688566276362;NORMANDIE;Disponible;Poste en zones de soutirage HTA;Poste en zones de soutirage HTA et HTB
VNERE;VIGNERES;45.9163200626842;6.14820214752198;AUVERGNE-RHôNE-ALPES;Disponible;Poste en zones de soutirage HTA;Poste en zones de soutirage HTA et HTB
VNOL;VIGNOL;47.3436822505125;3.64882965546227;BOURGOGNE-FRANCHE-COMTé;En construction (déduit selon data Capareseau);Poste pas concernée par des contraintes locales de réseau;Poste en zones de soutirage HTB
VNOTA;VIGNOTAN;45.4498593804301;6.5825521292787;AUVERGNE-RHôNE-ALPES;Disponible;Poste en zones de soutirage HTA;Poste en zones de soutirage HTA et HTB
VIGUI;VIGUIER;43.2033636063559;2.31828461867961;OCCITANIE;Disponible;Poste pas concernée par des contraintes locales de réseau;Poste pas concernée par des contraintes locales de réseau
VIGY;VIGY;49.1977135464181;6.27718793482165;GRAND EST;Disponible;Poste pas concernée par des contraintes locales de réseau;Poste en zones de soutirage HTB
V.JUH;VILLAINES-LA-JUHEL;48.3390704530487;-0.280628351793561;PAYS DE LA LOIRE;Disponible;Poste pas concernée par des contraintes locales de réseau;Poste pas concernée par des contraintes locales de réseau
V.LAN;VILLARD-DE-LANS;45.083068426655;5.5534186273311;AUVERGNE-RHôNE-ALPES;Disponible;Poste en zones de soutirage HTA;Poste en zones de soutirage HTA et HTB
VLEDI;VILLEDIEU;48.8416569075746;-1.24325059979106;NORMANDIE;Disponible;Poste en zones de soutirage HTA;Poste en zones de soutirage HTA et HTB
VLEF5;VILLEFRANCHE;46.4100846395663;2.84939758393488;AUVERGNE-RHôNE-ALPES;Disponible;Poste en zones d'injection photovoltaïque HTA;Poste en zones d'injection photovoltaïque HTA et HTB
VLEFR;VILLEFRANCHE;45.9779519504176;4.72015794265959;AUVERGNE-RHôNE-ALPES;Disponible;Poste pas concernée par des contraintes locales de réseau;Poste en zones d'injection photovoltaïque HTB
V.CO5;VILLEFRANCHE-DE-CONFLENT;42.5833628595748;2.35998869319669;OCCITANIE;Disponible;Poste en zones d'injection photovoltaïque HTA;Poste en zones d'injection photovoltaïque HTA et HTB
V.ROU;VILLEFRANCHE-DE-ROUERGUE;44.3514060119459;2.0161723818709;OCCITANIE;Disponible;Poste en zones d'injection photovoltaïque HTA;Poste en zones d'injection photovoltaïque HTA et HTB
VLEGA;VILLEGATS;45.9908056322048;0.198229568091934;NOUVELLE-AQUITAINE;Disponible;Poste pas concernée par des contraintes locales de réseau;Poste pas concernée par des contraintes locales de réseau
VLEJU;VILLEJUST;48.677237082513;2.2307212954294;ÎLE-DE-FRANCE;Disponible;Poste pas concernée par des contraintes locales de réseau;Poste en zones de soutirage HTB
V.MAR;VILLE-LE-MARCLET;50.0258778938732;2.09147273298823;HAUTS-DE-FRANCE;Disponible;Poste pas concernée par des contraintes locales de réseau;Poste pas concernée par des contraintes locales de réseau
VLEMA;VILLEMANDEUR;47.993676706941;2.71647628013526;CENTRE-VAL DE LOIRE;Disponible;Poste en zones d'injection photovoltaïque HTA;Poste en zones d'injection photovoltaïque HTA et HTB
VLEME;VILLEMENT;46.9323463119778;1.96275642901432;CENTRE-VAL DE LOIRE;Disponible;Poste pas concernée par des contraintes locales de réseau;Poste pas concernée par des contraintes locales de réseau
VLEMU;VILLEMUR;43.8697394523382;1.49989726397735;OCCITANIE;Disponible;Poste en zones de soutirage HTA;Poste en zones de soutirage HTA et HTB
V.BLA;VILLENEUVE-DE-BLAYE;45.080501406776;-0.63386809794402;NOUVELLE-AQUITAINE;Disponible;Poste en zones de soutirage HTA;Poste en zones de soutirage HTA et HTB
V.GEO;VILLENEUVE-ST-GEORGES;48.7542977158507;2.44634640184843;ÎLE-DE-FRANCE;Disponible;Poste en zones de soutirage HTA;Poste en zones de soutirage HTA et HTB
V.LOT;VILLENEUVE-SUR-LOT;44.4023977683969;0.722819887855169;NOUVELLE-AQUITAINE;Saturé;Poste en zones d'injection photovoltaïque HTA;Poste en zones d'injection photovoltaïque HTA et HTB
VLENO;VILLENOY (SNCF);48.9376705456338;2.86274906602777;ÎLE-DE-FRANCE;Disponible;Poste pas concernée par des contraintes locales de réseau;Poste pas concernée par des contraintes locales de réseau
VLERA;VILLERAS;48.7462252367856;2.17912453770839;ÎLE-DE-FRANCE;Disponible;Poste pas concernée par des contraintes locales de réseau;Poste pas concernée par des contraintes locales de réseau
VLERB;VILLERBON;47.6488916194296;1.32910254630353;CENTRE-VAL DE LOIRE;Disponible;Poste pas concernée par des contraintes locales de réseau;Poste en zones de soutirage HTB
VLERE;VILLEREST;45.9858560047415;4.04991877882406;AUVERGNE-RHôNE-ALPES;Disponible;Poste pas concernée par des contraintes locales de réseau;Poste pas concernée par des contraintes locales de réseau
VLERS;VILLERS (SNCF);48.5708701214874;2.53273267375542;ÎLE-DE-FRANCE;Disponible;Poste pas concernée par des contraintes locales de réseau;Poste pas concernée par des contraintes locales de réseau
V.COT;VILLERS-COTTERET;49.2440163923501;3.08812536412333;HAUTS-DE-FRANCE;Disponible;Poste en zones de soutirage HTA;Poste en zones de soutirage HTA et HTB
V.SEP;VILLERS-SAINT-SEPULCRE;49.3581762963306;2.20258600479466;HAUTS-DE-FRANCE;Disponible;Poste pas concernée par des contraintes locales de réseau;Poste pas concernée par des contraintes locales de réseau
V.AUB;VILLETTE-SUR-AUBE;48.5351839639553;4.10044377223298;GRAND EST;Disponible;Poste pas concernée par des contraintes locales de réseau;Poste pas concernée par des contraintes locales de réseau
VLEVA;VILLEVAUDE;48.9041917186305;2.66166573740341;ÎLE-DE-FRANCE;Disponible;Poste en zones de soutirage HTA;Poste en zones de soutirage HTA et HTB
V.BEL;VILLIERS-LE-BEL;49.0110139143935;2.40783203814477;ÎLE-DE-FRANCE;Disponible;Poste en zones de soutirage HTA;Poste en zones de soutirage HTA et HTB
VIMOU;VIMOUTIERS;48.9392708824992;0.195620820854761;NORMANDIE;Disponible;Poste en zones de soutirage HTA;Poste en zones de soutirage HTA et HTB
VINAY;VINAY;45.207719458801;5.39606599558131;AUVERGNE-RHôNE-ALPES;Disponible;Poste en zones de soutirage HTA;Poste en zones de soutirage HTA et HTB
VINC5;VINCENNES;48.8488471697279;2.42471937053777;ÎLE-DE-FRANCE;Disponible;Poste en zones de soutirage HTA;Poste en zones de soutirage HTA et HTB
VINCE;VINCEY;48.3533943112562;6.3259121202611;GRAND EST;Disponible;Poste pas concernée par des contraintes locales de réseau;Poste pas concernée par des contraintes locales de réseau
VINEU;VINEUIL;47.5753247535747;1.37094933075719;CENTRE-VAL DE LOIRE;Disponible;Poste en zones de soutirage HTA;Poste en zones de soutirage HTA et HTB
VINGE;VINGEANNE;47.4841614629293;5.36387386427148;BOURGOGNE-FRANCHE-COMTé;Disponible;Poste en zones de soutirage HTA;Poste en zones de soutirage HTA et HTB
VINON;VINON;43.7251254645598;5.82656934847643;PROVENCE-ALPES-CôTE D’AZUR;Disponible;Poste en zones d'injection photovoltaïque HTA;Poste en zones d'injection photovoltaïque HTA et HTB
VINS;VINS;43.4356604261836;6.11227877380496;PROVENCE-ALPES-CôTE D’AZUR;En construction (déduit selon data Capareseau);Poste pas concernée par des contraintes locales de réseau;Poste en zones de soutirage HTB
VION;VION;47.8212925651607;-0.299268771789048;PAYS DE LA LOIRE;Disponible;Poste en zones de soutirage HTA;Poste en zones de soutirage HTA et HTB
VIRAD;VIRADEL;44.1376023748903;4.17765158091287;OCCITANIE;En construction (déduit selon data Capareseau);Poste pas concernée par des contraintes locales de réseau;Poste en zones de soutirage HTB
VIRE;VIRE;48.8528463567617;-0.861380584574084;NORMANDIE;Disponible;Poste pas concernée par des contraintes locales de réseau;Poste pas concernée par des contraintes locales de réseau
VIREU;VIREUX;50.0905027435792;4.71492729401483;GRAND EST;Disponible;Poste en zones de soutirage HTA;Poste en zones de soutirage HTA et HTB
VIRIA;VIRIAT;46.2151418980562;5.20650020722022;AUVERGNE-RHôNE-ALPES;Disponible;Poste en zones de soutirage HTA;Poste en zones de soutirage HTA et HTB
VITRE;VITRE;48.1282798966997;-1.23917395224994;BRETAGNE;Disponible;Poste en zones de soutirage HTA;Poste en zones de soutirage HTA et HTB
V.MAN;VITREY-SUR-MANCE;47.8120391449161;5.76608810729871;BOURGOGNE-FRANCHE-COMTé;Disponible;Poste pas concernée par des contraintes locales de réseau;Poste pas concernée par des contraintes locales de réseau
VITRO;VITROLLES;43.4444750362663;5.24293280764454;PROVENCE-ALPES-CôTE D’AZUR;Disponible;Poste en zones de soutirage HTA;Poste en zones de soutirage HTA et HTB
VIT.N;VITRY-NORD;48.8055020412476;2.40721770473008;ÎLE-DE-FRANCE;Disponible;Poste en zones de soutirage HTA;Poste en zones de soutirage HTA et HTB
VITTE;VITTEL;48.1896328426693;5.95038053419955;GRAND EST;Disponible;Poste pas concernée par des contraintes locales de réseau;Poste pas concernée par des contraintes locales de réseau
VIVI5;VIVIERS;44.4652892884029;4.68777729066131;AUVERGNE-RHôNE-ALPES;Disponible;Poste pas concernée par des contraintes locales de réseau;Poste pas concernée par des contraintes locales de réseau
VIZIL;VIZILLE;45.0787286664622;5.78043895506834;AUVERGNE-RHôNE-ALPES;Disponible;Poste pas concernée par des contraintes locales de réseau;Poste pas concernée par des contraintes locales de réseau
VOGEL;VOGELGRUN;48.0185842638577;7.57244628599427;GRAND EST;Disponible;Poste pas concernée par des contraintes locales de réseau;Poste pas concernée par des contraintes locales de réseau
VOID;VOID;48.7088905112997;5.61309625925315;GRAND EST;Disponible;Poste pas concernée par des contraintes locales de réseau;Poste pas concernée par des contraintes locales de réseau
V.MOY;VOIE MOYENNE;48.510263590649;3.88984514426029;GRAND EST;Disponible;Poste pas concernée par des contraintes locales de réseau;Poste pas concernée par des contraintes locales de réseau
V.ROM;VOIE ROMAINE;48.0014009149115;7.53773782398383;GRAND EST;Disponible;Poste pas concernée par des contraintes locales de réseau;Poste pas concernée par des contraintes locales de réseau
VOING;VOINGT;45.797435730168;2.53580438344963;AUVERGNE-RHôNE-ALPES;Disponible;Poste en zones d'injection photovoltaïque HTA;Poste en zones d'injection photovoltaïque HTA et HTB
VOIRO;VOIRON;45.37680238227;5.57048495938019;AUVERGNE-RHôNE-ALPES;Disponible;Poste en zones de soutirage HTA;Poste en zones de soutirage HTA et HTB
VOLVI;VOLVIC;45.8894510634798;3.06601424647288;AUVERGNE-RHôNE-ALPES;Disponible;Poste en zones d'injection photovoltaïque HTA;Poste en zones d'injection photovoltaïque HTA et HTB
VOLVO;VOLVON;45.5595802773388;4.32152818791076;AUVERGNE-RHôNE-ALPES;Disponible;Poste pas concernée par des contraintes locales de réseau;Poste en zones de soutirage HTB
VONNA;VONNAS;46.2271830905008;4.99549108042611;AUVERGNE-RHôNE-ALPES;Disponible;Poste pas concernée par des contraintes locales de réseau;Poste pas concernée par des contraintes locales de réseau
VOREP;VOREPPE;45.2933148055735;5.62782137818322;AUVERGNE-RHôNE-ALPES;Disponible;Poste en zones de soutirage HTA;Poste en zones de soutirage HTA et HTB
VOUGL;VOUGLANS;46.3934725020203;5.65497743192345;BOURGOGNE-FRANCHE-COMTé;Disponible;Poste pas concernée par des contraintes locales de réseau;Poste pas concernée par des contraintes locales de réseau
VOUGY;VOUGY;46.0663206692899;6.50733935731462;AUVERGNE-RHôNE-ALPES;Disponible;Poste en zones de soutirage HTA;Poste en zones de soutirage HTA et HTB
VOUJE;VOUJEAUCOURT;47.4860192444712;6.77004726357804;BOURGOGNE-FRANCHE-COMTé;Disponible;Poste pas concernée par des contraintes locales de réseau;Poste pas concernée par des contraintes locales de réseau
VOULZ;VOULZIE(LA);48.4153391577119;2.9439299977135;ÎLE-DE-FRANCE;Disponible;Poste pas concernée par des contraintes locales de réseau;Poste pas concernée par des contraintes locales de réseau
VOUZI;VOUZIERS;49.39481840701;4.67828991443949;GRAND EST;Disponible;Poste pas concernée par des contraintes locales de réseau;Poste pas concernée par des contraintes locales de réseau
VOVES;VOVES;48.2731183936884;1.63911348149544;CENTRE-VAL DE LOIRE;Disponible;Poste pas concernée par des contraintes locales de réseau;Poste pas concernée par des contraintes locales de réseau
WADON;WADONVILLE;49.0681304963918;5.69171785659738;GRAND EST;Disponible;Poste pas concernée par des contraintes locales de réseau;Poste pas concernée par des contraintes locales de réseau
WALDI;WALDIGHOFFEN;47.5526966130704;7.30848195893264;GRAND EST;Disponible;Poste pas concernée par des contraintes locales de réseau;Poste pas concernée par des contraintes locales de réseau
WANTZ;WANTZENAU;48.6523824193992;7.8018673092729;GRAND EST;Disponible;Poste pas concernée par des contraintes locales de réseau;Poste pas concernée par des contraintes locales de réseau
WARAN;WARANDE;50.9491815481334;2.16078361749928;HAUTS-DE-FRANCE;Disponible;Poste pas concernée par des contraintes locales de réseau;Poste pas concernée par des contraintes locales de réseau
WARHE;WARHEM;50.9512622840236;2.50538183738459;HAUTS-DE-FRANCE;Disponible;Poste pas concernée par des contraintes locales de réseau;Poste pas concernée par des contraintes locales de réseau
WASSE;WASSELONNE;48.6375116274236;7.45907406871541;GRAND EST;Disponible;Poste pas concernée par des contraintes locales de réseau;Poste pas concernée par des contraintes locales de réseau
WATTI;WATTIGNIES;50.5926969636593;3.06278175622865;HAUTS-DE-FRANCE;Disponible;Poste en zones de soutirage HTA;Poste en zones de soutirage HTA et HTB
WATTR;WATTRELOS;50.6999589786194;3.20790385987555;HAUTS-DE-FRANCE;Disponible;Poste en zones de soutirage HTA;Poste en zones de soutirage HTA et HTB
WEPPE;WEPPES;50.6441361999328;2.89400662906321;HAUTS-DE-FRANCE;Disponible;Poste pas concernée par des contraintes locales de réseau;Poste pas concernée par des contraintes locales de réseau
WOIPP;WOIPPY;49.1520318257863;6.17951653040466;GRAND EST;Disponible;Poste pas concernée par des contraintes locales de réseau;Poste pas concernée par des contraintes locales de réseau
XAINT;XAINTRIE;45.1766747867673;2.06739549068698;NOUVELLE-AQUITAINE;Disponible;Poste pas concernée par des contraintes locales de réseau;Poste pas concernée par des contraintes locales de réseau
YAINV;YAINVILLE;49.4604343693943;0.820751739149529;NORMANDIE;Disponible;Poste en zones de soutirage HTA;Poste en zones de soutirage HTA et HTB
YDES;YDES;45.353526156066;2.4465551882189;AUVERGNE-RHôNE-ALPES;Disponible;Poste en zones d'injection photovoltaïque HTA;Poste en zones d'injection photovoltaïque HTA et HTB
YENNE;YENNE;45.7088857564576;5.77817513451632;AUVERGNE-RHôNE-ALPES;Disponible;Poste pas concernée par des contraintes locales de réseau;Poste pas concernée par des contraintes locales de réseau
YON.E;YONNE EST;47.7341378563574;4.04985234226188;BOURGOGNE-FRANCHE-COMTé;En construction (déduit selon data Capareseau);Poste pas concernée par des contraintes locales de réseau;Poste pas concernée par des contraintes locales de réseau
YON.N;YONNE NORD;47.9932841548826;3.5094617609962;BOURGOGNE-FRANCHE-COMTé;Disponible;Poste pas concernée par des contraintes locales de réseau;Poste pas concernée par des contraintes locales de réseau
YQUEL;YQUELON;48.8405789722541;-1.54449421010443;NORMANDIE;Disponible;Poste en zones de soutirage HTA;Poste en zones de soutirage HTA et HTB
YSSIN;YSSINGEAUX;45.1184682678233;4.1258024694823;AUVERGNE-RHôNE-ALPES;Disponible;Poste pas concernée par des contraintes locales de réseau;Poste pas concernée par des contraintes locales de réseau
YVE.O;YVELINES OUEST;48.8038575447442;1.82850123237093;ÎLE-DE-FRANCE;Disponible;Poste pas concernée par des contraintes locales de réseau;Poste pas concernée par des contraintes locales de réseau
YVETO;YVETOT;49.6138059346004;0.739751231399037;NORMANDIE;Disponible;Poste en zones de soutirage HTA;Poste en zones de soutirage HTA et HTB
Y.EVE;YVRE L EVEQUE;48.0114323858762;0.307538274924144;PAYS DE LA LOIRE;Disponible;Poste pas concernée par des contraintes locales de réseau;Poste pas concernée par des contraintes locales de réseau
YZEUR;YZEURE;46.5706819060806;3.36278461559683;AUVERGNE-RHôNE-ALPES;Disponible;Poste en zones d'injection photovoltaïque HTA;Poste en zones d'injection photovoltaïque HTA et HTB
